gamePk,gameDate,season,seasonType,atBatNumber,inning,halfInning,pitcherId,pitcherName,batterId,batterName,pitchHand,batSide,pitchNumber,playId,pitchType,pitchCode,description,call,balls,strikes,outs,startSpeed,spinRate,plateX,plateZ,strikeZoneTop,strikeZoneBottom,onFirstId,onSecondId,onThirdId,event,rbi,awayScore,homeScore,isOut,away,home
823969,2026-03-31,2026,Regular Season,1,1,top,660271,Shohei Ohtani,680757,Steven Kwan,R,L,1,1fad8a69-46d2-3c59-816f-55decc83fe2b,Four-Seam Fastball,FF,Ball,Ball,1,0,0,96.0,2449.0,-1.043842894311202,3.067387744425153,3.023,1.525,,,,,,,,,Cleveland Guardians,Los Angeles Dodgers
823969,2026-03-31,2026,Regular Season,1,1,top,660271,Shohei Ohtani,680757,Steven Kwan,R,L,2,7083ce7b-5fbb-3b48-8e35-9b7660cc6b79,Four-Seam Fastball,FF,Ball,Ball,2,0,0,96.6,2470.0,0.6639496977735365,3.19969892592181,3.023,1.525,,,,,,,,,Cleveland Guardians,Los Angeles Dodgers
823969,2026-03-31,2026,Regular Season,1,1,top,660271,Shohei Ohtani,680757,Steven Kwan,R,L,3,5b75646d-9b75-3d5e-8876-629ddbe50fa6,Four-Seam Fastball,FF,"In play, out(s)","In play, out(s)",2,0,0,96.2,2454.0,0.001152216697250603,2.5830610722721246,3.023,1.525,,,,Flyout,0,0,0,true,Cleveland Guardians,Los Angeles Dodgers
823969,2026-03-31,2026,Regular Season,2,1,top,660271,Shohei Ohtani,800050,Chase DeLauter,R,L,1,cfea8b46-e2cf-3462-a983-4c629f4e7582,Four-Seam Fastball,FF,Ball,Ball,1,0,1,98.0,2482.0,1.1847291393912507,1.5689349805830162,3.339,1.685,,,,,,,,,Cleveland Guardians,Los Angeles Dodgers
823969,2026-03-31,2026,Regular Season,2,1,top,660271,Shohei Ohtani,800050,Chase DeLauter,R,L,2,66d147b1-514e-30a2-a70d-54af63bfd122,Curveball,CU,Called Strike,Called Strike,1,1,1,74.0,2644.0,-0.1579705041664537,2.5199827697182218,3.339,1.685,,,,,,,,,Cleveland Guardians,Los Angeles Dodgers
823969,2026-03-31,2026,Regular Season,2,1,top,660271,Shohei Ohtani,800050,Chase DeLauter,R,L,3,b051e11a-0786-315e-871a-eba70d5be4f8,Four-Seam Fastball,FF,Foul,Foul,1,2,1,97.6,2508.0,0.9042421274330213,2.8009554564586723,3.339,1.685,,,,,,,,,Cleveland Guardians,Los Angeles Dodgers
823969,2026-03-31,2026,Regular Season,2,1,top,660271,Shohei Ohtani,800050,Chase DeLauter,R,L,4,ab669f6f-43d3-34d7-8a6c-68bd9ef4858a,Four-Seam Fastball,FF,"In play, out(s)","In play, out(s)",1,2,1,99.2,2489.0,0.13698344586399896,2.1911514980728053,3.339,1.685,,,,Groundout,0,0,0,true,Cleveland Guardians,Los Angeles Dodgers
823969,2026-03-31,2026,Regular Season,3,1,top,660271,Shohei Ohtani,608070,José Ramírez,R,L,1,d78ae360-cb8f-3158-bb2a-e8f8e76c4a65,Four-Seam Fastball,FF,Called Strike,Called Strike,0,1,2,97.0,2344.0,-0.1872286409729513,1.992543742104739,3.035,1.532,,,,,,,,,Cleveland Guardians,Los Angeles Dodgers
823969,2026-03-31,2026,Regular Season,3,1,top,660271,Shohei Ohtani,608070,José Ramírez,R,L,2,4d2e93d3-c9b0-3817-b02c-d42bbd6d291d,Slider,SL,Swinging Strike,Swinging Strike,0,2,2,85.6,2523.0,-0.10255731441377938,1.7453462630139538,3.035,1.532,,,,,,,,,Cleveland Guardians,Los Angeles Dodgers
823969,2026-03-31,2026,Regular Season,3,1,top,660271,Shohei Ohtani,608070,José Ramírez,R,L,3,0c23d591-c309-38f7-8aae-a2b90008409d,Slider,SL,Foul,Foul,0,2,2,84.9,2742.0,-0.4582156625141147,2.7278836586341466,3.035,1.532,,,,,,,,,Cleveland Guardians,Los Angeles Dodgers
823969,2026-03-31,2026,Regular Season,3,1,top,660271,Shohei Ohtani,608070,José Ramírez,R,L,4,5aeb6fe2-4253-3847-ba25-bfbbdcbc37f6,Four-Seam Fastball,FF,Foul,Foul,0,2,2,97.6,2427.0,0.6593546068657086,2.2760794174242944,3.035,1.532,,,,,,,,,Cleveland Guardians,Los Angeles Dodgers
823969,2026-03-31,2026,Regular Season,3,1,top,660271,Shohei Ohtani,608070,José Ramírez,R,L,5,4ea7fcc6-77ca-3eb7-abc8-bdd0c9b3b090,Splitter,FS,Foul,Foul,0,2,2,89.3,1391.0,-0.4802087552122945,1.4288724570356066,3.035,1.532,,,,,,,,,Cleveland Guardians,Los Angeles Dodgers
823969,2026-03-31,2026,Regular Season,3,1,top,660271,Shohei Ohtani,608070,José Ramírez,R,L,6,1d2e4529-990c-3795-9cc5-ef1513bee8ea,Curveball,CU,Ball,Ball,1,2,2,78.7,2708.0,0.257013544660723,0.7012286908206841,3.035,1.532,,,,,,,,,Cleveland Guardians,Los Angeles Dodgers
823969,2026-03-31,2026,Regular Season,3,1,top,660271,Shohei Ohtani,608070,José Ramírez,R,L,7,28c96f88-4ce8-3c55-8f87-65118c86600b,Four-Seam Fastball,FF,Foul,Foul,1,2,2,96.8,2468.0,1.4696431222544595,2.6843795260524943,3.035,1.532,,,,,,,,,Cleveland Guardians,Los Angeles Dodgers
823969,2026-03-31,2026,Regular Season,3,1,top,660271,Shohei Ohtani,608070,José Ramírez,R,L,8,0b5dc881-5fa5-312a-997f-dcaf1ed41a39,Slider,SL,"In play, out(s)","In play, out(s)",1,2,2,86.5,2672.0,-0.30142586215208744,2.291328765791006,3.035,1.532,,,,Flyout,0,0,0,true,Cleveland Guardians,Los Angeles Dodgers
823969,2026-03-31,2026,Regular Season,8,2,top,660271,Shohei Ohtani,700932,Kyle Manzardo,R,L,1,d9eafb2d-d810-31b4-a339-e8ef06ca9312,Four-Seam Fastball,FF,Swinging Strike,Swinging Strike,0,1,0,97.2,2492.0,-0.652885640186402,3.2056012942555867,3.188,1.609,,,,,,,,,Cleveland Guardians,Los Angeles Dodgers
823969,2026-03-31,2026,Regular Season,8,2,top,660271,Shohei Ohtani,700932,Kyle Manzardo,R,L,2,fe98775c-6934-394d-8fc5-0704ef322826,Splitter,FS,Swinging Strike,Swinging Strike,0,2,0,87.7,1678.0,-0.5505168626074055,1.0351259831623532,3.188,1.609,,,,,,,,,Cleveland Guardians,Los Angeles Dodgers
823969,2026-03-31,2026,Regular Season,8,2,top,660271,Shohei Ohtani,700932,Kyle Manzardo,R,L,3,22310e9c-2248-3740-ae82-9245736a0392,Four-Seam Fastball,FF,"In play, out(s)","In play, out(s)",0,2,0,97.7,2670.0,0.5748058252502538,2.286868755917024,3.188,1.609,,,,Flyout,0,0,0,true,Cleveland Guardians,Los Angeles Dodgers
823969,2026-03-31,2026,Regular Season,9,2,top,660271,Shohei Ohtani,656555,Rhys Hoskins,R,R,1,a74afe72-c6c1-3d8a-9a40-b553500932a5,Four-Seam Fastball,FF,Called Strike,Called Strike,0,1,1,97.3,2599.0,0.4798114985758237,2.248781491006124,3.334,1.683,,,,,,,,,Cleveland Guardians,Los Angeles Dodgers
823969,2026-03-31,2026,Regular Season,9,2,top,660271,Shohei Ohtani,656555,Rhys Hoskins,R,R,2,c55b4b0a-a3b3-35b5-8521-b558be087c32,Sweeper,ST,Called Strike,Called Strike,0,2,1,85.9,2746.0,0.042953424106922315,1.875096826069555,3.334,1.683,,,,,,,,,Cleveland Guardians,Los Angeles Dodgers
823969,2026-03-31,2026,Regular Season,9,2,top,660271,Shohei Ohtani,656555,Rhys Hoskins,R,R,3,f9d9707b-39eb-3fbf-8f77-fd95a09c1a8d,Sweeper,ST,Ball,Ball,1,2,1,86.4,2756.0,2.034279774959612,1.2955566277900945,3.334,1.683,,,,,,,,,Cleveland Guardians,Los Angeles Dodgers
823969,2026-03-31,2026,Regular Season,9,2,top,660271,Shohei Ohtani,656555,Rhys Hoskins,R,R,4,2f61db04-84cd-3193-9b3b-a3e7cf1129d2,Sweeper,ST,Swinging Strike,Swinging Strike,1,3,1,86.8,2796.0,0.852052892648264,1.6419287180358577,3.334,1.683,,,,Strikeout,0,0,0,true,Cleveland Guardians,Los Angeles Dodgers
823969,2026-03-31,2026,Regular Season,10,2,top,660271,Shohei Ohtani,666310,Bo Naylor,R,L,1,7c83fdab-4f91-3461-971a-7bf011a5acd1,Four-Seam Fastball,FF,Called Strike,Called Strike,0,1,2,97.9,2535.0,-0.19932408266788187,1.8666530347060017,3.089,1.559,,,,,,,,,Cleveland Guardians,Los Angeles Dodgers
823969,2026-03-31,2026,Regular Season,10,2,top,660271,Shohei Ohtani,666310,Bo Naylor,R,L,2,d8aa94f0-154a-3a49-960d-34fc1777f140,Curveball,CU,Called Strike,Called Strike,0,2,2,76.2,2786.0,0.4894043881493212,1.7701316897603072,3.089,1.559,,,,,,,,,Cleveland Guardians,Los Angeles Dodgers
823969,2026-03-31,2026,Regular Season,10,2,top,660271,Shohei Ohtani,666310,Bo Naylor,R,L,3,460afa49-b1dc-3adc-8541-c553521b612a,Four-Seam Fastball,FF,Ball,Ball,1,2,2,97.8,2619.0,1.8983395126127054,2.9186476872991527,3.089,1.559,,,,,,,,,Cleveland Guardians,Los Angeles Dodgers
823969,2026-03-31,2026,Regular Season,10,2,top,660271,Shohei Ohtani,666310,Bo Naylor,R,L,4,11eb6dea-1d36-38cb-8e98-9fc30daefdf6,Splitter,FS,Swinging Strike (Blocked),Swinging Strike (Blocked),1,3,2,88.6,1508.0,-0.25647456913158473,0.15774993842449786,3.089,1.559,,,,Strikeout,0,0,0,true,Cleveland Guardians,Los Angeles Dodgers
823969,2026-03-31,2026,Regular Season,15,3,top,660271,Shohei Ohtani,677587,Brayan Rocchio,R,L,1,6b31c058-b1e9-3f4d-bac3-70e353cb2f3b,Curveball,CU,Called Strike,Called Strike,0,1,0,73.5,2644.0,-0.949747203130152,2.232329415263988,3.068,1.548,,,,,,,,,Cleveland Guardians,Los Angeles Dodgers
823969,2026-03-31,2026,Regular Season,15,3,top,660271,Shohei Ohtani,677587,Brayan Rocchio,R,L,2,756c9416-c6d5-3d38-8e5d-d2357a2ec3bf,Splitter,FS,Ball,Ball,1,1,0,87.6,1697.0,-1.487772768173105,2.7205523547756147,3.068,1.548,,,,,,,,,Cleveland Guardians,Los Angeles Dodgers
823969,2026-03-31,2026,Regular Season,15,3,top,660271,Shohei Ohtani,677587,Brayan Rocchio,R,L,3,f9786dd6-8dcb-3a37-a52e-800f15af186e,Four-Seam Fastball,FF,"In play, out(s)","In play, out(s)",1,1,0,96.6,2511.0,-0.7826113337395204,2.4984874687842016,3.068,1.548,,,,Groundout,0,0,0,true,Cleveland Guardians,Los Angeles Dodgers
823969,2026-03-31,2026,Regular Season,16,3,top,660271,Shohei Ohtani,672356,Gabriel Arias,R,R,1,d94bce7e-2913-3533-9721-35c04c3f389e,Sweeper,ST,Called Strike,Called Strike,0,1,1,83.6,2594.0,-0.26711007091393235,2.266259385669013,3.242,1.636,,,,,,,,,Cleveland Guardians,Los Angeles Dodgers
823969,2026-03-31,2026,Regular Season,16,3,top,660271,Shohei Ohtani,672356,Gabriel Arias,R,R,2,038d92d5-a77f-3d66-9b5b-4aac23015cd3,Sinker,SI,Ball,Ball,1,1,1,95.3,2196.0,1.3563086295595377,1.2784399895770493,3.242,1.636,,,,,,,,,Cleveland Guardians,Los Angeles Dodgers
823969,2026-03-31,2026,Regular Season,16,3,top,660271,Shohei Ohtani,672356,Gabriel Arias,R,R,3,1df8b43c-2dab-319e-a669-1a43ceae237b,Sweeper,ST,Ball,Ball,2,1,1,84.2,2683.0,1.036370395810639,1.4227487364981979,3.242,1.636,,,,,,,,,Cleveland Guardians,Los Angeles Dodgers
823969,2026-03-31,2026,Regular Season,16,3,top,660271,Shohei Ohtani,672356,Gabriel Arias,R,R,4,ef84e442-2da9-3fb7-a690-65e38612c053,Sweeper,ST,Ball,Ball,3,1,1,84.5,2660.0,0.21370887421052634,1.33354926561064,3.242,1.636,,,,,,,,,Cleveland Guardians,Los Angeles Dodgers
823969,2026-03-31,2026,Regular Season,16,3,top,660271,Shohei Ohtani,672356,Gabriel Arias,R,R,5,15a36819-3918-3089-b38e-194595c8ab58,Sinker,SI,Ball,Ball,4,1,1,94.6,2210.0,1.003565464863218,1.8715664522952942,3.242,1.636,,,,Walk,0,0,0,false,Cleveland Guardians,Los Angeles Dodgers
823969,2026-03-31,2026,Regular Season,17,3,top,660271,Shohei Ohtani,682657,Angel Martínez,R,L,1,4e29523c-ebd4-378d-aee7-b5080d3ff128,Four-Seam Fastball,FF,Foul,Foul,0,1,1,96.9,2514.0,0.7572642485953073,2.351772225738133,3.178,1.604,672356,,,,,,,,Cleveland Guardians,Los Angeles Dodgers
823969,2026-03-31,2026,Regular Season,17,3,top,660271,Shohei Ohtani,682657,Angel Martínez,R,L,2,9c1d1039-dc17-3431-9269-680fb6a51e08,Splitter,FS,"In play, out(s)","In play, out(s)",0,1,1,87.5,1514.0,-1.070996691456479,1.7001882431083162,3.178,1.604,672356,,,Lineout,0,0,0,true,Cleveland Guardians,Los Angeles Dodgers
823969,2026-03-31,2026,Regular Season,18,3,top,660271,Shohei Ohtani,680757,Steven Kwan,R,L,1,0ec3d08a-9bc5-314f-877a-80c55aeaca6d,Curveball,CU,Ball,Ball,1,0,2,74.7,2545.0,0.384559556511526,1.0459378944390278,3.023,1.525,672356,,,,,,,,Cleveland Guardians,Los Angeles Dodgers
823969,2026-03-31,2026,Regular Season,18,3,top,660271,Shohei Ohtani,680757,Steven Kwan,R,L,2,9827b225-08f4-3cc5-9780-9aa180177c7f,Splitter,FS,Ball,Ball,2,0,2,88.3,1652.0,-1.4485049041367948,2.727159601044457,3.023,1.525,672356,,,,,,,,Cleveland Guardians,Los Angeles Dodgers
823969,2026-03-31,2026,Regular Season,18,3,top,660271,Shohei Ohtani,680757,Steven Kwan,R,L,3,7e8a0f07-f0f0-3cf6-9777-03637bf88672,Curveball,CU,Called Strike,Called Strike,2,1,2,75.1,2590.0,0.59866570969769,2.284201609643161,3.023,1.525,672356,,,,,,,,Cleveland Guardians,Los Angeles Dodgers
823969,2026-03-31,2026,Regular Season,18,3,top,660271,Shohei Ohtani,680757,Steven Kwan,R,L,4,f410c69a-5121-3020-a592-b8325d759790,Four-Seam Fastball,FF,Ball,Ball,3,1,2,96.9,2566.0,0.9738576507601194,1.3791114744680075,3.023,1.525,672356,,,,,,,,Cleveland Guardians,Los Angeles Dodgers
823969,2026-03-31,2026,Regular Season,18,3,top,660271,Shohei Ohtani,680757,Steven Kwan,R,L,5,5730aeb9-ccc8-3afb-a658-4cbebf28f458,Curveball,CU,Called Strike,Called Strike,3,2,2,74.8,2566.0,-0.636708409411093,3.141866801001354,3.023,1.525,672356,,,,,,,,Cleveland Guardians,Los Angeles Dodgers
823969,2026-03-31,2026,Regular Season,18,3,top,660271,Shohei Ohtani,680757,Steven Kwan,R,L,6,b2244f28-bf7f-3ce1-a503-86b7ff679dc2,Four-Seam Fastball,FF,Ball,Ball,4,2,2,97.3,2503.0,-0.5450689633311246,3.4575424011474696,3.023,1.525,672356,,,Walk,0,0,0,false,Cleveland Guardians,Los Angeles Dodgers
823969,2026-03-31,2026,Regular Season,19,3,top,660271,Shohei Ohtani,692216,CJ Kayfus,R,L,1,42ad0901-af13-36fa-bfb6-a2a08f34862c,Curveball,CU,Foul,Foul,0,1,2,74.9,2590.0,-0.36826193301480337,1.8307653275025333,3.152,1.591,680757,672356,,,,,,,Cleveland Guardians,Los Angeles Dodgers
823969,2026-03-31,2026,Regular Season,19,3,top,660271,Shohei Ohtani,692216,CJ Kayfus,R,L,2,6a03d000-d939-39d5-b22b-4e65ea0171cd,Splitter,FS,Ball,Ball,1,1,2,87.7,1473.0,-1.206773019380227,2.9254190155268227,3.152,1.591,680757,672356,,,,,,,Cleveland Guardians,Los Angeles Dodgers
823969,2026-03-31,2026,Regular Season,19,3,top,660271,Shohei Ohtani,692216,CJ Kayfus,R,L,3,0e9953ae-7478-335e-8985-7a19d5cf5842,Four-Seam Fastball,FF,Called Strike,Called Strike,1,2,2,96.7,2495.0,0.40890426751001074,1.7730199349007343,3.152,1.591,680757,672356,,,,,,,Cleveland Guardians,Los Angeles Dodgers
823969,2026-03-31,2026,Regular Season,19,3,top,660271,Shohei Ohtani,692216,CJ Kayfus,R,L,4,7f09706b-2d62-3969-a1c4-a5eefe639ae6,Curveball,CU,Swinging Strike (Blocked),Swinging Strike (Blocked),1,3,2,82.0,2777.0,0.5735686519974245,-0.5051321562142065,3.152,1.591,680757,672356,,Strikeout,0,0,0,true,Cleveland Guardians,Los Angeles Dodgers
823969,2026-03-31,2026,Regular Season,24,4,top,660271,Shohei Ohtani,608070,José Ramírez,R,L,1,c9f3e821-5732-3c1a-a99d-3a465021f36e,Four-Seam Fastball,FF,Called Strike,Called Strike,0,1,0,96.4,2499.0,-0.21280468951818945,2.7225595441666597,3.035,1.532,,,,,,,,,Cleveland Guardians,Los Angeles Dodgers
823969,2026-03-31,2026,Regular Season,24,4,top,660271,Shohei Ohtani,608070,José Ramírez,R,L,2,eeb4c26e-8244-32bd-ae8e-a26bbd2394df,Four-Seam Fastball,FF,"In play, out(s)","In play, out(s)",0,1,0,98.8,2533.0,0.5675200691107631,2.396683485150691,3.035,1.532,,,,Groundout,0,0,0,true,Cleveland Guardians,Los Angeles Dodgers
823969,2026-03-31,2026,Regular Season,25,4,top,660271,Shohei Ohtani,700932,Kyle Manzardo,R,L,1,bc4bb4c7-8a0c-3138-8b3e-5553842a1c43,Curveball,CU,Ball,Ball,1,0,1,72.4,2615.0,0.4604334820992333,1.1284306529973906,3.188,1.609,,,,,,,,,Cleveland Guardians,Los Angeles Dodgers
823969,2026-03-31,2026,Regular Season,25,4,top,660271,Shohei Ohtani,700932,Kyle Manzardo,R,L,2,97c78a35-1a56-30c2-a51e-9bd54c3fc2ae,Curveball,CU,Called Strike,Called Strike,1,1,1,73.4,2647.0,0.3317321717633179,1.68733702406176,3.188,1.609,,,,,,,,,Cleveland Guardians,Los Angeles Dodgers
823969,2026-03-31,2026,Regular Season,25,4,top,660271,Shohei Ohtani,700932,Kyle Manzardo,R,L,3,ca575759-5606-316e-83ec-b49eae6aea3c,Curveball,CU,Called Strike,Called Strike,1,2,1,73.7,2601.0,0.43458095670124713,2.2414974214416032,3.188,1.609,,,,,,,,,Cleveland Guardians,Los Angeles Dodgers
823969,2026-03-31,2026,Regular Season,25,4,top,660271,Shohei Ohtani,700932,Kyle Manzardo,R,L,4,f49400a0-30e5-30eb-8c20-cc8850e763b7,Curveball,CU,Ball,Ball,2,2,1,80.8,2865.0,0.44122218991928,0.4999786827213563,3.188,1.609,,,,,,,,,Cleveland Guardians,Los Angeles Dodgers
823969,2026-03-31,2026,Regular Season,25,4,top,660271,Shohei Ohtani,700932,Kyle Manzardo,R,L,5,1600102a-3e83-3249-8338-ca66f073a1b3,Curveball,CU,"In play, out(s)","In play, out(s)",2,2,1,76.7,2688.0,0.7916517021243868,2.4172694536957122,3.188,1.609,,,,Pop Out,0,0,0,true,Cleveland Guardians,Los Angeles Dodgers
823969,2026-03-31,2026,Regular Season,26,4,top,660271,Shohei Ohtani,656555,Rhys Hoskins,R,R,1,26962eb7-620b-32c8-a765-72f566aee793,Sweeper,ST,Called Strike,Called Strike,0,1,2,84.0,2727.0,0.7014476755049015,2.5986279004011426,3.334,1.683,,,,,,,,,Cleveland Guardians,Los Angeles Dodgers
823969,2026-03-31,2026,Regular Season,26,4,top,660271,Shohei Ohtani,656555,Rhys Hoskins,R,R,2,27f10e5f-3337-3ff3-9833-b622081ed55d,Sinker,SI,Ball,Ball,1,1,2,97.4,2304.0,1.1516988942158157,1.3100678289628693,3.334,1.683,,,,,,,,,Cleveland Guardians,Los Angeles Dodgers
823969,2026-03-31,2026,Regular Season,26,4,top,660271,Shohei Ohtani,656555,Rhys Hoskins,R,R,3,e80903e0-dcf8-328f-8358-90b297f0977b,Sweeper,ST,"In play, no out","In play, no out",1,1,2,84.0,2773.0,0.6278950263530824,2.020567548165938,3.334,1.683,,,,Double,0,0,0,false,Cleveland Guardians,Los Angeles Dodgers
823969,2026-03-31,2026,Regular Season,27,4,top,660271,Shohei Ohtani,666310,Bo Naylor,R,L,1,3b8b275d-4cf3-3025-b1ab-df6ed9205777,Splitter,FS,Swinging Strike,Swinging Strike,0,1,2,86.2,1630.0,-0.6416714747348136,2.3081659380320283,3.089,1.559,,656555,,,,,,,Cleveland Guardians,Los Angeles Dodgers
823969,2026-03-31,2026,Regular Season,27,4,top,660271,Shohei Ohtani,666310,Bo Naylor,R,L,2,d835ced4-a2d3-3886-b24f-1ec979eef986,Four-Seam Fastball,FF,Ball,Ball,1,1,2,97.6,2455.0,0.9782754832681588,1.1441713663030877,3.089,1.559,,656555,,,,,,,Cleveland Guardians,Los Angeles Dodgers
823969,2026-03-31,2026,Regular Season,27,4,top,660271,Shohei Ohtani,666310,Bo Naylor,R,L,3,28aa99ce-f552-32dc-ba74-da01bf8c781a,Splitter,FS,Ball In Dirt,Ball In Dirt,2,1,2,88.5,1549.0,0.03423054748455584,0.6432947917941426,3.089,1.559,,656555,,,,,,,Cleveland Guardians,Los Angeles Dodgers
823969,2026-03-31,2026,Regular Season,27,4,top,660271,Shohei Ohtani,666310,Bo Naylor,R,L,4,b76435be-0234-3f43-8051-ec39ae3f84ea,Splitter,FS,"In play, out(s)","In play, out(s)",2,1,2,85.9,1559.0,-0.8267164172576442,2.620663056812948,3.089,1.559,,656555,,Flyout,0,0,0,true,Cleveland Guardians,Los Angeles Dodgers
823969,2026-03-31,2026,Regular Season,34,5,top,660271,Shohei Ohtani,677587,Brayan Rocchio,R,L,1,84b44dd9-d5b3-347d-8bdb-ebdaf39285bf,Four-Seam Fastball,FF,Ball,Ball,1,0,0,96.7,2314.0,-1.525945578749702,3.2829962098576804,3.068,1.548,,,,,,,,,Cleveland Guardians,Los Angeles Dodgers
823969,2026-03-31,2026,Regular Season,34,5,top,660271,Shohei Ohtani,677587,Brayan Rocchio,R,L,2,7a7a44b5-c4ac-396f-af21-277cfc0dd5c0,Four-Seam Fastball,FF,Ball,Ball,2,0,0,96.7,2355.0,0.339165317953718,0.8768356817901751,3.068,1.548,,,,,,,,,Cleveland Guardians,Los Angeles Dodgers
823969,2026-03-31,2026,Regular Season,34,5,top,660271,Shohei Ohtani,677587,Brayan Rocchio,R,L,3,e0e1fea1-5cd9-379c-b679-7c8fb9e22062,Four-Seam Fastball,FF,Foul,Foul,2,1,0,96.5,2413.0,-0.7977879065807397,2.7545931059426274,3.068,1.548,,,,,,,,,Cleveland Guardians,Los Angeles Dodgers
823969,2026-03-31,2026,Regular Season,34,5,top,660271,Shohei Ohtani,677587,Brayan Rocchio,R,L,4,f6e7ccf8-0a55-35e1-be44-254fe2ddf1ac,Four-Seam Fastball,FF,Foul,Foul,2,2,0,96.7,2411.0,-0.09395991630225278,2.9327488491907143,3.068,1.548,,,,,,,,,Cleveland Guardians,Los Angeles Dodgers
823969,2026-03-31,2026,Regular Season,34,5,top,660271,Shohei Ohtani,677587,Brayan Rocchio,R,L,5,7efc2e2a-ac21-3ba7-a430-d885d1d61652,Curveball,CU,Swinging Strike,Swinging Strike,2,3,0,75.0,2456.0,-1.1968766575053682,2.2101688320460537,3.068,1.548,,,,Strikeout,0,0,1,true,Cleveland Guardians,Los Angeles Dodgers
823969,2026-03-31,2026,Regular Season,35,5,top,660271,Shohei Ohtani,672356,Gabriel Arias,R,R,1,001a1f57-5794-35a0-8d44-4915cf73f030,Sweeper,ST,Ball,Ball,1,0,1,82.4,2636.0,-1.334669399346749,3.3562105151943107,3.242,1.636,,,,,,,,,Cleveland Guardians,Los Angeles Dodgers
823969,2026-03-31,2026,Regular Season,35,5,top,660271,Shohei Ohtani,672356,Gabriel Arias,R,R,2,f5b3da15-228d-3328-af69-9d4dff2fc87e,Curveball,CU,Called Strike,Called Strike,1,1,1,72.4,2516.0,-0.3467784478707852,3.3401367032141094,3.242,1.636,,,,,,,,,Cleveland Guardians,Los Angeles Dodgers
823969,2026-03-31,2026,Regular Season,35,5,top,660271,Shohei Ohtani,672356,Gabriel Arias,R,R,3,638f0a7c-693f-3756-b75c-81345f02db54,Sinker,SI,Ball,Ball,2,1,1,94.0,2173.0,-1.578755843514152,4.259022878792514,3.242,1.636,,,,,,,,,Cleveland Guardians,Los Angeles Dodgers
823969,2026-03-31,2026,Regular Season,35,5,top,660271,Shohei Ohtani,672356,Gabriel Arias,R,R,4,2b5f2339-250e-37c4-a1fe-fce13424d678,Sweeper,ST,Called Strike,Called Strike,2,2,1,83.1,2608.0,-0.6013266700630922,1.9907887462353027,3.242,1.636,,,,,,,,,Cleveland Guardians,Los Angeles Dodgers
823969,2026-03-31,2026,Regular Season,35,5,top,660271,Shohei Ohtani,672356,Gabriel Arias,R,R,5,f63ef91b-c179-3754-b247-0bf843202529,Curveball,CU,"In play, out(s)","In play, out(s)",2,2,1,75.3,2586.0,0.5010033419436254,2.890986031828266,3.242,1.636,,,,Groundout,0,0,1,true,Cleveland Guardians,Los Angeles Dodgers
823969,2026-03-31,2026,Regular Season,36,5,top,660271,Shohei Ohtani,682657,Angel Martínez,R,L,1,5e719eb2-1b2a-3d45-9ddb-fcc11be20a5e,Curveball,CU,Called Strike,Called Strike,0,1,2,69.2,2351.0,-0.484695067152724,2.1062115463074,3.178,1.604,,,,,,,,,Cleveland Guardians,Los Angeles Dodgers
823969,2026-03-31,2026,Regular Season,36,5,top,660271,Shohei Ohtani,682657,Angel Martínez,R,L,2,dd2d4a46-8872-3e7b-9a1e-78067803d7ac,Splitter,FS,Ball,Ball,1,1,2,85.7,1595.0,-1.0458625048056938,3.387984221375495,3.178,1.604,,,,,,,,,Cleveland Guardians,Los Angeles Dodgers
823969,2026-03-31,2026,Regular Season,36,5,top,660271,Shohei Ohtani,682657,Angel Martínez,R,L,3,001f93ac-5b1a-3e87-b628-655754c09096,Four-Seam Fastball,FF,Hit By Pitch,Hit By Pitch,2,1,2,96.4,2553.0,2.0692572642560627,1.7775444743450932,3.178,1.604,,,,Hit By Pitch,0,0,1,false,Cleveland Guardians,Los Angeles Dodgers
823969,2026-03-31,2026,Regular Season,37,5,top,660271,Shohei Ohtani,680757,Steven Kwan,R,L,1,5a1d8255-f5c2-30dd-9140-74f02d7d3eda,Four-Seam Fastball,FF,"In play, out(s)","In play, out(s)",0,0,2,96.7,2359.0,-0.1827309425012034,2.041218020044186,3.023,1.525,682657,,,Flyout,0,0,1,true,Cleveland Guardians,Los Angeles Dodgers
823969,2026-03-31,2026,Regular Season,42,6,top,660271,Shohei Ohtani,692216,CJ Kayfus,R,L,1,76eb6f42-3046-3b4e-a1d0-a07b21372a80,Curveball,CU,Called Strike,Called Strike,0,1,0,73.4,2571.0,-0.9258879504324834,1.9254846070709963,3.152,1.591,,,,,,,,,Cleveland Guardians,Los Angeles Dodgers
823969,2026-03-31,2026,Regular Season,42,6,top,660271,Shohei Ohtani,692216,CJ Kayfus,R,L,2,bb7a94b0-7532-3810-a22c-7416f09100a4,Splitter,FS,Swinging Strike,Swinging Strike,0,2,0,87.7,1737.0,-1.0842939359709742,2.477413130881086,3.152,1.591,,,,,,,,,Cleveland Guardians,Los Angeles Dodgers
823969,2026-03-31,2026,Regular Season,42,6,top,660271,Shohei Ohtani,692216,CJ Kayfus,R,L,3,502fbf97-979f-316b-a37e-47e82b221234,Splitter,FS,Swinging Strike,Swinging Strike,0,3,0,87.9,1697.0,-0.24090995316099734,1.4987787951184217,3.152,1.591,,,,Strikeout,0,0,1,true,Cleveland Guardians,Los Angeles Dodgers
823969,2026-03-31,2026,Regular Season,43,6,top,660271,Shohei Ohtani,608070,José Ramírez,R,L,1,eacd5daf-5616-3250-8971-d56a3334fa45,Splitter,FS,Ball,Ball,1,0,1,86.9,1450.0,-0.11607682583502965,1.0225067608484988,3.035,1.532,,,,,,,,,Cleveland Guardians,Los Angeles Dodgers
823969,2026-03-31,2026,Regular Season,43,6,top,660271,Shohei Ohtani,608070,José Ramírez,R,L,2,9e4d351f-39bd-3f7c-a3e6-4770a1bdf8e2,Four-Seam Fastball,FF,"In play, out(s)","In play, out(s)",1,0,1,96.4,2469.0,-0.4102791359067216,2.1991728913771325,3.035,1.532,,,,Flyout,0,0,1,true,Cleveland Guardians,Los Angeles Dodgers
823969,2026-03-31,2026,Regular Season,44,6,top,660271,Shohei Ohtani,700932,Kyle Manzardo,R,L,1,926289d5-212d-3c4f-a4cb-a56b8893ca93,Curveball,CU,Ball,Ball,1,0,2,70.6,2510.0,-1.3833547151601537,4.056096510493588,3.188,1.609,,,,,,,,,Cleveland Guardians,Los Angeles Dodgers
823969,2026-03-31,2026,Regular Season,44,6,top,660271,Shohei Ohtani,700932,Kyle Manzardo,R,L,2,94b13296-760c-37c4-94b7-92ea1a93b3c1,Splitter,FS,Ball,Ball,2,0,2,86.4,1664.0,1.2787284754340429,0.13511855191333866,3.188,1.609,,,,,,,,,Cleveland Guardians,Los Angeles Dodgers
823969,2026-03-31,2026,Regular Season,44,6,top,660271,Shohei Ohtani,700932,Kyle Manzardo,R,L,3,b7d94a95-7634-392b-813b-3574fbb9960a,Curveball,CU,Ball,Ball,3,0,2,73.1,2605.0,1.165852477867032,1.2316030802503386,3.188,1.609,,,,,,,,,Cleveland Guardians,Los Angeles Dodgers
823969,2026-03-31,2026,Regular Season,44,6,top,660271,Shohei Ohtani,700932,Kyle Manzardo,R,L,4,409d92df-a99f-3c90-a4ce-1b6b4a88c044,Four-Seam Fastball,FF,Ball In Dirt,Ball In Dirt,4,0,2,92.7,2374.0,1.1344808258879768,0.8203889594262551,3.188,1.609,,,,Walk,0,0,1,false,Cleveland Guardians,Los Angeles Dodgers
823969,2026-03-31,2026,Regular Season,45,6,top,660271,Shohei Ohtani,656555,Rhys Hoskins,R,R,1,834f2049-e5a6-3007-80f5-6e06090b66cb,Four-Seam Fastball,FF,Ball,Ball,1,0,2,94.0,2330.0,1.5119498283227533,2.20290496018932,3.334,1.683,700932,,,,,,,,Cleveland Guardians,Los Angeles Dodgers
823969,2026-03-31,2026,Regular Season,45,6,top,660271,Shohei Ohtani,656555,Rhys Hoskins,R,R,2,bbff1183-1890-3b57-8daa-50380d05d65f,Sweeper,ST,Foul,Foul,1,1,2,81.2,2542.0,0.401513562689347,2.2607205920166464,3.334,1.683,700932,,,,,,,,Cleveland Guardians,Los Angeles Dodgers
823969,2026-03-31,2026,Regular Season,45,6,top,660271,Shohei Ohtani,656555,Rhys Hoskins,R,R,3,a169ac5f-d2b7-322e-b030-3da8496ef345,Four-Seam Fastball,FF,Foul,Foul,1,2,2,95.3,2408.0,0.7838734017816312,2.0809459931917558,3.334,1.683,700932,,,,,,,,Cleveland Guardians,Los Angeles Dodgers
823969,2026-03-31,2026,Regular Season,45,6,top,660271,Shohei Ohtani,656555,Rhys Hoskins,R,R,4,fad4f7ac-5203-3ecf-9c4a-345ce0fddcf1,Sweeper,ST,Swinging Strike,Swinging Strike,1,3,2,84.3,2671.0,-0.1415935032948853,1.8560612322347585,3.334,1.683,700932,,,Strikeout,0,0,1,true,Cleveland Guardians,Los Angeles Dodgers
822833,2026-04-08,2026,Regular Season,5,1,bottom,660271,Shohei Ohtani,543807,George Springer,R,R,1,b5e86f2a-356a-3ea3-a3ef-beb67e364960,Sinker,SI,Ball,Ball,1,0,0,94.7,2218.0,0.003998983913632498,1.456982667800043,3.267,1.649,,,,,,,,,Los Angeles Dodgers,Toronto Blue Jays
822833,2026-04-08,2026,Regular Season,5,1,bottom,660271,Shohei Ohtani,543807,George Springer,R,R,2,c69ecf11-0148-39be-af91-36901cf51bdc,Sweeper,ST,Called Strike,Called Strike,1,1,0,84.9,2535.0,-0.07229429463983256,1.9454078503101306,3.267,1.649,,,,,,,,,Los Angeles Dodgers,Toronto Blue Jays
822833,2026-04-08,2026,Regular Season,5,1,bottom,660271,Shohei Ohtani,543807,George Springer,R,R,3,b4d1d757-8a6b-3c41-ad81-7532f09a6bc8,Sinker,SI,Swinging Strike,Swinging Strike,1,2,0,96.7,2233.0,0.2938235237944581,1.1364528368450781,3.267,1.649,,,,,,,,,Los Angeles Dodgers,Toronto Blue Jays
822833,2026-04-08,2026,Regular Season,5,1,bottom,660271,Shohei Ohtani,543807,George Springer,R,R,4,2617268e-5a24-3dc3-8598-874f8712aee9,Four-Seam Fastball,FF,Ball,Ball,2,2,0,99.0,2592.0,1.7021021007046535,1.9117694123570423,3.267,1.649,,,,,,,,,Los Angeles Dodgers,Toronto Blue Jays
822833,2026-04-08,2026,Regular Season,5,1,bottom,660271,Shohei Ohtani,543807,George Springer,R,R,5,ed8194c4-9c8e-3977-b3cf-be6be6610d8b,Sweeper,ST,Foul,Foul,2,2,0,87.4,2793.0,-0.2778851751114927,2.1535717875538025,3.267,1.649,,,,,,,,,Los Angeles Dodgers,Toronto Blue Jays
822833,2026-04-08,2026,Regular Season,5,1,bottom,660271,Shohei Ohtani,543807,George Springer,R,R,6,1a662f12-27cd-3304-982d-31e2ac81eabd,Four-Seam Fastball,FF,"In play, no out","In play, no out",2,2,0,98.4,2482.0,0.5831435641149985,2.3701594555757284,3.267,1.649,,,,Single,0,0,0,false,Los Angeles Dodgers,Toronto Blue Jays
822833,2026-04-08,2026,Regular Season,6,1,bottom,660271,Shohei Ohtani,662139,Daulton Varsho,R,L,1,c69cad24-d4b1-3180-8b1e-1e404f7b2123,Four-Seam Fastball,FF,Ball,Ball,1,0,0,97.8,2456.0,1.5930332132736869,1.3701642127158435,3.037,1.532,543807,,,,,,,,Los Angeles Dodgers,Toronto Blue Jays
822833,2026-04-08,2026,Regular Season,6,1,bottom,660271,Shohei Ohtani,662139,Daulton Varsho,R,L,2,08aced2b-39ad-3154-8179-b7c9e56e3856,Curveball,CU,Ball,Ball,2,0,0,71.5,2674.0,-1.3303529803055194,4.811158367907704,3.037,1.532,543807,,,,,,,,Los Angeles Dodgers,Toronto Blue Jays
822833,2026-04-08,2026,Regular Season,6,1,bottom,660271,Shohei Ohtani,662139,Daulton Varsho,R,L,3,c63360f6-8215-3f45-94e8-ac6a6332af87,Cutter,FC,Foul,Foul,2,1,0,92.1,2469.0,0.4540650638873272,1.5721371845988,3.037,1.532,543807,,,,,,,,Los Angeles Dodgers,Toronto Blue Jays
822833,2026-04-08,2026,Regular Season,6,1,bottom,660271,Shohei Ohtani,662139,Daulton Varsho,R,L,4,f1050b90-9843-30dd-bf16-a9371b61747c,Sweeper,ST,Foul,Foul,2,2,0,82.4,2590.0,-0.4496905321783103,3.132732293485244,3.037,1.532,543807,,,,,,,,Los Angeles Dodgers,Toronto Blue Jays
822833,2026-04-08,2026,Regular Season,6,1,bottom,660271,Shohei Ohtani,662139,Daulton Varsho,R,L,5,a40347c2-8271-3df7-8f88-73c34a411510,Splitter,FS,"In play, out(s)","In play, out(s)",2,2,0,87.5,1493.0,-0.5798894056206811,1.551261226729194,3.037,1.532,543807,,,Forceout,0,0,0,true,Los Angeles Dodgers,Toronto Blue Jays
822833,2026-04-08,2026,Regular Season,7,1,bottom,660271,Shohei Ohtani,665489,Vladimir Guerrero Jr.,R,R,1,36213002-9665-3343-ba29-3231bb899dcb,Sweeper,ST,Swinging Strike,Swinging Strike,0,1,1,83.9,2718.0,-0.17321122445803544,2.4058820594737975,3.209,1.619,662139,,,,,,,,Los Angeles Dodgers,Toronto Blue Jays
822833,2026-04-08,2026,Regular Season,7,1,bottom,660271,Shohei Ohtani,665489,Vladimir Guerrero Jr.,R,R,2,8dd46b41-e1b2-3121-9e2c-a9617216228e,Sinker,SI,Ball,Ball,1,1,1,96.4,2274.0,0.7991404070595517,1.156654871727712,3.209,1.619,662139,,,,,,,,Los Angeles Dodgers,Toronto Blue Jays
822833,2026-04-08,2026,Regular Season,7,1,bottom,660271,Shohei Ohtani,665489,Vladimir Guerrero Jr.,R,R,3,e7fedfc8-fe6a-3eae-935a-986f1cf1f47a,Sinker,SI,"In play, no out","In play, no out",1,1,1,96.6,2282.0,-0.3862103396087713,2.0386947171236223,3.209,1.619,662139,,,Single,0,0,0,false,Los Angeles Dodgers,Toronto Blue Jays
822833,2026-04-08,2026,Regular Season,8,1,bottom,660271,Shohei Ohtani,660821,Jesús Sánchez,R,L,1,adda0e86-929f-3065-a08d-13dc07b7cd8e,Splitter,FS,Ball,Ball,1,0,1,86.6,1403.0,-1.9515458296125643,4.0854232433229205,3.335,1.683,665489,662139,,,,,,,Los Angeles Dodgers,Toronto Blue Jays
822833,2026-04-08,2026,Regular Season,8,1,bottom,660271,Shohei Ohtani,660821,Jesús Sánchez,R,L,2,105f3952-5417-3cbb-9444-1fe969b448de,Four-Seam Fastball,FF,Ball,Ball,2,0,1,98.8,2491.0,0.6769754064943452,1.633137188597104,3.335,1.683,665489,662139,,,,,,,Los Angeles Dodgers,Toronto Blue Jays
822833,2026-04-08,2026,Regular Season,8,1,bottom,660271,Shohei Ohtani,660821,Jesús Sánchez,R,L,3,99605e09-66f0-3f39-9288-75243e6f4a17,Cutter,FC,Ball In Dirt,Ball In Dirt,3,0,1,94.0,2412.0,-0.6636069288066063,1.6651551965604354,3.335,1.683,665489,662139,,,,,,,Los Angeles Dodgers,Toronto Blue Jays
822833,2026-04-08,2026,Regular Season,8,1,bottom,660271,Shohei Ohtani,660821,Jesús Sánchez,R,L,4,643b9444-7b50-3610-b090-25d8f6d3df1e,Cutter,FC,"In play, out(s)","In play, out(s)",3,0,1,93.3,2480.0,-0.18111124255145275,2.3751755696428187,3.335,1.683,665489,662139,,Pop Out,0,0,0,true,Los Angeles Dodgers,Toronto Blue Jays
822833,2026-04-08,2026,Regular Season,9,1,bottom,660271,Shohei Ohtani,672960,Kazuma Okamoto,R,R,1,34fc5543-b97c-3285-9ca5-c5ba992337b2,Sweeper,ST,Called Strike,Called Strike,0,1,2,87.4,2600.0,0.21951839569064,2.5072870880288214,3.256,1.643,665489,662139,,,,,,,Los Angeles Dodgers,Toronto Blue Jays
822833,2026-04-08,2026,Regular Season,9,1,bottom,660271,Shohei Ohtani,672960,Kazuma Okamoto,R,R,2,c0489fea-b3a4-39f1-b2ca-533d65b3dd85,Sweeper,ST,Foul,Foul,0,2,2,87.7,2627.0,0.9859972378950009,1.8205587697163421,3.256,1.643,665489,662139,,,,,,,Los Angeles Dodgers,Toronto Blue Jays
822833,2026-04-08,2026,Regular Season,9,1,bottom,660271,Shohei Ohtani,672960,Kazuma Okamoto,R,R,3,ef9c95a6-d29e-391c-9cae-a1d3ce41bd5d,Sweeper,ST,Ball,Ball,1,2,2,88.1,2826.0,0.9992166727103209,1.32374235070788,3.256,1.643,665489,662139,,,,,,,Los Angeles Dodgers,Toronto Blue Jays
822833,2026-04-08,2026,Regular Season,9,1,bottom,660271,Shohei Ohtani,672960,Kazuma Okamoto,R,R,4,d36a8eac-3347-3aae-9679-277332b8a538,Four-Seam Fastball,FF,Swinging Strike,Swinging Strike,1,3,2,100.1,2507.0,0.4046391849420212,1.8961218516430267,3.256,1.643,665489,662139,,Strikeout,0,0,0,true,Los Angeles Dodgers,Toronto Blue Jays
822833,2026-04-08,2026,Regular Season,13,2,bottom,660271,Shohei Ohtani,676391,Ernie Clement,R,R,1,8658572d-2823-3f1c-a9ba-dba7fca206db,Four-Seam Fastball,FF,Ball,Ball,1,0,0,95.9,2449.0,-1.5290157704686154,4.5428900173003335,3.191,1.61,,,,,,,,,Los Angeles Dodgers,Toronto Blue Jays
822833,2026-04-08,2026,Regular Season,13,2,bottom,660271,Shohei Ohtani,676391,Ernie Clement,R,R,2,4c8cba46-41b4-33f9-9427-5a24557f52bf,Four-Seam Fastball,FF,Called Strike,Called Strike,1,1,0,97.0,2496.0,0.49009842445015317,2.8657096402495608,3.191,1.61,,,,,,,,,Los Angeles Dodgers,Toronto Blue Jays
822833,2026-04-08,2026,Regular Season,13,2,bottom,660271,Shohei Ohtani,676391,Ernie Clement,R,R,3,37c2200a-5059-3ff0-86f7-d65f2bbd288a,Sweeper,ST,"In play, out(s)","In play, out(s)",1,1,0,86.7,2680.0,-0.07565226809501527,2.9199190773861563,3.191,1.61,,,,Groundout,0,0,0,true,Los Angeles Dodgers,Toronto Blue Jays
822833,2026-04-08,2026,Regular Season,14,2,bottom,660271,Shohei Ohtani,664770,Nathan Lukes,R,L,1,2f8687f1-a823-308a-b2e3-bb04c0218266,Curveball,CU,Ball,Ball,1,0,1,77.2,2734.0,1.0597630573638583,0.9582908716088804,3.164,1.597,,,,,,,,,Los Angeles Dodgers,Toronto Blue Jays
822833,2026-04-08,2026,Regular Season,14,2,bottom,660271,Shohei Ohtani,664770,Nathan Lukes,R,L,2,532755fc-6429-3109-a5c7-744c7190749a,Curveball,CU,Called Strike,Called Strike,1,1,1,75.1,2586.0,0.41481979699301974,1.7824940518336339,3.164,1.597,,,,,,,,,Los Angeles Dodgers,Toronto Blue Jays
822833,2026-04-08,2026,Regular Season,14,2,bottom,660271,Shohei Ohtani,664770,Nathan Lukes,R,L,3,e0f9bca1-0ab8-3688-aff0-f4712d028969,Four-Seam Fastball,FF,Foul,Foul,1,2,1,98.1,2508.0,0.6606786529795073,1.9763914310963089,3.164,1.597,,,,,,,,,Los Angeles Dodgers,Toronto Blue Jays
822833,2026-04-08,2026,Regular Season,14,2,bottom,660271,Shohei Ohtani,664770,Nathan Lukes,R,L,4,e877566d-34d4-367a-b7fd-861903a30079,Slider,SL,Ball,Ball,2,2,1,89.5,2652.0,-0.35609169866953866,1.0127301527205503,3.164,1.597,,,,,,,,,Los Angeles Dodgers,Toronto Blue Jays
822833,2026-04-08,2026,Regular Season,14,2,bottom,660271,Shohei Ohtani,664770,Nathan Lukes,R,L,5,73c085a6-f789-3d83-8f79-a7f5e2bf615a,Four-Seam Fastball,FF,Foul,Foul,2,2,1,99.6,2555.0,-0.5712173908845471,2.2904275242929266,3.164,1.597,,,,,,,,,Los Angeles Dodgers,Toronto Blue Jays
822833,2026-04-08,2026,Regular Season,14,2,bottom,660271,Shohei Ohtani,664770,Nathan Lukes,R,L,6,1cb3f3db-489b-39f0-8568-ebff2724e658,Curveball,CU,Ball,Ball,3,2,1,79.7,2907.0,-1.236570353903516,2.789630710377146,3.164,1.597,,,,,,,,,Los Angeles Dodgers,Toronto Blue Jays
822833,2026-04-08,2026,Regular Season,14,2,bottom,660271,Shohei Ohtani,664770,Nathan Lukes,R,L,7,f15a1d0a-6522-3943-935f-5f91853a4247,Four-Seam Fastball,FF,"In play, no out","In play, no out",3,2,1,97.5,2471.0,0.8496083785577573,2.062130418930159,3.164,1.597,,,,Field Error,0,0,0,false,Los Angeles Dodgers,Toronto Blue Jays
822833,2026-04-08,2026,Regular Season,15,2,bottom,660271,Shohei Ohtani,665926,Andrés Giménez,R,L,1,901cf9b5-cdfe-3893-8f09-23b0c5e87891,Curveball,CU,"In play, out(s)","In play, out(s)",0,0,1,73.2,2636.0,-0.9270585493078172,3.148730753592686,3.165,1.597,664770,,,Groundout,0,0,0,true,Los Angeles Dodgers,Toronto Blue Jays
822833,2026-04-08,2026,Regular Season,16,2,bottom,660271,Shohei Ohtani,623168,Tyler Heineman,R,L,1,8ad0ccb9-2af2-3dd1-8bef-1ea8cda5d5d3,Four-Seam Fastball,FF,Foul,Foul,0,1,2,99.0,2592.0,0.9037394944010344,2.0961273233127193,3.11,1.57,,664770,,,,,,,Los Angeles Dodgers,Toronto Blue Jays
822833,2026-04-08,2026,Regular Season,16,2,bottom,660271,Shohei Ohtani,623168,Tyler Heineman,R,L,2,a19de493-dd32-3383-8410-c52abb00446c,Curveball,CU,Ball,Ball,1,1,2,75.5,2725.0,1.0487449670291744,1.7187602137091842,3.11,1.57,,664770,,,,,,,Los Angeles Dodgers,Toronto Blue Jays
822833,2026-04-08,2026,Regular Season,16,2,bottom,660271,Shohei Ohtani,623168,Tyler Heineman,R,L,3,8f98faa7-135f-3adc-940b-6cf62887d2c1,Four-Seam Fastball,FF,Foul,Foul,1,2,2,98.2,2490.0,1.0062926463927664,1.7089697728463165,3.11,1.57,,664770,,,,,,,Los Angeles Dodgers,Toronto Blue Jays
822833,2026-04-08,2026,Regular Season,16,2,bottom,660271,Shohei Ohtani,623168,Tyler Heineman,R,L,4,68f68150-e39e-339b-a611-ab15ce4b65f8,Four-Seam Fastball,FF,Foul,Foul,1,2,2,99.4,2499.0,-0.22757918739141555,3.353977788581988,3.11,1.57,,664770,,,,,,,Los Angeles Dodgers,Toronto Blue Jays
822833,2026-04-08,2026,Regular Season,16,2,bottom,660271,Shohei Ohtani,623168,Tyler Heineman,R,L,5,455d43f2-83d3-3aa8-a3a9-ec135cb5744d,Slider,SL,Foul,Foul,1,2,2,88.2,2598.0,-0.7186122407129376,2.693734976231755,3.11,1.57,,664770,,,,,,,Los Angeles Dodgers,Toronto Blue Jays
822833,2026-04-08,2026,Regular Season,16,2,bottom,660271,Shohei Ohtani,623168,Tyler Heineman,R,L,6,b0b29af8-0f25-397d-b701-1e7f2ec06762,Splitter,FS,Swinging Strike (Blocked),Swinging Strike (Blocked),1,3,2,90.6,1490.0,0.06020393016333697,1.2075029389387806,3.11,1.57,,664770,,Strikeout,0,0,0,true,Los Angeles Dodgers,Toronto Blue Jays
822833,2026-04-08,2026,Regular Season,20,3,bottom,660271,Shohei Ohtani,543807,George Springer,R,R,1,f75b95c4-2a9c-3256-82ec-2b346775cfad,Splitter,FS,Ball,Ball,1,0,0,87.6,1558.0,-1.8811302899810545,2.8768523226817537,3.267,1.649,,,,,,,,,Los Angeles Dodgers,Toronto Blue Jays
822833,2026-04-08,2026,Regular Season,20,3,bottom,660271,Shohei Ohtani,543807,George Springer,R,R,2,696265ef-7776-341f-ab89-3f6f15ef2d47,Sweeper,ST,Ball,Ball,2,0,0,84.8,2599.0,-0.4891307623830101,3.770840590509221,3.267,1.649,,,,,,,,,Los Angeles Dodgers,Toronto Blue Jays
822833,2026-04-08,2026,Regular Season,20,3,bottom,660271,Shohei Ohtani,543807,George Springer,R,R,3,9aa183e6-36fe-30ae-b5e2-9b585c62c145,Sweeper,ST,Foul Tip,Foul Tip,2,1,0,83.6,2539.0,-0.5946593295844956,3.476764026231455,3.267,1.649,,,,,,,,,Los Angeles Dodgers,Toronto Blue Jays
822833,2026-04-08,2026,Regular Season,20,3,bottom,660271,Shohei Ohtani,543807,George Springer,R,R,4,e76d0098-04f4-3532-9b52-16919a995a6d,Four-Seam Fastball,FF,Ball,Ball,3,1,0,98.8,2540.0,1.688521691456265,1.5441489602261056,3.267,1.649,,,,,,,,,Los Angeles Dodgers,Toronto Blue Jays
822833,2026-04-08,2026,Regular Season,20,3,bottom,660271,Shohei Ohtani,543807,George Springer,R,R,5,c2d99311-a093-31cf-b456-0bbf40605205,Four-Seam Fastball,FF,"In play, out(s)","In play, out(s)",3,1,0,99.2,2608.0,0.48263532925559893,2.0613534326222713,3.267,1.649,,,,Groundout,0,0,0,true,Los Angeles Dodgers,Toronto Blue Jays
822833,2026-04-08,2026,Regular Season,21,3,bottom,660271,Shohei Ohtani,662139,Daulton Varsho,R,L,1,76645585-c379-3e4e-8fd3-ae353c994ec6,Curveball,CU,Ball,Ball,1,0,1,76.2,2597.0,0.3622202514078931,1.1160711853686425,3.037,1.532,,,,,,,,,Los Angeles Dodgers,Toronto Blue Jays
822833,2026-04-08,2026,Regular Season,21,3,bottom,660271,Shohei Ohtani,662139,Daulton Varsho,R,L,2,1840932b-d929-3725-aec0-5f0fe0b772b0,Splitter,FS,Called Strike,Called Strike,1,1,1,87.9,1391.0,-0.5658723116405713,2.9960680048089774,3.037,1.532,,,,,,,,,Los Angeles Dodgers,Toronto Blue Jays
822833,2026-04-08,2026,Regular Season,21,3,bottom,660271,Shohei Ohtani,662139,Daulton Varsho,R,L,3,67554eab-63a1-38db-b826-589a65ccbd3b,Four-Seam Fastball,FF,Ball,Ball,2,1,1,99.2,2518.0,1.5140623314933104,1.8581196867388765,3.037,1.532,,,,,,,,,Los Angeles Dodgers,Toronto Blue Jays
822833,2026-04-08,2026,Regular Season,21,3,bottom,660271,Shohei Ohtani,662139,Daulton Varsho,R,L,4,7a1d9512-9929-3290-866e-9ddce70382fb,Curveball,CU,Ball,Ball,3,1,1,74.8,2602.0,-0.8458155615476274,3.4545636735914678,3.037,1.532,,,,,,,,,Los Angeles Dodgers,Toronto Blue Jays
822833,2026-04-08,2026,Regular Season,21,3,bottom,660271,Shohei Ohtani,662139,Daulton Varsho,R,L,5,4208b00a-32bd-3eca-bc79-222ceef49c3e,Four-Seam Fastball,FF,Swinging Strike,Swinging Strike,3,2,1,97.5,2468.0,0.6356542477763745,2.3764851299786045,3.037,1.532,,,,,,,,,Los Angeles Dodgers,Toronto Blue Jays
822833,2026-04-08,2026,Regular Season,21,3,bottom,660271,Shohei Ohtani,662139,Daulton Varsho,R,L,6,9e706e5f-004f-3c0a-91c2-476859061fd7,Four-Seam Fastball,FF,Foul,Foul,3,2,1,98.3,2448.0,0.09577846565125156,2.910903523834597,3.037,1.532,,,,,,,,,Los Angeles Dodgers,Toronto Blue Jays
822833,2026-04-08,2026,Regular Season,21,3,bottom,660271,Shohei Ohtani,662139,Daulton Varsho,R,L,7,4a2de1ca-22f1-331f-a24e-dde38633170f,Curveball,CU,Ball,Ball,4,2,1,76.2,2537.0,-1.3381150288901629,3.424817540553488,3.037,1.532,,,,Walk,0,0,0,false,Los Angeles Dodgers,Toronto Blue Jays
822833,2026-04-08,2026,Regular Season,22,3,bottom,660271,Shohei Ohtani,665489,Vladimir Guerrero Jr.,R,R,1,4f2ab595-e021-3336-acd6-3dbde0a1bccf,Four-Seam Fastball,FF,Ball,Ball,1,0,1,99.0,2711.0,1.4680786859218715,1.6733797624542035,3.209,1.619,662139,,,,,,,,Los Angeles Dodgers,Toronto Blue Jays
822833,2026-04-08,2026,Regular Season,22,3,bottom,660271,Shohei Ohtani,665489,Vladimir Guerrero Jr.,R,R,2,ff64c3cd-8d35-333c-8a53-c4d0b7d76eee,Sweeper,ST,"In play, out(s)","In play, out(s)",1,0,1,86.2,2824.0,0.7609617861727432,2.640625769354757,3.209,1.619,,662139,,Pop Out,0,0,0,true,Los Angeles Dodgers,Toronto Blue Jays
822833,2026-04-08,2026,Regular Season,23,3,bottom,660271,Shohei Ohtani,660821,Jesús Sánchez,R,L,1,9bb23209-8da3-313c-bbab-00c7b1126a12,Curveball,CU,Ball,Ball,1,0,2,71.9,2672.0,1.9122812324094354,1.713746857887928,3.335,1.683,,662139,,,,,,,Los Angeles Dodgers,Toronto Blue Jays
822833,2026-04-08,2026,Regular Season,23,3,bottom,660271,Shohei Ohtani,660821,Jesús Sánchez,R,L,2,5116add3-8942-3bad-a96e-aa38e7928738,Four-Seam Fastball,FF,Ball,Ball,2,0,2,99.8,2599.0,2.0856157082213196,1.171476874977735,3.335,1.683,,662139,,,,,,,Los Angeles Dodgers,Toronto Blue Jays
822833,2026-04-08,2026,Regular Season,23,3,bottom,660271,Shohei Ohtani,660821,Jesús Sánchez,R,L,3,8e783f91-ab01-3943-8d4b-e8da494402eb,Four-Seam Fastball,FF,Called Strike,Called Strike,2,1,2,98.9,2530.0,-0.019661389380346964,2.2094081706763986,3.335,1.683,,662139,,,,,,,Los Angeles Dodgers,Toronto Blue Jays
822833,2026-04-08,2026,Regular Season,23,3,bottom,660271,Shohei Ohtani,660821,Jesús Sánchez,R,L,4,9b0caa48-3593-3852-9980-ecaf81d4c60f,Four-Seam Fastball,FF,"In play, run(s)","In play, run(s)",2,1,2,99.1,2653.0,-0.10556857662586899,1.4565982374444781,3.335,1.683,,662139,,Double,1,0,1,false,Los Angeles Dodgers,Toronto Blue Jays
822833,2026-04-08,2026,Regular Season,24,3,bottom,660271,Shohei Ohtani,672960,Kazuma Okamoto,R,R,1,2fee0a46-9d3e-35eb-9a1b-c7b95cb11e68,Sweeper,ST,Ball,Ball,1,0,2,84.5,2694.0,1.2770363772909477,3.688163901640879,3.256,1.643,,660821,,,,,,,Los Angeles Dodgers,Toronto Blue Jays
822833,2026-04-08,2026,Regular Season,24,3,bottom,660271,Shohei Ohtani,672960,Kazuma Okamoto,R,R,2,315cc138-0c90-37f3-9423-b82ce749c831,Four-Seam Fastball,FF,Ball,Ball,2,0,2,99.0,2632.0,2.194321906153383,2.0004566842683413,3.256,1.643,,660821,,,,,,,Los Angeles Dodgers,Toronto Blue Jays
822833,2026-04-08,2026,Regular Season,24,3,bottom,660271,Shohei Ohtani,672960,Kazuma Okamoto,R,R,3,3037ab82-c83a-3d0e-b0da-c63be6e0e71f,Sinker,SI,"In play, out(s)","In play, out(s)",2,0,2,96.0,2354.0,-1.1367728592920874,3.1428259619592245,3.256,1.643,,660821,,Pop Out,0,0,1,true,Los Angeles Dodgers,Toronto Blue Jays
822833,2026-04-08,2026,Regular Season,30,4,bottom,660271,Shohei Ohtani,676391,Ernie Clement,R,R,1,caf34e5a-4001-368f-98f6-767be5a25243,Sinker,SI,Called Strike,Called Strike,0,1,0,94.3,2151.0,0.20040116873109104,2.0870298739555393,3.191,1.61,,,,,,,,,Los Angeles Dodgers,Toronto Blue Jays
822833,2026-04-08,2026,Regular Season,30,4,bottom,660271,Shohei Ohtani,676391,Ernie Clement,R,R,2,0f040f36-6740-3bf2-b44f-1060d8230ea8,Sweeper,ST,Foul,Foul,0,2,0,86.2,2629.0,0.6176905123395706,1.715279318938866,3.191,1.61,,,,,,,,,Los Angeles Dodgers,Toronto Blue Jays
822833,2026-04-08,2026,Regular Season,30,4,bottom,660271,Shohei Ohtani,676391,Ernie Clement,R,R,3,4d5b142f-39c4-33f5-86d8-3b4969fbe525,Four-Seam Fastball,FF,"In play, out(s)","In play, out(s)",0,2,0,98.7,2524.0,0.9631321297608223,3.1109751060215847,3.191,1.61,,,,Pop Out,0,1,1,true,Los Angeles Dodgers,Toronto Blue Jays
822833,2026-04-08,2026,Regular Season,31,4,bottom,660271,Shohei Ohtani,664770,Nathan Lukes,R,L,1,8828be6c-661c-34ab-b5cf-88eb70914e00,Curveball,CU,Called Strike,Called Strike,0,1,1,73.0,2593.0,-0.011288116417890048,3.1418290520938763,3.164,1.597,,,,,,,,,Los Angeles Dodgers,Toronto Blue Jays
822833,2026-04-08,2026,Regular Season,31,4,bottom,660271,Shohei Ohtani,664770,Nathan Lukes,R,L,2,559d0742-3571-3e4a-82bf-df4b91acc6e4,Splitter,FS,Ball,Ball,1,1,1,87.2,1347.0,-2.128549661608004,3.2685533381434633,3.164,1.597,,,,,,,,,Los Angeles Dodgers,Toronto Blue Jays
822833,2026-04-08,2026,Regular Season,31,4,bottom,660271,Shohei Ohtani,664770,Nathan Lukes,R,L,3,67335567-1cb9-39cf-b24c-e18d7a70070f,Four-Seam Fastball,FF,Foul,Foul,1,2,1,98.1,2493.0,-0.08489415343521488,2.156137654932747,3.164,1.597,,,,,,,,,Los Angeles Dodgers,Toronto Blue Jays
822833,2026-04-08,2026,Regular Season,31,4,bottom,660271,Shohei Ohtani,664770,Nathan Lukes,R,L,4,3cdf17b3-799c-36c8-a5c5-5e54699f5b09,Four-Seam Fastball,FF,Ball,Ball,2,2,1,99.1,2548.0,1.168520121107361,2.2754155422028277,3.164,1.597,,,,,,,,,Los Angeles Dodgers,Toronto Blue Jays
822833,2026-04-08,2026,Regular Season,31,4,bottom,660271,Shohei Ohtani,664770,Nathan Lukes,R,L,5,e9bd3922-a3a0-3822-8912-6b08ca87bb1a,Four-Seam Fastball,FF,Foul,Foul,2,2,1,98.8,2523.0,0.5384005234222115,2.305995643246829,3.164,1.597,,,,,,,,,Los Angeles Dodgers,Toronto Blue Jays
822833,2026-04-08,2026,Regular Season,31,4,bottom,660271,Shohei Ohtani,664770,Nathan Lukes,R,L,6,2ab8022d-61ee-3e19-8656-2871b55026c3,Slider,SL,Foul,Foul,2,2,1,89.1,2617.0,0.5978167761917532,2.204955016323389,3.164,1.597,,,,,,,,,Los Angeles Dodgers,Toronto Blue Jays
822833,2026-04-08,2026,Regular Season,31,4,bottom,660271,Shohei Ohtani,664770,Nathan Lukes,R,L,7,33d67677-23f3-38dd-94b3-525ab9215025,Splitter,FS,Ball,Ball,3,2,1,88.8,1205.0,-1.5681199481363615,3.0123826322908003,3.164,1.597,,,,,,,,,Los Angeles Dodgers,Toronto Blue Jays
822833,2026-04-08,2026,Regular Season,31,4,bottom,660271,Shohei Ohtani,664770,Nathan Lukes,R,L,8,bc64841d-ad2f-36c6-97bc-74c9de376256,Four-Seam Fastball,FF,Foul,Foul,3,2,1,97.3,2467.0,0.7301279611729705,2.2459145476987676,3.164,1.597,,,,,,,,,Los Angeles Dodgers,Toronto Blue Jays
822833,2026-04-08,2026,Regular Season,31,4,bottom,660271,Shohei Ohtani,664770,Nathan Lukes,R,L,9,46a71579-bf66-3fa1-b8da-a3dc108834b9,Sweeper,ST,"In play, out(s)","In play, out(s)",3,2,1,87.9,2587.0,0.7287904086340411,2.1698225257605315,3.164,1.597,,,,Pop Out,0,1,1,true,Los Angeles Dodgers,Toronto Blue Jays
822833,2026-04-08,2026,Regular Season,32,4,bottom,660271,Shohei Ohtani,665926,Andrés Giménez,R,L,1,690d5016-4270-3400-a454-106334a7fe01,Curveball,CU,Called Strike,Called Strike,0,1,2,72.9,2520.0,0.38150076444056824,1.744293194819336,3.165,1.597,,,,,,,,,Los Angeles Dodgers,Toronto Blue Jays
822833,2026-04-08,2026,Regular Season,32,4,bottom,660271,Shohei Ohtani,665926,Andrés Giménez,R,L,2,cc80cc09-946e-32cc-80a4-c76da19e3dbd,Splitter,FS,Foul Tip,Foul Tip,0,2,2,87.8,1169.0,-1.1698847996832797,3.0289804138866647,3.165,1.597,,,,,,,,,Los Angeles Dodgers,Toronto Blue Jays
822833,2026-04-08,2026,Regular Season,32,4,bottom,660271,Shohei Ohtani,665926,Andrés Giménez,R,L,3,4dba3b07-ea5b-3fbe-ac04-127c4ce11ff4,Curveball,CU,Ball,Ball,1,2,2,80.6,2851.0,1.2856243135970693,-0.7714450885959635,3.165,1.597,,,,,,,,,Los Angeles Dodgers,Toronto Blue Jays
822833,2026-04-08,2026,Regular Season,32,4,bottom,660271,Shohei Ohtani,665926,Andrés Giménez,R,L,4,142af6dd-81e4-3460-9745-66ea1b5d75c4,Four-Seam Fastball,FF,"In play, out(s)","In play, out(s)",1,2,2,99.7,2504.0,0.5448976935556067,2.7219086928512,3.165,1.597,,,,Groundout,0,1,1,true,Los Angeles Dodgers,Toronto Blue Jays
822833,2026-04-08,2026,Regular Season,38,5,bottom,660271,Shohei Ohtani,623168,Tyler Heineman,R,L,1,032c51e6-d881-37ab-a883-b497b60adec2,Sweeper,ST,Ball,Ball,1,0,0,81.8,2542.0,-0.8619795343620958,2.787982920954163,3.11,1.57,,,,,,,,,Los Angeles Dodgers,Toronto Blue Jays
822833,2026-04-08,2026,Regular Season,38,5,bottom,660271,Shohei Ohtani,623168,Tyler Heineman,R,L,2,38dc84d5-d950-374c-adf9-0e4e8ae95785,Four-Seam Fastball,FF,Called Strike,Called Strike,1,1,0,97.2,2350.0,-0.24085602490277722,1.910173678689408,3.11,1.57,,,,,,,,,Los Angeles Dodgers,Toronto Blue Jays
822833,2026-04-08,2026,Regular Season,38,5,bottom,660271,Shohei Ohtani,623168,Tyler Heineman,R,L,3,0a22c8d0-3834-3c61-adcf-479716428302,Four-Seam Fastball,FF,"In play, out(s)","In play, out(s)",1,1,0,97.3,2456.0,0.1931762767598592,2.572592458806666,3.11,1.57,,,,Pop Out,0,1,1,true,Los Angeles Dodgers,Toronto Blue Jays
822833,2026-04-08,2026,Regular Season,39,5,bottom,660271,Shohei Ohtani,543807,George Springer,R,R,1,c7074463-6ccf-3b77-b4e7-94b4d0723d15,Sinker,SI,Ball,Ball,1,0,1,98.0,2239.0,-1.413301002647922,3.2948189147760036,3.267,1.649,,,,,,,,,Los Angeles Dodgers,Toronto Blue Jays
822833,2026-04-08,2026,Regular Season,39,5,bottom,660271,Shohei Ohtani,543807,George Springer,R,R,2,dae45367-9bdb-3d95-9b19-94421878c866,Sweeper,ST,"In play, out(s)","In play, out(s)",1,0,1,85.5,2668.0,0.3460140805561776,2.1332416759583857,3.267,1.649,,,,Groundout,0,1,1,true,Los Angeles Dodgers,Toronto Blue Jays
822833,2026-04-08,2026,Regular Season,40,5,bottom,660271,Shohei Ohtani,662139,Daulton Varsho,R,L,1,cb4a6e12-54d8-3532-9ac2-5bd7936da512,Splitter,FS,"In play, out(s)","In play, out(s)",0,0,2,88.9,1580.0,-0.10860798382250168,1.798703795449514,3.037,1.532,,,,Groundout,0,1,1,true,Los Angeles Dodgers,Toronto Blue Jays
822833,2026-04-08,2026,Regular Season,47,6,bottom,660271,Shohei Ohtani,665489,Vladimir Guerrero Jr.,R,R,1,49c2c0f0-fe54-3dd3-a300-0800a255776f,Four-Seam Fastball,FF,Called Strike,Called Strike,0,1,0,95.2,2215.0,0.40038900919124626,3.3215403964182886,3.209,1.619,,,,,,,,,Los Angeles Dodgers,Toronto Blue Jays
822833,2026-04-08,2026,Regular Season,47,6,bottom,660271,Shohei Ohtani,665489,Vladimir Guerrero Jr.,R,R,2,b508d335-3fec-3605-8fd3-53079013b4fc,Splitter,FS,"In play, no out","In play, no out",0,1,0,87.1,1440.0,0.5243626566452618,2.6381448551149957,3.209,1.619,,,,Double,0,2,1,false,Los Angeles Dodgers,Toronto Blue Jays
822833,2026-04-08,2026,Regular Season,48,6,bottom,660271,Shohei Ohtani,660821,Jesús Sánchez,R,L,1,027d44d6-d1b9-342e-86f2-957a700d7317,Four-Seam Fastball,FF,Foul,Foul,0,1,0,97.3,2346.0,1.4136472559734856,2.729557845401352,3.335,1.683,,665489,,,,,,,Los Angeles Dodgers,Toronto Blue Jays
822833,2026-04-08,2026,Regular Season,48,6,bottom,660271,Shohei Ohtani,660821,Jesús Sánchez,R,L,2,f540dacb-2625-3ae9-b2e6-75d911c9810b,Slider,SL,Foul,Foul,0,2,0,87.0,2475.0,0.43858181864872536,2.4803437394416084,3.335,1.683,,665489,,,,,,,Los Angeles Dodgers,Toronto Blue Jays
822833,2026-04-08,2026,Regular Season,48,6,bottom,660271,Shohei Ohtani,660821,Jesús Sánchez,R,L,3,b62ea4aa-0466-3954-8097-582a816d782b,Splitter,FS,Ball In Dirt,Ball In Dirt,1,2,0,88.9,1543.0,1.0701538705702225,0.4092279896093941,3.335,1.683,,665489,,,,,,,Los Angeles Dodgers,Toronto Blue Jays
822833,2026-04-08,2026,Regular Season,48,6,bottom,660271,Shohei Ohtani,660821,Jesús Sánchez,R,L,4,5a2f4172-c405-3828-b77a-feb7e2bab62b,Curveball,CU,"In play, out(s)","In play, out(s)",1,2,0,75.0,2531.0,-0.9963729661350631,2.3674211863651538,3.335,1.683,,665489,,Fielders Choice Out,0,2,1,true,Los Angeles Dodgers,Toronto Blue Jays
822833,2026-04-08,2026,Regular Season,49,6,bottom,660271,Shohei Ohtani,672960,Kazuma Okamoto,R,R,1,48fdf36c-4f2b-38eb-be3c-5acce0179eba,Sweeper,ST,Swinging Strike,Swinging Strike,0,1,1,83.5,2525.0,0.42439810791119986,2.8625876882593078,3.256,1.643,660821,,,,,,,,Los Angeles Dodgers,Toronto Blue Jays
822833,2026-04-08,2026,Regular Season,49,6,bottom,660271,Shohei Ohtani,672960,Kazuma Okamoto,R,R,2,aef5fe00-01c2-3b5c-a2b8-644ecaaf13ea,Sweeper,ST,Ball,Ball,1,1,1,84.0,2571.0,1.9102044395821962,1.214216085776762,3.256,1.643,660821,,,,,,,,Los Angeles Dodgers,Toronto Blue Jays
822833,2026-04-08,2026,Regular Season,49,6,bottom,660271,Shohei Ohtani,672960,Kazuma Okamoto,R,R,3,0ce76963-fb28-39d3-89ed-9f9c028ef025,Sweeper,ST,Ball,Ball,2,1,1,85.1,2645.0,2.3500795384002773,1.19837118105494,3.256,1.643,660821,,,,,,,,Los Angeles Dodgers,Toronto Blue Jays
822833,2026-04-08,2026,Regular Season,49,6,bottom,660271,Shohei Ohtani,672960,Kazuma Okamoto,R,R,4,29109604-29a9-38b3-9cf8-549eeab950aa,Sinker,SI,"In play, out(s)","In play, out(s)",2,1,1,95.2,2048.0,-0.5717281619264191,2.979242776623205,3.256,1.643,660821,,,Pop Out,0,2,1,true,Los Angeles Dodgers,Toronto Blue Jays
822833,2026-04-08,2026,Regular Season,50,6,bottom,660271,Shohei Ohtani,676391,Ernie Clement,R,R,1,bf199c2f-972f-3132-834d-32db89b6a714,Sweeper,ST,Foul,Foul,0,1,2,83.7,2864.0,-0.32999969787726546,2.403933080671366,3.191,1.61,660821,,,,,,,,Los Angeles Dodgers,Toronto Blue Jays
822833,2026-04-08,2026,Regular Season,50,6,bottom,660271,Shohei Ohtani,676391,Ernie Clement,R,R,2,73dbd8ad-a688-371d-bff1-940062cf6e02,Four-Seam Fastball,FF,Foul,Foul,0,2,2,97.2,2445.0,1.136972239786994,2.4722900832188226,3.191,1.61,660821,,,,,,,,Los Angeles Dodgers,Toronto Blue Jays
822833,2026-04-08,2026,Regular Season,50,6,bottom,660271,Shohei Ohtani,676391,Ernie Clement,R,R,3,f262d39c-4543-3f72-8c3c-12916e7088e8,Sweeper,ST,Ball,Ball,1,2,2,85.6,2834.0,1.7881741255458985,1.7658265135904692,3.191,1.61,660821,,,,,,,,Los Angeles Dodgers,Toronto Blue Jays
822833,2026-04-08,2026,Regular Season,50,6,bottom,660271,Shohei Ohtani,676391,Ernie Clement,R,R,4,9cd88072-ef4d-3577-b558-768e3a03b2e6,Sweeper,ST,"In play, out(s)","In play, out(s)",1,2,2,84.8,2789.0,0.9334393311122753,2.2081600740434366,3.191,1.61,660821,,,Forceout,0,2,1,true,Los Angeles Dodgers,Toronto Blue Jays
823963,2026-04-15,2026,Regular Season,1,1,top,660271,Shohei Ohtani,596019,Francisco Lindor,R,L,1,21e1f267-93df-380d-9b5c-50cead31a4bb,Four-Seam Fastball,FF,Ball,Ball,1,0,0,96.9,2345.0,-1.6514526510866112,3.645708863008521,3.108,1.568,,,,,,,,,New York Mets,Los Angeles Dodgers
823963,2026-04-15,2026,Regular Season,1,1,top,660271,Shohei Ohtani,596019,Francisco Lindor,R,L,2,1c9371c9-a15e-3194-bda7-0a56b03518c6,Four-Seam Fastball,FF,Swinging Strike,Swinging Strike,1,1,0,95.9,2304.0,-0.006438906495859099,3.62038908073797,3.108,1.568,,,,,,,,,New York Mets,Los Angeles Dodgers
823963,2026-04-15,2026,Regular Season,1,1,top,660271,Shohei Ohtani,596019,Francisco Lindor,R,L,3,74326b69-a90d-3c39-a905-359782ee68a2,Curveball,CU,Ball,Ball,2,1,0,73.2,2552.0,-0.860268937947573,3.0918248895267437,3.108,1.568,,,,,,,,,New York Mets,Los Angeles Dodgers
823963,2026-04-15,2026,Regular Season,1,1,top,660271,Shohei Ohtani,596019,Francisco Lindor,R,L,4,aa719d53-dc3d-3f5b-9eda-31cace0c3d0a,Four-Seam Fastball,FF,Swinging Strike,Swinging Strike,2,2,0,97.6,2396.0,0.023971138834520744,2.7734682871236265,3.108,1.568,,,,,,,,,New York Mets,Los Angeles Dodgers
823963,2026-04-15,2026,Regular Season,1,1,top,660271,Shohei Ohtani,596019,Francisco Lindor,R,L,5,c08b2acf-cb5d-33ac-8fa7-9ca62539410f,Four-Seam Fastball,FF,Swinging Strike,Swinging Strike,2,3,0,98.0,2358.0,-0.8548042519867786,3.0745586269052416,3.108,1.568,,,,Strikeout,0,0,0,true,New York Mets,Los Angeles Dodgers
823963,2026-04-15,2026,Regular Season,2,1,top,660271,Shohei Ohtani,673357,Luis Robert Jr.,R,R,1,7a7b81a6-5f61-3731-a318-7e538eda150d,Four-Seam Fastball,FF,Ball,Ball,1,0,1,97.5,2311.0,-1.1460894946415254,4.391571871466412,3.31,1.671,,,,,,,,,New York Mets,Los Angeles Dodgers
823963,2026-04-15,2026,Regular Season,2,1,top,660271,Shohei Ohtani,673357,Luis Robert Jr.,R,R,2,5fce21fd-f278-369f-904c-cfee3025104c,Four-Seam Fastball,FF,Called Strike,Called Strike,1,1,1,96.1,2425.0,0.26014715497308805,3.0246118434938785,3.31,1.671,,,,,,,,,New York Mets,Los Angeles Dodgers
823963,2026-04-15,2026,Regular Season,2,1,top,660271,Shohei Ohtani,673357,Luis Robert Jr.,R,R,3,8bd9d9f8-a486-328f-8072-656169d0920f,Sweeper,ST,Foul,Foul,1,2,1,85.1,2644.0,0.6033733555887928,3.424012460178917,3.31,1.671,,,,,,,,,New York Mets,Los Angeles Dodgers
823963,2026-04-15,2026,Regular Season,2,1,top,660271,Shohei Ohtani,673357,Luis Robert Jr.,R,R,4,8491b890-3bb8-3eb6-941b-d012646e5451,Four-Seam Fastball,FF,Foul,Foul,1,2,1,97.8,2364.0,1.1820274190051483,2.9412797056010382,3.31,1.671,,,,,,,,,New York Mets,Los Angeles Dodgers
823963,2026-04-15,2026,Regular Season,2,1,top,660271,Shohei Ohtani,673357,Luis Robert Jr.,R,R,5,56942438-80a1-3291-82d6-0fd8f750ffb1,Slider,SL,"In play, out(s)","In play, out(s)",1,2,1,88.9,2597.0,0.3434492511249017,2.402691340562716,3.31,1.671,,,,Lineout,0,0,0,true,New York Mets,Los Angeles Dodgers
823963,2026-04-15,2026,Regular Season,3,1,top,660271,Shohei Ohtani,683146,Brett Baty,R,L,1,2cdbd286-ad0e-3d9d-a850-99efd422a6b4,Curveball,CU,Ball,Ball,1,0,2,70.4,2666.0,-0.32529282791743147,1.1343528171347272,3.328,1.68,,,,,,,,,New York Mets,Los Angeles Dodgers
823963,2026-04-15,2026,Regular Season,3,1,top,660271,Shohei Ohtani,683146,Brett Baty,R,L,2,1fa1110a-d525-300e-a79b-a414ffac2ee1,Four-Seam Fastball,FF,"In play, out(s)","In play, out(s)",1,0,2,97.2,2487.0,0.00851274163346269,2.728442880019039,3.328,1.68,,,,Groundout,0,0,0,true,New York Mets,Los Angeles Dodgers
823963,2026-04-15,2026,Regular Season,8,2,top,660271,Shohei Ohtani,666182,Bo Bichette,R,R,1,d04ec316-d190-358d-83a2-ee8b0e8bd5fa,Four-Seam Fastball,FF,"In play, out(s)","In play, out(s)",0,0,0,98.1,2373.0,0.5319783318994196,1.8139653104472957,3.162,1.596,,,,Groundout,0,0,0,true,New York Mets,Los Angeles Dodgers
823963,2026-04-15,2026,Regular Season,9,2,top,660271,Shohei Ohtani,682626,Francisco Alvarez,R,R,1,0699ca64-7178-373f-a7a1-5e1bed645090,Four-Seam Fastball,FF,Called Strike,Called Strike,0,1,1,97.7,2502.0,-0.04427008353004497,3.3161096939049624,3.121,1.575,,,,,,,,,New York Mets,Los Angeles Dodgers
823963,2026-04-15,2026,Regular Season,9,2,top,660271,Shohei Ohtani,682626,Francisco Alvarez,R,R,2,a5489660-baa7-3319-9e28-1bbfa3914e02,Sweeper,ST,Ball,Ball,1,1,1,86.1,2674.0,0.8021428437259281,2.033506462999851,3.121,1.575,,,,,,,,,New York Mets,Los Angeles Dodgers
823963,2026-04-15,2026,Regular Season,9,2,top,660271,Shohei Ohtani,682626,Francisco Alvarez,R,R,3,fdf7dd62-8d1e-34ba-b0a3-595bab328798,Sweeper,ST,Swinging Strike,Swinging Strike,1,2,1,85.7,2680.0,1.760670587192423,0.963424764752691,3.121,1.575,,,,,,,,,New York Mets,Los Angeles Dodgers
823963,2026-04-15,2026,Regular Season,9,2,top,660271,Shohei Ohtani,682626,Francisco Alvarez,R,R,4,9923daa6-52b4-30f4-81ad-770d7bce096d,Sweeper,ST,Ball,Ball,2,2,1,85.7,2815.0,2.305365160961063,1.282100304777092,3.121,1.575,,,,,,,,,New York Mets,Los Angeles Dodgers
823963,2026-04-15,2026,Regular Season,9,2,top,660271,Shohei Ohtani,682626,Francisco Alvarez,R,R,5,15e9201f-0e2d-3c3b-92c3-02b789886b44,Four-Seam Fastball,FF,Called Strike,Called Strike,2,3,1,98.7,2588.0,0.2938868075470764,2.1483216016029685,3.121,1.575,,,,Strikeout,0,0,0,true,New York Mets,Los Angeles Dodgers
823963,2026-04-15,2026,Regular Season,10,2,top,660271,Shohei Ohtani,701807,Carson Benge,R,L,1,47e97470-7de8-371f-8336-103989287e14,Curveball,CU,Ball,Ball,1,0,2,72.3,2616.0,-1.4791597760258002,2.562361642416051,3.259,1.645,,,,,,,,,New York Mets,Los Angeles Dodgers
823963,2026-04-15,2026,Regular Season,10,2,top,660271,Shohei Ohtani,701807,Carson Benge,R,L,2,d58e746b-fc37-34eb-b4ab-b23a17ea4b26,Four-Seam Fastball,FF,Called Strike,Called Strike,1,1,2,96.5,2570.0,0.5236351872503467,1.8413707749480168,3.259,1.645,,,,,,,,,New York Mets,Los Angeles Dodgers
823963,2026-04-15,2026,Regular Season,10,2,top,660271,Shohei Ohtani,701807,Carson Benge,R,L,3,e4775fb6-2588-339f-9fcb-5d7f525bb6bd,Curveball,CU,Called Strike,Called Strike,1,2,2,74.6,2765.0,0.18755748612147113,2.1139889196804,3.259,1.645,,,,,,,,,New York Mets,Los Angeles Dodgers
823963,2026-04-15,2026,Regular Season,10,2,top,660271,Shohei Ohtani,701807,Carson Benge,R,L,4,d6879f42-3614-3999-9ae2-9861b2b7e852,Splitter,FS,"In play, out(s)","In play, out(s)",1,2,2,90.5,1612.0,-1.2604381948872319,1.8641383490522294,3.259,1.645,,,,Groundout,0,0,0,true,New York Mets,Los Angeles Dodgers
823963,2026-04-15,2026,Regular Season,16,3,top,660271,Shohei Ohtani,543760,Marcus Semien,R,R,1,114b38f5-3f54-31f2-a6f1-670b38c32f2c,Four-Seam Fastball,FF,Ball,Ball,1,0,0,95.3,2332.0,-1.1982742356448775,3.166108063626001,3.212,1.621,,,,,,,,,New York Mets,Los Angeles Dodgers
823963,2026-04-15,2026,Regular Season,16,3,top,660271,Shohei Ohtani,543760,Marcus Semien,R,R,2,534df7ea-8a23-3fc9-b16d-2a5bb8f0d1a2,Four-Seam Fastball,FF,Swinging Strike,Swinging Strike,1,1,0,96.0,2372.0,1.0720800568615145,3.042056474039243,3.212,1.621,,,,,,,,,New York Mets,Los Angeles Dodgers
823963,2026-04-15,2026,Regular Season,16,3,top,660271,Shohei Ohtani,543760,Marcus Semien,R,R,3,1dbec7db-3238-392b-bcae-7a9734836e0e,Four-Seam Fastball,FF,Swinging Strike,Swinging Strike,1,2,0,98.0,2387.0,0.2649431391917103,2.535415844268083,3.212,1.621,,,,,,,,,New York Mets,Los Angeles Dodgers
823963,2026-04-15,2026,Regular Season,16,3,top,660271,Shohei Ohtani,543760,Marcus Semien,R,R,4,3a9276ed-809b-3674-a518-91410405bf0c,Four-Seam Fastball,FF,Foul,Foul,1,2,0,98.2,2369.0,0.2581648357882793,2.5804278773175064,3.212,1.621,,,,,,,,,New York Mets,Los Angeles Dodgers
823963,2026-04-15,2026,Regular Season,16,3,top,660271,Shohei Ohtani,543760,Marcus Semien,R,R,5,62170b15-da74-3dbc-b15b-730bb2c693b6,Sweeper,ST,Swinging Strike,Swinging Strike,1,3,0,86.3,2815.0,1.0602607723263036,2.7573011168027772,3.212,1.621,,,,Strikeout,0,0,2,true,New York Mets,Los Angeles Dodgers
823963,2026-04-15,2026,Regular Season,17,3,top,660271,Shohei Ohtani,669004,MJ Melendez,R,L,1,cd9da3ce-6349-3e62-9190-ba4a9344c4fb,Curveball,CU,Ball,Ball,1,0,1,72.5,2594.0,-1.3256163018570528,3.2315822697438383,3.229,1.629,,,,,,,,,New York Mets,Los Angeles Dodgers
823963,2026-04-15,2026,Regular Season,17,3,top,660271,Shohei Ohtani,669004,MJ Melendez,R,L,2,97893240-52f3-3b75-bc73-003769fd23c7,Four-Seam Fastball,FF,Foul,Foul,1,1,1,97.2,2509.0,0.5457566091523,2.410149220363807,3.229,1.629,,,,,,,,,New York Mets,Los Angeles Dodgers
823963,2026-04-15,2026,Regular Season,17,3,top,660271,Shohei Ohtani,669004,MJ Melendez,R,L,3,641d65dc-e060-30b1-a182-381f10450e25,Four-Seam Fastball,FF,Ball,Ball,2,1,1,98.0,2514.0,0.8844349039212558,1.2288198840507367,3.229,1.629,,,,,,,,,New York Mets,Los Angeles Dodgers
823963,2026-04-15,2026,Regular Season,17,3,top,660271,Shohei Ohtani,669004,MJ Melendez,R,L,4,946e253a-6d83-30d9-958c-db978b4b53fd,Four-Seam Fastball,FF,"In play, no out","In play, no out",2,1,1,97.1,2420.0,-0.41923775514036965,2.908486287246052,3.229,1.629,,,,Double,0,0,2,false,New York Mets,Los Angeles Dodgers
823963,2026-04-15,2026,Regular Season,18,3,top,660271,Shohei Ohtani,502054,Tommy Pham,R,R,1,27ce35e5-8cd4-3163-8ba9-d0ff32affb32,Four-Seam Fastball,FF,Foul,Foul,0,1,1,97.8,2514.0,-0.8307008126208851,2.6345437810769012,3.273,1.652,,669004,,,,,,,New York Mets,Los Angeles Dodgers
823963,2026-04-15,2026,Regular Season,18,3,top,660271,Shohei Ohtani,502054,Tommy Pham,R,R,2,ce660a28-f634-3034-af50-1c9da4f70311,Sweeper,ST,Foul,Foul,0,2,1,85.3,2738.0,0.16981261264828942,2.201502474532444,3.273,1.652,,669004,,,,,,,New York Mets,Los Angeles Dodgers
823963,2026-04-15,2026,Regular Season,18,3,top,660271,Shohei Ohtani,502054,Tommy Pham,R,R,3,61d8f589-9b2b-3d39-9d4c-1ef6414a98d4,Sweeper,ST,Ball,Ball,1,2,1,86.1,2773.0,1.3890382684340679,1.5435987556426134,3.273,1.652,,669004,,,,,,,New York Mets,Los Angeles Dodgers
823963,2026-04-15,2026,Regular Season,18,3,top,660271,Shohei Ohtani,502054,Tommy Pham,R,R,4,83cb9918-fb33-3f52-af26-fc746acd0694,Sweeper,ST,Ball,Ball,2,2,1,85.2,2873.0,1.2239974116951553,1.244383724180496,3.273,1.652,,669004,,,,,,,New York Mets,Los Angeles Dodgers
823963,2026-04-15,2026,Regular Season,18,3,top,660271,Shohei Ohtani,502054,Tommy Pham,R,R,5,3db66864-a35b-3a11-b112-091827d62350,Four-Seam Fastball,FF,Swinging Strike,Swinging Strike,2,3,1,97.8,2503.0,-0.44976291192023277,3.085625888369922,3.273,1.652,,669004,,Strikeout,0,0,2,true,New York Mets,Los Angeles Dodgers
823963,2026-04-15,2026,Regular Season,19,3,top,660271,Shohei Ohtani,596019,Francisco Lindor,R,L,1,cc82395e-cb0d-3979-a6a5-77355db2e390,Curveball,CU,Foul,Foul,0,1,2,76.7,2687.0,0.104700570357266,1.7908404449022735,3.108,1.568,,669004,,,,,,,New York Mets,Los Angeles Dodgers
823963,2026-04-15,2026,Regular Season,19,3,top,660271,Shohei Ohtani,596019,Francisco Lindor,R,L,2,4b90014f-8a15-37a7-b2e7-9d5c7d4025ad,Splitter,FS,Swinging Strike,Swinging Strike,0,2,2,88.9,1376.0,0.029070922247337858,1.2719386354543487,3.108,1.568,,669004,,,,,,,New York Mets,Los Angeles Dodgers
823963,2026-04-15,2026,Regular Season,19,3,top,660271,Shohei Ohtani,596019,Francisco Lindor,R,L,3,b578b8f0-566c-319d-9405-a7aa64f712e0,Splitter,FS,Ball In Dirt,Ball In Dirt,1,2,2,89.4,1690.0,1.4738167529135504,-0.7068110229176825,3.108,1.568,,669004,,,,,,,New York Mets,Los Angeles Dodgers
823963,2026-04-15,2026,Regular Season,19,3,top,660271,Shohei Ohtani,596019,Francisco Lindor,R,L,4,05cbdfd4-258a-3070-84d2-73044df7fa71,Four-Seam Fastball,FF,Ball,Ball,2,2,2,99.3,2481.0,-1.3189801816045947,3.226350740977868,3.108,1.568,,669004,,,,,,,New York Mets,Los Angeles Dodgers
823963,2026-04-15,2026,Regular Season,19,3,top,660271,Shohei Ohtani,596019,Francisco Lindor,R,L,5,60faee63-92f1-3301-aa4c-fc976b0ee70c,Four-Seam Fastball,FF,Foul,Foul,2,2,2,98.0,2494.0,0.06939354522133367,2.434869410630686,3.108,1.568,,669004,,,,,,,New York Mets,Los Angeles Dodgers
823963,2026-04-15,2026,Regular Season,19,3,top,660271,Shohei Ohtani,596019,Francisco Lindor,R,L,6,f4ea2cf2-11ee-3d07-b882-6ea5e09ce657,Splitter,FS,Foul,Foul,2,2,2,89.2,1431.0,-0.17811162149614646,1.4452253298786266,3.108,1.568,,669004,,,,,,,New York Mets,Los Angeles Dodgers
823963,2026-04-15,2026,Regular Season,19,3,top,660271,Shohei Ohtani,596019,Francisco Lindor,R,L,7,9ecfb88a-51ed-3047-a67b-c3088a9db864,Four-Seam Fastball,FF,Foul,Foul,2,2,2,98.8,2481.0,-0.23692632700962607,3.1806035463546425,3.108,1.568,,669004,,,,,,,New York Mets,Los Angeles Dodgers
823963,2026-04-15,2026,Regular Season,19,3,top,660271,Shohei Ohtani,596019,Francisco Lindor,R,L,8,cafeedaa-5105-369c-874a-bfb70761cf32,Curveball,CU,Ball,Ball,3,2,2,79.1,2728.0,0.8393227657320927,2.1858777111339363,3.108,1.568,,669004,,,,,,,New York Mets,Los Angeles Dodgers
823963,2026-04-15,2026,Regular Season,19,3,top,660271,Shohei Ohtani,596019,Francisco Lindor,R,L,9,e7975e6d-6c18-3312-874e-174e09eb68f8,Splitter,FS,Foul,Foul,3,2,2,89.1,1661.0,-0.505105477989465,2.4428881161248444,3.108,1.568,,669004,,,,,,,New York Mets,Los Angeles Dodgers
823963,2026-04-15,2026,Regular Season,19,3,top,660271,Shohei Ohtani,596019,Francisco Lindor,R,L,10,c15c14fb-99a5-3c85-be30-395e364b1da0,Sweeper,ST,Foul,Foul,3,2,2,85.4,2785.0,-0.04403979735229794,3.1084357295072746,3.108,1.568,,669004,,,,,,,New York Mets,Los Angeles Dodgers
823963,2026-04-15,2026,Regular Season,19,3,top,660271,Shohei Ohtani,596019,Francisco Lindor,R,L,11,5b4692ae-ae4d-34d0-bca9-243a73a75133,Four-Seam Fastball,FF,Foul Tip,Foul Tip,3,3,2,99.6,2557.0,-1.3361686319048196,3.2135727151805855,3.108,1.568,,669004,,Strikeout,0,0,2,true,New York Mets,Los Angeles Dodgers
823963,2026-04-15,2026,Regular Season,24,4,top,660271,Shohei Ohtani,673357,Luis Robert Jr.,R,R,1,0fa50581-b1ae-34ab-8691-558d7f48c77f,Sweeper,ST,Foul,Foul,0,1,0,81.9,2663.0,0.47790400206234485,2.3747400840362163,3.31,1.671,,,,,,,,,New York Mets,Los Angeles Dodgers
823963,2026-04-15,2026,Regular Season,24,4,top,660271,Shohei Ohtani,673357,Luis Robert Jr.,R,R,2,fe2c4b19-a8e7-3ef3-85a1-774f6aa70437,Four-Seam Fastball,FF,Foul,Foul,0,2,0,97.7,2381.0,0.6344464805845549,2.902705312357426,3.31,1.671,,,,,,,,,New York Mets,Los Angeles Dodgers
823963,2026-04-15,2026,Regular Season,24,4,top,660271,Shohei Ohtani,673357,Luis Robert Jr.,R,R,3,028f96fb-8aa2-37de-a9eb-3162c1845b25,Splitter,FS,Ball,Ball,1,2,0,89.6,1680.0,1.4037272240471088,1.5452264289539006,3.31,1.671,,,,,,,,,New York Mets,Los Angeles Dodgers
823963,2026-04-15,2026,Regular Season,24,4,top,660271,Shohei Ohtani,673357,Luis Robert Jr.,R,R,4,c4949ad0-6979-3adc-baed-50e6782e1e76,Curveball,CU,Swinging Strike,Swinging Strike,1,3,0,80.0,2756.0,1.4950697419169103,2.4029999158010917,3.31,1.671,,,,Strikeout,0,0,2,true,New York Mets,Los Angeles Dodgers
823963,2026-04-15,2026,Regular Season,25,4,top,660271,Shohei Ohtani,683146,Brett Baty,R,L,1,eb64a6ae-2126-3378-8cd8-bba14b63a98a,Four-Seam Fastball,FF,Ball,Ball,1,0,1,98.8,2488.0,-0.8006294334569692,3.7069584203695065,3.328,1.68,,,,,,,,,New York Mets,Los Angeles Dodgers
823963,2026-04-15,2026,Regular Season,25,4,top,660271,Shohei Ohtani,683146,Brett Baty,R,L,2,79185d18-1690-36e1-9a1a-5ec09c79d916,Four-Seam Fastball,FF,Called Strike,Called Strike,1,1,1,98.0,2458.0,-0.4468354703081133,2.107214819366234,3.328,1.68,,,,,,,,,New York Mets,Los Angeles Dodgers
823963,2026-04-15,2026,Regular Season,25,4,top,660271,Shohei Ohtani,683146,Brett Baty,R,L,3,fe41df0c-af7b-3716-983a-f3676a16fcd6,Sweeper,ST,Foul,Foul,1,2,1,84.4,2700.0,-0.054574372613625355,1.6324351572860967,3.328,1.68,,,,,,,,,New York Mets,Los Angeles Dodgers
823963,2026-04-15,2026,Regular Season,25,4,top,660271,Shohei Ohtani,683146,Brett Baty,R,L,4,0050beb2-508c-3e41-912d-93760117c4cf,Curveball,CU,Ball,Ball,2,2,1,79.4,2757.0,1.5838799305950086,0.7332407894106329,3.328,1.68,,,,,,,,,New York Mets,Los Angeles Dodgers
823963,2026-04-15,2026,Regular Season,25,4,top,660271,Shohei Ohtani,683146,Brett Baty,R,L,5,0b39f949-0972-30cd-96c8-e2c548975492,Four-Seam Fastball,FF,"In play, out(s)","In play, out(s)",2,2,1,98.4,2401.0,0.5003840150084585,2.6342050003867588,3.328,1.68,,,,Groundout,0,0,2,true,New York Mets,Los Angeles Dodgers
823963,2026-04-15,2026,Regular Season,26,4,top,660271,Shohei Ohtani,666182,Bo Bichette,R,R,1,9a5dcb88-994f-3ea6-a295-ea8c60989267,Curveball,CU,Ball,Ball,1,0,2,73.3,2537.0,0.5626344717501797,1.373020996637952,3.162,1.596,,,,,,,,,New York Mets,Los Angeles Dodgers
823963,2026-04-15,2026,Regular Season,26,4,top,660271,Shohei Ohtani,666182,Bo Bichette,R,R,2,ed9392f9-5b50-35e4-b27b-a72050c6167c,Four-Seam Fastball,FF,Ball,Ball,2,0,2,97.4,2373.0,1.495497981040471,2.7768208114969792,3.162,1.596,,,,,,,,,New York Mets,Los Angeles Dodgers
823963,2026-04-15,2026,Regular Season,26,4,top,660271,Shohei Ohtani,666182,Bo Bichette,R,R,3,81aa6854-c2e3-3459-9b1e-6f892c323777,Sinker,SI,"In play, out(s)","In play, out(s)",2,0,2,95.3,2120.0,0.06569166911768795,2.146869122651802,3.162,1.596,,,,Groundout,0,0,2,true,New York Mets,Los Angeles Dodgers
823963,2026-04-15,2026,Regular Season,31,5,top,660271,Shohei Ohtani,682626,Francisco Alvarez,R,R,1,0dc088c5-f038-3b42-8b3d-049cfd394f9d,Sinker,SI,Ball,Ball,1,0,0,94.9,2058.0,-0.43980892318696824,1.2711842736949615,3.121,1.575,,,,,,,,,New York Mets,Los Angeles Dodgers
823963,2026-04-15,2026,Regular Season,31,5,top,660271,Shohei Ohtani,682626,Francisco Alvarez,R,R,2,45716fcb-b496-3217-b499-3af05d86380b,Sinker,SI,Ball,Ball,2,0,0,96.2,2070.0,0.46528119446154015,0.8929171717850963,3.121,1.575,,,,,,,,,New York Mets,Los Angeles Dodgers
823963,2026-04-15,2026,Regular Season,31,5,top,660271,Shohei Ohtani,682626,Francisco Alvarez,R,R,3,21762c71-79bd-3371-80f1-e0610abfb4c8,Four-Seam Fastball,FF,Swinging Strike,Swinging Strike,2,1,0,96.5,2351.0,0.7808923881218905,1.7262253830354441,3.121,1.575,,,,,,,,,New York Mets,Los Angeles Dodgers
823963,2026-04-15,2026,Regular Season,31,5,top,660271,Shohei Ohtani,682626,Francisco Alvarez,R,R,4,00c3f2d4-ac1e-37f7-ad8c-7c82b92f142a,Four-Seam Fastball,FF,Swinging Strike,Swinging Strike,2,2,0,96.4,2319.0,-0.7060914409890923,3.3013928157664143,3.121,1.575,,,,,,,,,New York Mets,Los Angeles Dodgers
823963,2026-04-15,2026,Regular Season,31,5,top,660271,Shohei Ohtani,682626,Francisco Alvarez,R,R,5,249fc0e7-d639-3f17-b5de-19f1da4ed008,Sweeper,ST,Ball,Ball,3,2,0,85.6,2622.0,-0.7506766817486747,3.3141402746476887,3.121,1.575,,,,,,,,,New York Mets,Los Angeles Dodgers
823963,2026-04-15,2026,Regular Season,31,5,top,660271,Shohei Ohtani,682626,Francisco Alvarez,R,R,6,e6f022d6-ba79-33f7-b62a-f82c89222bc2,Sweeper,ST,Ball,Ball,4,2,0,83.2,2678.0,-0.49829441380603745,3.7376295450471355,3.121,1.575,,,,Walk,0,0,2,false,New York Mets,Los Angeles Dodgers
823963,2026-04-15,2026,Regular Season,32,5,top,660271,Shohei Ohtani,701807,Carson Benge,R,L,1,e58a7ed4-7759-3132-8a0d-32e1e4c934ae,Four-Seam Fastball,FF,Ball,Ball,1,0,0,96.5,2352.0,-2.4981262186687894,3.9108907502851316,3.259,1.645,682626,,,,,,,,New York Mets,Los Angeles Dodgers
823963,2026-04-15,2026,Regular Season,32,5,top,660271,Shohei Ohtani,701807,Carson Benge,R,L,2,834dd698-7a75-33c4-b916-69a42e82af53,Four-Seam Fastball,FF,Foul,Foul,1,1,0,97.2,2270.0,-0.0681407484615643,2.512660822194122,3.259,1.645,682626,,,,,,,,New York Mets,Los Angeles Dodgers
823963,2026-04-15,2026,Regular Season,32,5,top,660271,Shohei Ohtani,701807,Carson Benge,R,L,3,5cf716e9-fd8e-3adc-aeb7-cff09ec74375,Four-Seam Fastball,FF,Called Strike,Called Strike,1,2,0,98.4,2478.0,-0.1970051034209499,2.0959436261003455,3.259,1.645,682626,,,,,,,,New York Mets,Los Angeles Dodgers
823963,2026-04-15,2026,Regular Season,32,5,top,660271,Shohei Ohtani,701807,Carson Benge,R,L,4,08938cc5-22f6-345d-870e-ce10ad175a6b,Four-Seam Fastball,FF,"In play, out(s)","In play, out(s)",1,2,0,98.9,2424.0,-0.10685494737771914,1.9360466386220925,3.259,1.645,682626,,,Forceout,0,0,2,true,New York Mets,Los Angeles Dodgers
823963,2026-04-15,2026,Regular Season,33,5,top,660271,Shohei Ohtani,543760,Marcus Semien,R,R,1,4e877aa9-0ea6-3c85-989a-77365073b038,Four-Seam Fastball,FF,Ball,Ball,1,0,1,96.6,2472.0,1.0050113196214059,2.377730416159748,3.212,1.621,701807,,,,,,,,New York Mets,Los Angeles Dodgers
823963,2026-04-15,2026,Regular Season,33,5,top,660271,Shohei Ohtani,543760,Marcus Semien,R,R,2,06b7596b-8e27-3030-9ea8-68fc3a46f424,Four-Seam Fastball,FF,Ball,Ball,2,0,1,96.9,2557.0,0.738831886732987,3.5761217525846516,3.212,1.621,701807,,,,,,,,New York Mets,Los Angeles Dodgers
823963,2026-04-15,2026,Regular Season,33,5,top,660271,Shohei Ohtani,543760,Marcus Semien,R,R,3,8fd3d697-b19e-3018-aee0-eb6a299cd76f,Four-Seam Fastball,FF,Ball,Ball,3,0,1,95.4,2439.0,-1.44529901897496,2.617831986987117,3.212,1.621,701807,,,,,,,,New York Mets,Los Angeles Dodgers
823963,2026-04-15,2026,Regular Season,33,5,top,660271,Shohei Ohtani,543760,Marcus Semien,R,R,4,7aa396f6-8794-3dd9-97fa-2d647c07e536,Four-Seam Fastball,FF,Called Strike,Called Strike,3,1,1,95.8,2524.0,-0.43176122661594957,2.9262869534170584,3.212,1.621,701807,,,,,,,,New York Mets,Los Angeles Dodgers
823963,2026-04-15,2026,Regular Season,33,5,top,660271,Shohei Ohtani,543760,Marcus Semien,R,R,5,0aeb522d-284d-37a6-bbed-b1dcc4ef4442,Sweeper,ST,Ball,Ball,4,1,1,82.5,2633.0,-1.048000438087453,2.797772151058584,3.212,1.621,701807,,,Walk,0,0,2,false,New York Mets,Los Angeles Dodgers
823963,2026-04-15,2026,Regular Season,34,5,top,660271,Shohei Ohtani,669004,MJ Melendez,R,L,1,679651c2-9441-3200-8a5a-08785703a793,Curveball,CU,Called Strike,Called Strike,0,1,1,73.7,2595.0,-0.378456977044393,1.8728165821150577,3.229,1.629,543760,701807,,,,,,,New York Mets,Los Angeles Dodgers
823963,2026-04-15,2026,Regular Season,34,5,top,660271,Shohei Ohtani,669004,MJ Melendez,R,L,2,6207978c-3d1a-3c81-a017-da295b401e5f,Splitter,FS,"In play, run(s)","In play, run(s)",0,1,1,88.2,1574.0,-0.6057684743934985,2.0366325005508505,3.229,1.629,543760,701807,,Double,1,1,2,false,New York Mets,Los Angeles Dodgers
823963,2026-04-15,2026,Regular Season,35,5,top,660271,Shohei Ohtani,502054,Tommy Pham,R,R,1,cab2e96c-da65-3458-9ced-31438b9628b3,Sweeper,ST,Swinging Strike,Swinging Strike,0,1,1,86.7,2671.0,0.928436627881022,2.140971349277972,3.273,1.652,,669004,543760,,,,,,New York Mets,Los Angeles Dodgers
823963,2026-04-15,2026,Regular Season,35,5,top,660271,Shohei Ohtani,502054,Tommy Pham,R,R,2,607b2539-7ca0-3d36-b0d3-50d30c3a4e6d,Four-Seam Fastball,FF,Foul Tip,Foul Tip,0,2,1,100.2,2683.0,0.9092888533342589,2.3005293038731374,3.273,1.652,,669004,543760,,,,,,New York Mets,Los Angeles Dodgers
823963,2026-04-15,2026,Regular Season,35,5,top,660271,Shohei Ohtani,502054,Tommy Pham,R,R,3,100e8b29-cba6-3722-a1c8-2da1bdca2ec3,Four-Seam Fastball,FF,Foul Tip,Foul Tip,0,3,1,100.3,2629.0,-0.19590117676908342,2.7006663749147695,3.273,1.652,,669004,543760,Strikeout,0,1,2,true,New York Mets,Los Angeles Dodgers
823963,2026-04-15,2026,Regular Season,36,5,top,660271,Shohei Ohtani,596019,Francisco Lindor,R,L,1,5dafa0c7-b42e-32b4-9d6c-df15c37ed36a,Four-Seam Fastball,FF,Called Strike,Called Strike,0,1,2,100.1,2495.0,0.08163748392695319,1.822953874399981,3.108,1.568,,669004,543760,,,,,,New York Mets,Los Angeles Dodgers
823963,2026-04-15,2026,Regular Season,36,5,top,660271,Shohei Ohtani,596019,Francisco Lindor,R,L,2,3a009137-83d2-381d-a194-af64313f6565,Four-Seam Fastball,FF,"In play, out(s)","In play, out(s)",0,1,2,100.4,2465.0,0.03521745951907111,1.7716329390766272,3.108,1.568,,669004,543760,Lineout,0,1,2,true,New York Mets,Los Angeles Dodgers
823963,2026-04-15,2026,Regular Season,41,6,top,660271,Shohei Ohtani,673357,Luis Robert Jr.,R,R,1,2b9271d0-7560-3c29-8595-3a9c3eaf73bf,Four-Seam Fastball,FF,Swinging Strike,Swinging Strike,0,1,0,96.8,2354.0,-0.2791624471090996,3.872303758530599,3.31,1.671,,,,,,,,,New York Mets,Los Angeles Dodgers
823963,2026-04-15,2026,Regular Season,41,6,top,660271,Shohei Ohtani,673357,Luis Robert Jr.,R,R,2,334bf9d6-e8ed-3d4c-a1a6-99eb0b6e4c8f,Four-Seam Fastball,FF,Foul,Foul,0,2,0,98.0,2427.0,-0.031783594873465736,3.63595419469692,3.31,1.671,,,,,,,,,New York Mets,Los Angeles Dodgers
823963,2026-04-15,2026,Regular Season,41,6,top,660271,Shohei Ohtani,673357,Luis Robert Jr.,R,R,3,4188d4a4-e6d0-3d07-93da-4b14fdfb23cd,Sweeper,ST,Ball,Ball,1,2,0,85.5,2615.0,1.2473658030625936,1.905284477783376,3.31,1.671,,,,,,,,,New York Mets,Los Angeles Dodgers
823963,2026-04-15,2026,Regular Season,41,6,top,660271,Shohei Ohtani,673357,Luis Robert Jr.,R,R,4,f81da1aa-95a9-345d-a5de-12b37d327683,Four-Seam Fastball,FF,Swinging Strike,Swinging Strike,1,3,0,97.4,2453.0,-0.6061294532243297,3.8131493232282963,3.31,1.671,,,,Strikeout,0,1,2,true,New York Mets,Los Angeles Dodgers
823963,2026-04-15,2026,Regular Season,42,6,top,660271,Shohei Ohtani,683146,Brett Baty,R,L,1,af984294-75a4-3ff3-a960-e9192ba4b64d,Four-Seam Fastball,FF,Ball,Ball,1,0,1,97.7,2385.0,-1.1140791052020231,3.4598774806508135,3.328,1.68,,,,,,,,,New York Mets,Los Angeles Dodgers
823963,2026-04-15,2026,Regular Season,42,6,top,660271,Shohei Ohtani,683146,Brett Baty,R,L,2,46edbb21-41df-301f-9b21-18ad76b20b06,Four-Seam Fastball,FF,Ball,Ball,2,0,1,97.1,2401.0,-1.1985233906292327,2.9775528905734014,3.328,1.68,,,,,,,,,New York Mets,Los Angeles Dodgers
823963,2026-04-15,2026,Regular Season,42,6,top,660271,Shohei Ohtani,683146,Brett Baty,R,L,3,5f8e8dd6-4fdf-3778-a491-ddac8028e85a,Sweeper,ST,Called Strike,Called Strike,2,1,1,81.1,2451.0,-0.849655259720159,3.1166609616691456,3.328,1.68,,,,,,,,,New York Mets,Los Angeles Dodgers
823963,2026-04-15,2026,Regular Season,42,6,top,660271,Shohei Ohtani,683146,Brett Baty,R,L,4,88b6d881-fbcd-346b-9121-5464aa2393e2,Sweeper,ST,Swinging Strike,Swinging Strike,2,2,1,84.5,2680.0,1.0988047545204542,1.4129130323591057,3.328,1.68,,,,,,,,,New York Mets,Los Angeles Dodgers
823963,2026-04-15,2026,Regular Season,42,6,top,660271,Shohei Ohtani,683146,Brett Baty,R,L,5,4dbe542a-a17d-3928-87db-fb18d18dfb9d,Four-Seam Fastball,FF,Foul,Foul,2,2,1,97.0,2511.0,0.3721175173467262,1.769393254594067,3.328,1.68,,,,,,,,,New York Mets,Los Angeles Dodgers
823963,2026-04-15,2026,Regular Season,42,6,top,660271,Shohei Ohtani,683146,Brett Baty,R,L,6,cd54a93c-32f2-3e2f-8853-c7ca32a96309,Splitter,FS,Foul,Foul,2,2,1,89.2,1532.0,-0.925910832986857,2.578627192485705,3.328,1.68,,,,,,,,,New York Mets,Los Angeles Dodgers
823963,2026-04-15,2026,Regular Season,42,6,top,660271,Shohei Ohtani,683146,Brett Baty,R,L,7,fb0ad2af-9ddf-3127-989d-b1894af63c70,Curveball,CU,Swinging Strike,Swinging Strike,2,3,1,71.5,2527.0,-1.0032163874760573,2.7884429852230266,3.328,1.68,,,,Strikeout,0,1,2,true,New York Mets,Los Angeles Dodgers
823963,2026-04-15,2026,Regular Season,43,6,top,660271,Shohei Ohtani,666182,Bo Bichette,R,R,1,947d087f-ca70-3513-be23-ee7ca929a9d3,Four-Seam Fastball,FF,Foul,Foul,0,1,2,96.6,2467.0,0.5322587345598142,2.338899926035157,3.162,1.596,,,,,,,,,New York Mets,Los Angeles Dodgers
823963,2026-04-15,2026,Regular Season,43,6,top,660271,Shohei Ohtani,666182,Bo Bichette,R,R,2,90153fad-6c1c-3a43-86d9-14198a863cae,Sweeper,ST,Swinging Strike,Swinging Strike,0,2,2,81.7,2669.0,-0.0342998711680753,2.935959048113666,3.162,1.596,,,,,,,,,New York Mets,Los Angeles Dodgers
823963,2026-04-15,2026,Regular Season,43,6,top,660271,Shohei Ohtani,666182,Bo Bichette,R,R,3,9ff40d77-7197-3029-996d-b41c38996497,Splitter,FS,Swinging Strike,Swinging Strike,0,3,2,88.1,1693.0,-0.7824038458481362,1.6795926744664027,3.162,1.596,,,,Strikeout,0,1,2,true,New York Mets,Los Angeles Dodgers
823231,2026-04-22,2026,Regular Season,6,1,bottom,660271,Shohei Ohtani,642715,Willy Adames,R,R,1,8d732efb-96b6-3318-8e7c-87183553bc04,Four-Seam Fastball,FF,Called Strike,Called Strike,0,1,0,97.7,2440.0,0.2072805178764842,2.748843072320703,3.224,1.627,,,,,,,,,Los Angeles Dodgers,San Francisco Giants
823231,2026-04-22,2026,Regular Season,6,1,bottom,660271,Shohei Ohtani,642715,Willy Adames,R,R,2,7677de40-7a66-3087-b0f7-d4c1fb391917,Sinker,SI,Ball,Ball,1,1,0,97.1,2190.0,1.3004171241654952,1.298706167838581,3.224,1.627,,,,,,,,,Los Angeles Dodgers,San Francisco Giants
823231,2026-04-22,2026,Regular Season,6,1,bottom,660271,Shohei Ohtani,642715,Willy Adames,R,R,3,4afcd7c8-fa81-3da5-98e9-fd288aec7d3b,Sweeper,ST,Swinging Strike,Swinging Strike,1,2,0,84.7,2631.0,0.6106146383582067,1.9377650313872135,3.224,1.627,,,,,,,,,Los Angeles Dodgers,San Francisco Giants
823231,2026-04-22,2026,Regular Season,6,1,bottom,660271,Shohei Ohtani,642715,Willy Adames,R,R,4,f1aa3616-cccf-3809-b8c1-ff26e2fcc38c,Sweeper,ST,Ball,Ball,2,2,0,86.7,2726.0,2.2478308274621144,2.9908653196346884,3.224,1.627,,,,,,,,,Los Angeles Dodgers,San Francisco Giants
823231,2026-04-22,2026,Regular Season,6,1,bottom,660271,Shohei Ohtani,642715,Willy Adames,R,R,5,b31eaff4-942a-3197-a6de-b7b5e103f712,Four-Seam Fastball,FF,Foul,Foul,2,2,0,98.0,2432.0,-0.4230785390638943,2.10298970074753,3.224,1.627,,,,,,,,,Los Angeles Dodgers,San Francisco Giants
823231,2026-04-22,2026,Regular Season,6,1,bottom,660271,Shohei Ohtani,642715,Willy Adames,R,R,6,65540a26-c922-349f-a631-68e595e971c9,Four-Seam Fastball,FF,Called Strike,Called Strike,2,3,0,98.9,2427.0,0.403671947834548,2.1706734687306803,3.224,1.627,,,,Strikeout,0,0,0,true,Los Angeles Dodgers,San Francisco Giants
823231,2026-04-22,2026,Regular Season,7,1,bottom,660271,Shohei Ohtani,650333,Luis Arraez,R,L,1,9202b02c-7d52-3f7a-82a2-2a7be026097c,Four-Seam Fastball,FF,Called Strike,Called Strike,0,1,1,97.0,2525.0,-0.5871034574398852,3.0409415232421373,3.124,1.577,,,,,,,,,Los Angeles Dodgers,San Francisco Giants
823231,2026-04-22,2026,Regular Season,7,1,bottom,660271,Shohei Ohtani,650333,Luis Arraez,R,L,2,d862b486-014d-368f-810a-b39d207ab0d6,Four-Seam Fastball,FF,Ball,Ball,1,1,1,99.4,2546.0,1.0285640346859783,1.443721507691639,3.124,1.577,,,,,,,,,Los Angeles Dodgers,San Francisco Giants
823231,2026-04-22,2026,Regular Season,7,1,bottom,660271,Shohei Ohtani,650333,Luis Arraez,R,L,3,1d34c38f-1e7f-3c60-a47c-8b91ceba900a,Splitter,FS,"In play, no out","In play, no out",1,1,1,90.0,1550.0,-0.023724477950348218,1.5669220453019812,3.124,1.577,,,,Single,0,0,0,false,Los Angeles Dodgers,San Francisco Giants
823231,2026-04-22,2026,Regular Season,8,1,bottom,660271,Shohei Ohtani,656305,Matt Chapman,R,R,1,5ec4aed5-90f8-368f-b434-99665514a058,Sweeper,ST,Called Strike,Called Strike,0,1,1,85.5,2632.0,-0.27740154947685247,2.342974844376086,3.251,1.641,650333,,,,,,,,Los Angeles Dodgers,San Francisco Giants
823231,2026-04-22,2026,Regular Season,8,1,bottom,660271,Shohei Ohtani,656305,Matt Chapman,R,R,2,9e8957d8-e216-3712-9b1c-d461f9e5c6ab,Sweeper,ST,Ball,Ball,1,1,1,85.8,2660.0,1.9846180413052155,1.512027533090242,3.251,1.641,650333,,,,,,,,Los Angeles Dodgers,San Francisco Giants
823231,2026-04-22,2026,Regular Season,8,1,bottom,660271,Shohei Ohtani,656305,Matt Chapman,R,R,3,f257beb9-9473-3354-a0e0-da87856a12e1,Sinker,SI,Ball,Ball,2,1,1,96.3,2211.0,1.0179099869613084,0.98051773650264,3.251,1.641,650333,,,,,,,,Los Angeles Dodgers,San Francisco Giants
823231,2026-04-22,2026,Regular Season,8,1,bottom,660271,Shohei Ohtani,656305,Matt Chapman,R,R,4,25ff3f36-0918-3164-9d53-c78affb59f6d,Sweeper,ST,Called Strike,Called Strike,2,2,1,85.7,2715.0,-0.6851877401538813,3.15255839723923,3.251,1.641,650333,,,,,,,,Los Angeles Dodgers,San Francisco Giants
823231,2026-04-22,2026,Regular Season,8,1,bottom,660271,Shohei Ohtani,656305,Matt Chapman,R,R,5,800f58af-082a-373c-941f-671fe96f6268,Four-Seam Fastball,FF,Ball,Ball,3,2,1,98.5,2460.0,0.2622915501536295,1.301224632438123,3.251,1.641,650333,,,,,,,,Los Angeles Dodgers,San Francisco Giants
823231,2026-04-22,2026,Regular Season,8,1,bottom,660271,Shohei Ohtani,656305,Matt Chapman,R,R,6,2fd7c81d-b628-3f06-bf01-07c336e8050b,Sweeper,ST,Swinging Strike,Swinging Strike,3,3,1,87.8,2685.0,0.6072108283949621,2.257872998196262,3.251,1.641,650333,,,Strikeout,0,0,0,true,Los Angeles Dodgers,San Francisco Giants
823231,2026-04-22,2026,Regular Season,9,1,bottom,660271,Shohei Ohtani,646240,Rafael Devers,R,L,1,0b322ca7-79e2-3175-811b-a6aa70bd8831,Four-Seam Fastball,FF,Ball,Ball,1,0,2,99.6,2520.0,0.3978095589327645,1.3834550021941758,3.217,1.624,650333,,,,,,,,Los Angeles Dodgers,San Francisco Giants
823231,2026-04-22,2026,Regular Season,9,1,bottom,660271,Shohei Ohtani,646240,Rafael Devers,R,L,2,b0797ecc-1f16-328f-927e-6ccf2b8cde89,Four-Seam Fastball,FF,Swinging Strike,Swinging Strike,1,1,2,99.5,2537.0,0.18169863388480656,1.9454678581375646,3.217,1.624,650333,,,,,,,,Los Angeles Dodgers,San Francisco Giants
823231,2026-04-22,2026,Regular Season,9,1,bottom,660271,Shohei Ohtani,646240,Rafael Devers,R,L,3,c11c6b19-b383-37a4-bce0-2b1a1cb6d2c3,Four-Seam Fastball,FF,"In play, no out","In play, no out",1,1,2,99.2,2546.0,-0.7083696334706742,2.4019437708926246,3.217,1.624,650333,,,Single,0,0,0,false,Los Angeles Dodgers,San Francisco Giants
823231,2026-04-22,2026,Regular Season,10,1,bottom,660271,Shohei Ohtani,669477,Casey Schmitt,R,R,1,bbd0efbc-7aea-306c-a0ef-5ccf2a18b018,Sweeper,ST,Swinging Strike,Swinging Strike,0,1,2,85.0,2648.0,0.34762029817032875,3.170835841904273,3.196,1.613,646240,650333,,,,,,,Los Angeles Dodgers,San Francisco Giants
823231,2026-04-22,2026,Regular Season,10,1,bottom,660271,Shohei Ohtani,669477,Casey Schmitt,R,R,2,f3010b4a-8c65-3a7d-a00a-bab03034388f,Four-Seam Fastball,FF,Foul,Foul,0,2,2,98.7,2565.0,-0.02408765905299191,2.633688841257334,3.196,1.613,646240,650333,,,,,,,Los Angeles Dodgers,San Francisco Giants
823231,2026-04-22,2026,Regular Season,10,1,bottom,660271,Shohei Ohtani,669477,Casey Schmitt,R,R,3,74914e14-e828-3a45-b1fd-98ac91064560,Sweeper,ST,Swinging Strike,Swinging Strike,0,3,2,87.7,2785.0,1.5211754552080625,1.1979754552393076,3.196,1.613,646240,650333,,Strikeout,0,0,0,true,Los Angeles Dodgers,San Francisco Giants
823231,2026-04-22,2026,Regular Season,15,2,bottom,660271,Shohei Ohtani,808982,Jung Hoo Lee,R,L,1,c7922f9b-a10c-3d00-873f-301bd318b45c,Four-Seam Fastball,FF,Ball,Ball,1,0,0,97.4,2478.0,-0.9639394131258933,3.4661428845710023,3.224,1.627,,,,,,,,,Los Angeles Dodgers,San Francisco Giants
823231,2026-04-22,2026,Regular Season,15,2,bottom,660271,Shohei Ohtani,808982,Jung Hoo Lee,R,L,2,81cd9442-a5bf-3b51-99a1-f6a12ef6834b,Curveball,CU,Ball,Ball,2,0,0,72.0,2540.0,-2.0229365678141926,3.6854422842701906,3.224,1.627,,,,,,,,,Los Angeles Dodgers,San Francisco Giants
823231,2026-04-22,2026,Regular Season,15,2,bottom,660271,Shohei Ohtani,808982,Jung Hoo Lee,R,L,3,09e14704-2fef-3256-b526-8553a6fcd1d5,Four-Seam Fastball,FF,Foul,Foul,2,1,0,98.5,2672.0,-0.6030716903006199,2.7725648482313057,3.224,1.627,,,,,,,,,Los Angeles Dodgers,San Francisco Giants
823231,2026-04-22,2026,Regular Season,15,2,bottom,660271,Shohei Ohtani,808982,Jung Hoo Lee,R,L,4,43a5b43a-d940-3339-bcc8-22d37153ab9d,Four-Seam Fastball,FF,Called Strike,Called Strike,2,2,0,99.4,2739.0,0.2224951314655365,2.0551274872658194,3.224,1.627,,,,,,,,,Los Angeles Dodgers,San Francisco Giants
823231,2026-04-22,2026,Regular Season,15,2,bottom,660271,Shohei Ohtani,808982,Jung Hoo Lee,R,L,5,ee684370-0222-37db-ab35-f643da749405,Four-Seam Fastball,FF,Swinging Strike,Swinging Strike,2,3,0,100.0,2613.0,0.26371615874503956,2.4999643264953457,3.224,1.627,,,,Strikeout,0,0,0,true,Los Angeles Dodgers,San Francisco Giants
823231,2026-04-22,2026,Regular Season,16,2,bottom,660271,Shohei Ohtani,671218,Heliot Ramos,R,R,1,2977c7e8-64aa-3516-bb4c-2c4b46a8003e,Sweeper,ST,Called Strike,Called Strike,0,1,1,87.2,2725.0,0.06990859944698712,2.6092084269068736,3.184,1.607,,,,,,,,,Los Angeles Dodgers,San Francisco Giants
823231,2026-04-22,2026,Regular Season,16,2,bottom,660271,Shohei Ohtani,671218,Heliot Ramos,R,R,2,27849b3b-7640-347f-b381-2cc9110ba764,Four-Seam Fastball,FF,Ball,Ball,1,1,1,100.1,2587.0,0.5736762946631623,1.4988184609149762,3.184,1.607,,,,,,,,,Los Angeles Dodgers,San Francisco Giants
823231,2026-04-22,2026,Regular Season,16,2,bottom,660271,Shohei Ohtani,671218,Heliot Ramos,R,R,3,20c8572f-9b09-345f-b125-c93724e57ab7,Four-Seam Fastball,FF,Called Strike,Called Strike,1,2,1,99.4,2806.0,0.3626210328195126,2.0514142250085206,3.184,1.607,,,,,,,,,Los Angeles Dodgers,San Francisco Giants
823231,2026-04-22,2026,Regular Season,16,2,bottom,660271,Shohei Ohtani,671218,Heliot Ramos,R,R,4,fd6c815a-8b1b-3000-a255-6000b54c9908,Sweeper,ST,"In play, out(s)","In play, out(s)",1,2,1,88.6,2845.0,0.9172961903940904,2.1669228216631424,3.184,1.607,,,,Groundout,0,0,0,true,Los Angeles Dodgers,San Francisco Giants
823231,2026-04-22,2026,Regular Season,17,2,bottom,660271,Shohei Ohtani,687551,Drew Gilbert,R,L,1,9da5d9bc-a93c-3a41-83f9-5fba58f3218d,Four-Seam Fastball,FF,Called Strike,Called Strike,0,1,2,99.7,2568.0,-0.5997293717936437,1.9382962611958678,3.059,1.544,,,,,,,,,Los Angeles Dodgers,San Francisco Giants
823231,2026-04-22,2026,Regular Season,17,2,bottom,660271,Shohei Ohtani,687551,Drew Gilbert,R,L,2,3039246e-8348-3741-bcf6-3385a996ee14,Four-Seam Fastball,FF,"In play, out(s)","In play, out(s)",0,1,2,98.7,2665.0,0.7633621366925172,2.635047313608986,3.059,1.544,,,,Pop Out,0,0,0,true,Los Angeles Dodgers,San Francisco Giants
823231,2026-04-22,2026,Regular Season,21,3,bottom,660271,Shohei Ohtani,672275,Patrick Bailey,R,L,1,60f0b44d-b1ea-3c50-8699-5e99e1e3a4e5,Four-Seam Fastball,FF,Foul,Foul,0,1,0,99.2,2550.0,0.498199658029524,2.2469891709721708,3.224,1.627,,,,,,,,,Los Angeles Dodgers,San Francisco Giants
823231,2026-04-22,2026,Regular Season,21,3,bottom,660271,Shohei Ohtani,672275,Patrick Bailey,R,L,2,968cad91-92dc-399c-bb7a-1cc223d5eaf4,Four-Seam Fastball,FF,"In play, out(s)","In play, out(s)",0,1,0,99.7,2575.0,-0.044151433616939725,3.064785146042501,3.224,1.627,,,,Flyout,0,0,0,true,Los Angeles Dodgers,San Francisco Giants
823231,2026-04-22,2026,Regular Season,22,3,bottom,660271,Shohei Ohtani,642715,Willy Adames,R,R,1,65e2e0ac-f47a-39c0-8e06-bba6e6b18190,Sweeper,ST,Swinging Strike,Swinging Strike,0,1,1,85.7,2729.0,0.45643653330441486,2.017301139573378,3.224,1.627,,,,,,,,,Los Angeles Dodgers,San Francisco Giants
823231,2026-04-22,2026,Regular Season,22,3,bottom,660271,Shohei Ohtani,642715,Willy Adames,R,R,2,34285db5-bcf0-3e94-95b8-a735c0644705,Sweeper,ST,"In play, out(s)","In play, out(s)",0,1,1,85.8,2882.0,0.24883528517585624,2.5216891339013277,3.224,1.627,,,,Lineout,0,0,0,true,Los Angeles Dodgers,San Francisco Giants
823231,2026-04-22,2026,Regular Season,23,3,bottom,660271,Shohei Ohtani,650333,Luis Arraez,R,L,1,9dd98ac7-ebb2-3849-b230-4383712cc835,Four-Seam Fastball,FF,Called Strike,Called Strike,0,1,2,95.4,2558.0,-0.09624745157277613,2.8145857439493955,3.124,1.577,,,,,,,,,Los Angeles Dodgers,San Francisco Giants
823231,2026-04-22,2026,Regular Season,23,3,bottom,660271,Shohei Ohtani,650333,Luis Arraez,R,L,2,d920a0a6-52e7-3a16-b907-61b9a5ee12da,Four-Seam Fastball,FF,Foul,Foul,0,2,2,99.3,2655.0,-0.01982200749324798,2.21983184487816,3.124,1.577,,,,,,,,,Los Angeles Dodgers,San Francisco Giants
823231,2026-04-22,2026,Regular Season,23,3,bottom,660271,Shohei Ohtani,650333,Luis Arraez,R,L,3,7abeb4b7-cd0e-33d3-9e17-8da3b5d39478,Four-Seam Fastball,FF,"In play, out(s)","In play, out(s)",0,2,2,98.2,2456.0,-0.8781399701839734,2.882266691798114,3.124,1.577,,,,Groundout,0,0,0,true,Los Angeles Dodgers,San Francisco Giants
823231,2026-04-22,2026,Regular Season,29,4,bottom,660271,Shohei Ohtani,656305,Matt Chapman,R,R,1,c5f67fe4-1d74-3412-af9f-1095c4ec4ea5,Four-Seam Fastball,FF,Ball,Ball,1,0,0,97.6,2520.0,-0.1701300778573543,4.241330852671048,3.251,1.641,,,,,,,,,Los Angeles Dodgers,San Francisco Giants
823231,2026-04-22,2026,Regular Season,29,4,bottom,660271,Shohei Ohtani,656305,Matt Chapman,R,R,2,d83295d5-5278-3df3-a8be-a754a44f6a3f,Four-Seam Fastball,FF,Called Strike,Called Strike,1,1,0,97.2,2524.0,0.5403551104333016,1.8852844714263701,3.251,1.641,,,,,,,,,Los Angeles Dodgers,San Francisco Giants
823231,2026-04-22,2026,Regular Season,29,4,bottom,660271,Shohei Ohtani,656305,Matt Chapman,R,R,3,4d55bfc0-3fd4-33e0-851d-3ead9cc79207,Sweeper,ST,"In play, out(s)","In play, out(s)",1,1,0,87.0,2697.0,0.4823967518378941,2.387202907459354,3.251,1.641,,,,Pop Out,0,0,0,true,Los Angeles Dodgers,San Francisco Giants
823231,2026-04-22,2026,Regular Season,30,4,bottom,660271,Shohei Ohtani,646240,Rafael Devers,R,L,1,53224aee-7ff2-35a2-b29f-3fc28ac1fbf6,Four-Seam Fastball,FF,Swinging Strike,Swinging Strike,0,1,1,98.7,2571.0,0.9977970382757471,1.882572446356627,3.217,1.624,,,,,,,,,Los Angeles Dodgers,San Francisco Giants
823231,2026-04-22,2026,Regular Season,30,4,bottom,660271,Shohei Ohtani,646240,Rafael Devers,R,L,2,65e14022-7c42-3faa-a7b5-79a89f9abaef,Curveball,CU,Ball,Ball,1,1,1,76.0,2728.0,-0.7203732993829128,3.2543886851056643,3.217,1.624,,,,,,,,,Los Angeles Dodgers,San Francisco Giants
823231,2026-04-22,2026,Regular Season,30,4,bottom,660271,Shohei Ohtani,646240,Rafael Devers,R,L,3,16bc0170-59aa-31ff-a045-638adc2b11ff,Four-Seam Fastball,FF,Ball,Ball,2,1,1,99.3,2605.0,1.536579173986624,0.9016457475936399,3.217,1.624,,,,,,,,,Los Angeles Dodgers,San Francisco Giants
823231,2026-04-22,2026,Regular Season,30,4,bottom,660271,Shohei Ohtani,646240,Rafael Devers,R,L,4,7ea39167-c357-3f74-9254-36d5933593f1,Splitter,FS,"In play, out(s)","In play, out(s)",2,1,1,89.7,1702.0,-1.069569713237431,2.6837686508759258,3.217,1.624,,,,Groundout,0,0,0,true,Los Angeles Dodgers,San Francisco Giants
823231,2026-04-22,2026,Regular Season,31,4,bottom,660271,Shohei Ohtani,669477,Casey Schmitt,R,R,1,f36c2932-ee89-36ae-87f4-ca3c0642e489,Curveball,CU,Ball,Ball,1,0,2,71.5,2561.0,-0.8299311733708874,4.513194077364048,3.196,1.613,,,,,,,,,Los Angeles Dodgers,San Francisco Giants
823231,2026-04-22,2026,Regular Season,31,4,bottom,660271,Shohei Ohtani,669477,Casey Schmitt,R,R,2,e649912b-dd63-3a38-92eb-289f15e3d66c,Sweeper,ST,Foul,Foul,1,1,2,84.8,2747.0,0.5470692054943826,2.472828571781473,3.196,1.613,,,,,,,,,Los Angeles Dodgers,San Francisco Giants
823231,2026-04-22,2026,Regular Season,31,4,bottom,660271,Shohei Ohtani,669477,Casey Schmitt,R,R,3,5d4164b4-4861-3a89-b6b5-279d4587dbd5,Four-Seam Fastball,FF,Swinging Strike,Swinging Strike,1,2,2,98.5,2563.0,0.8870271182382912,1.9241075741666156,3.196,1.613,,,,,,,,,Los Angeles Dodgers,San Francisco Giants
823231,2026-04-22,2026,Regular Season,31,4,bottom,660271,Shohei Ohtani,669477,Casey Schmitt,R,R,4,17869bb4-c75d-3fc5-8065-bb2fbacdaa55,Four-Seam Fastball,FF,Foul,Foul,1,2,2,98.1,2581.0,0.9335343100146999,1.7134430275551138,3.196,1.613,,,,,,,,,Los Angeles Dodgers,San Francisco Giants
823231,2026-04-22,2026,Regular Season,31,4,bottom,660271,Shohei Ohtani,669477,Casey Schmitt,R,R,5,2253c4a3-a937-30da-a330-ad5d1e275be2,Sweeper,ST,Foul,Foul,1,2,2,85.6,2785.0,0.6790170783464312,2.350916616770905,3.196,1.613,,,,,,,,,Los Angeles Dodgers,San Francisco Giants
823231,2026-04-22,2026,Regular Season,31,4,bottom,660271,Shohei Ohtani,669477,Casey Schmitt,R,R,6,823a846a-da6f-3111-9c96-66b1cb1a030a,Curveball,CU,"In play, out(s)","In play, out(s)",1,2,2,79.2,2786.0,-0.7539098888581537,2.600290455904948,3.196,1.613,,,,Flyout,0,0,0,true,Los Angeles Dodgers,San Francisco Giants
823231,2026-04-22,2026,Regular Season,35,5,bottom,660271,Shohei Ohtani,808982,Jung Hoo Lee,R,L,1,5d5dfd1c-ee3c-35a2-9826-c6d1b4a0835d,Sweeper,ST,Ball,Ball,1,0,0,84.2,2707.0,0.2530352815005195,1.5228530438890007,3.224,1.627,,,,,,,,,Los Angeles Dodgers,San Francisco Giants
823231,2026-04-22,2026,Regular Season,35,5,bottom,660271,Shohei Ohtani,808982,Jung Hoo Lee,R,L,2,5dd7c669-31b6-3f4b-8320-47b66c473dcc,Sweeper,ST,Swinging Strike,Swinging Strike,1,1,0,87.8,2805.0,0.6168759528627774,0.8683903484076279,3.224,1.627,,,,,,,,,Los Angeles Dodgers,San Francisco Giants
823231,2026-04-22,2026,Regular Season,35,5,bottom,660271,Shohei Ohtani,808982,Jung Hoo Lee,R,L,3,a2cbdf59-8a8c-3246-b81a-4046226bd00d,Four-Seam Fastball,FF,"In play, out(s)","In play, out(s)",1,1,0,100.2,2537.0,0.5084301112126111,2.394322629936324,3.224,1.627,,,,Groundout,0,0,0,true,Los Angeles Dodgers,San Francisco Giants
823231,2026-04-22,2026,Regular Season,36,5,bottom,660271,Shohei Ohtani,671218,Heliot Ramos,R,R,1,1ff0bd57-4766-36e3-97b5-f097fec81555,Sweeper,ST,Swinging Strike,Swinging Strike,0,1,1,84.7,2782.0,-0.06552868104733406,1.6863841968981585,3.184,1.607,,,,,,,,,Los Angeles Dodgers,San Francisco Giants
823231,2026-04-22,2026,Regular Season,36,5,bottom,660271,Shohei Ohtani,671218,Heliot Ramos,R,R,2,8de36d0f-a083-3696-be80-9839176a5d06,Four-Seam Fastball,FF,Swinging Strike,Swinging Strike,0,2,1,99.8,2529.0,-0.5173498995530356,3.330390064784086,3.184,1.607,,,,,,,,,Los Angeles Dodgers,San Francisco Giants
823231,2026-04-22,2026,Regular Season,36,5,bottom,660271,Shohei Ohtani,671218,Heliot Ramos,R,R,3,0cd9c657-ca32-39fc-875d-6e95f3c0a05a,Four-Seam Fastball,FF,Foul,Foul,0,2,1,99.6,2557.0,-0.7497948625405695,2.6327436668695383,3.184,1.607,,,,,,,,,Los Angeles Dodgers,San Francisco Giants
823231,2026-04-22,2026,Regular Season,36,5,bottom,660271,Shohei Ohtani,671218,Heliot Ramos,R,R,4,9484dcd4-b8a8-347e-9708-0c193ce2e12f,Splitter,FS,"In play, no out","In play, no out",0,2,1,89.1,1606.0,-0.12618888797529704,1.8306675807605253,3.184,1.607,,,,Single,0,0,0,false,Los Angeles Dodgers,San Francisco Giants
823231,2026-04-22,2026,Regular Season,37,5,bottom,660271,Shohei Ohtani,687551,Drew Gilbert,R,L,1,95f624e4-c8d3-373f-aa7f-96d92abba4c9,Four-Seam Fastball,FF,Ball,Ball,1,0,1,100.0,2537.0,-1.7570232017564347,2.6950646539796717,3.059,1.544,671218,,,,,,,,Los Angeles Dodgers,San Francisco Giants
823231,2026-04-22,2026,Regular Season,37,5,bottom,660271,Shohei Ohtani,687551,Drew Gilbert,R,L,2,115ddf1d-18b8-3e19-9cb5-a57126df30ed,Splitter,FS,Ball,Ball,2,0,1,89.7,1718.0,-0.47828375920389116,1.628333808680576,3.059,1.544,671218,,,,,,,,Los Angeles Dodgers,San Francisco Giants
823231,2026-04-22,2026,Regular Season,37,5,bottom,660271,Shohei Ohtani,687551,Drew Gilbert,R,L,3,fb1456e1-6258-36d8-a44c-8f7aba8ace0d,Four-Seam Fastball,FF,Called Strike,Called Strike,2,1,1,99.9,2528.0,-0.683562112728226,1.7664123686151285,3.059,1.544,671218,,,,,,,,Los Angeles Dodgers,San Francisco Giants
823231,2026-04-22,2026,Regular Season,37,5,bottom,660271,Shohei Ohtani,687551,Drew Gilbert,R,L,4,cbffd1ad-c413-303c-95b8-bb95c7f76951,Four-Seam Fastball,FF,Ball,Ball,3,1,1,99.8,2546.0,-1.0006449309012222,2.1115752416457765,3.059,1.544,671218,,,,,,,,Los Angeles Dodgers,San Francisco Giants
823231,2026-04-22,2026,Regular Season,37,5,bottom,660271,Shohei Ohtani,687551,Drew Gilbert,R,L,5,3112fb76-fe9d-3f94-96a7-c2db90bb9e7a,Sweeper,ST,Called Strike,Called Strike,3,2,1,84.1,2727.0,-0.6675593459090943,3.034881337036772,3.059,1.544,671218,,,,,,,,Los Angeles Dodgers,San Francisco Giants
823231,2026-04-22,2026,Regular Season,37,5,bottom,660271,Shohei Ohtani,687551,Drew Gilbert,R,L,6,b2c6ed31-7684-3413-a2a9-6e4ba5acf15e,Four-Seam Fastball,FF,Swinging Strike,Swinging Strike,3,3,1,100.2,2525.0,-0.9929724123212578,2.973709819743047,3.059,1.544,671218,,,Strikeout,0,0,0,true,Los Angeles Dodgers,San Francisco Giants
823231,2026-04-22,2026,Regular Season,38,5,bottom,660271,Shohei Ohtani,672275,Patrick Bailey,R,L,1,8ddbcd07-4e0c-32c6-8a8a-17793d762dd9,Four-Seam Fastball,FF,Ball,Ball,1,0,2,100.6,2577.0,-0.8989620690809998,1.9001318890929226,3.224,1.627,671218,,,,,,,,Los Angeles Dodgers,San Francisco Giants
823231,2026-04-22,2026,Regular Season,38,5,bottom,660271,Shohei Ohtani,672275,Patrick Bailey,R,L,2,8b5bcbe8-2a19-3fc2-9641-adedb425d557,Sweeper,ST,Called Strike,Called Strike,1,1,2,86.8,2893.0,0.5417998235643977,2.2831242905834355,3.224,1.627,671218,,,,,,,,Los Angeles Dodgers,San Francisco Giants
823231,2026-04-22,2026,Regular Season,38,5,bottom,660271,Shohei Ohtani,672275,Patrick Bailey,R,L,3,d525fe8d-f144-31c4-a427-6a12cc352af4,Four-Seam Fastball,FF,"In play, out(s)","In play, out(s)",1,1,2,99.7,2544.0,0.1183414718802832,1.918928979164785,3.224,1.627,671218,,,Groundout,0,0,0,true,Los Angeles Dodgers,San Francisco Giants
823231,2026-04-22,2026,Regular Season,42,6,bottom,660271,Shohei Ohtani,642715,Willy Adames,R,R,1,269e9721-5379-30a4-8fc8-2c9525b079b8,Four-Seam Fastball,FF,Ball,Ball,1,0,0,96.6,2340.0,-0.3423039026020528,4.32008295124026,3.224,1.627,,,,,,,,,Los Angeles Dodgers,San Francisco Giants
823231,2026-04-22,2026,Regular Season,42,6,bottom,660271,Shohei Ohtani,642715,Willy Adames,R,R,2,0310d157-8bf4-3f05-abc5-4af696a750ed,Sweeper,ST,Called Strike,Called Strike,1,1,0,83.8,2686.0,-0.39493118254448817,2.0275596609408364,3.224,1.627,,,,,,,,,Los Angeles Dodgers,San Francisco Giants
823231,2026-04-22,2026,Regular Season,42,6,bottom,660271,Shohei Ohtani,642715,Willy Adames,R,R,3,07bb0ea0-ce25-3908-b641-6cccb191a3cb,Sinker,SI,Foul,Foul,1,2,0,95.8,2124.0,-0.30756604389175646,1.5228768522064455,3.224,1.627,,,,,,,,,Los Angeles Dodgers,San Francisco Giants
823231,2026-04-22,2026,Regular Season,42,6,bottom,660271,Shohei Ohtani,642715,Willy Adames,R,R,4,8d514b00-ed48-3de4-8bb6-a87b4c387ed9,Sweeper,ST,Ball,Ball,2,2,0,86.1,2722.0,1.2946113214568282,1.6389328207589569,3.224,1.627,,,,,,,,,Los Angeles Dodgers,San Francisco Giants
823231,2026-04-22,2026,Regular Season,42,6,bottom,660271,Shohei Ohtani,642715,Willy Adames,R,R,5,30476d11-e1b8-3887-baf9-af37172d4f39,Four-Seam Fastball,FF,Swinging Strike,Swinging Strike,2,3,0,98.5,2426.0,0.14871941568931954,3.079811094201771,3.224,1.627,,,,Strikeout,0,0,0,true,Los Angeles Dodgers,San Francisco Giants
823231,2026-04-22,2026,Regular Season,43,6,bottom,660271,Shohei Ohtani,650333,Luis Arraez,R,L,1,cef87e66-587c-3b68-b830-d7b5ee087f52,Sweeper,ST,Called Strike,Called Strike,0,1,1,82.5,2613.0,-0.7406178718584908,2.1499990015699626,3.124,1.577,,,,,,,,,Los Angeles Dodgers,San Francisco Giants
823231,2026-04-22,2026,Regular Season,43,6,bottom,660271,Shohei Ohtani,650333,Luis Arraez,R,L,2,237bdf87-5fb2-32ba-97d0-56fea7929ce9,Splitter,FS,Swinging Strike,Swinging Strike,0,2,1,90.5,1541.0,0.11101347256286662,0.75806311530006,3.124,1.577,,,,,,,,,Los Angeles Dodgers,San Francisco Giants
823231,2026-04-22,2026,Regular Season,43,6,bottom,660271,Shohei Ohtani,650333,Luis Arraez,R,L,3,4a65b3d7-e9b8-387b-8328-5affcd90ef2d,Splitter,FS,Ball,Ball,1,2,1,89.9,1397.0,-0.1245172315008876,0.14293676221001067,3.124,1.577,,,,,,,,,Los Angeles Dodgers,San Francisco Giants
823231,2026-04-22,2026,Regular Season,43,6,bottom,660271,Shohei Ohtani,650333,Luis Arraez,R,L,4,3f93c10f-c432-3ff4-bdb9-39cab33fb0a1,Four-Seam Fastball,FF,"In play, out(s)","In play, out(s)",1,2,1,97.9,2453.0,-0.10889460408274128,3.8447926983748624,3.124,1.577,,,,Groundout,0,0,0,true,Los Angeles Dodgers,San Francisco Giants
823231,2026-04-22,2026,Regular Season,44,6,bottom,660271,Shohei Ohtani,656305,Matt Chapman,R,R,1,1b01a5a8-080c-3f52-bed9-ada9676dce65,Sweeper,ST,Called Strike,Called Strike,0,1,2,85.2,2792.0,-0.6097219416806763,2.3227866820807486,3.251,1.641,,,,,,,,,Los Angeles Dodgers,San Francisco Giants
823231,2026-04-22,2026,Regular Season,44,6,bottom,660271,Shohei Ohtani,656305,Matt Chapman,R,R,2,e742f414-45de-33ad-9073-8bdc14801c66,Four-Seam Fastball,FF,Ball,Ball,1,1,2,97.8,2571.0,1.4163224992529602,2.25930638456998,3.251,1.641,,,,,,,,,Los Angeles Dodgers,San Francisco Giants
823231,2026-04-22,2026,Regular Season,44,6,bottom,660271,Shohei Ohtani,656305,Matt Chapman,R,R,3,52b0f289-7ce8-3da7-9014-96b32d35dd22,Four-Seam Fastball,FF,Swinging Strike,Swinging Strike,1,2,2,97.7,2469.0,0.20513807181783145,2.417541935935975,3.251,1.641,,,,,,,,,Los Angeles Dodgers,San Francisco Giants
823231,2026-04-22,2026,Regular Season,44,6,bottom,660271,Shohei Ohtani,656305,Matt Chapman,R,R,4,a7720ed6-17e9-3fe6-9f8f-97d56589cbbe,Four-Seam Fastball,FF,Foul,Foul,1,2,2,97.8,2553.0,0.8493604000720466,2.9857992492695713,3.251,1.641,,,,,,,,,Los Angeles Dodgers,San Francisco Giants
823231,2026-04-22,2026,Regular Season,44,6,bottom,660271,Shohei Ohtani,656305,Matt Chapman,R,R,5,65f2dc54-a7ae-315a-b81a-8ea3bc57f3ad,Splitter,FS,Ball,Ball,2,2,2,88.5,1414.0,1.2004173556970112,1.4618571972678285,3.251,1.641,,,,,,,,,Los Angeles Dodgers,San Francisco Giants
823231,2026-04-22,2026,Regular Season,44,6,bottom,660271,Shohei Ohtani,656305,Matt Chapman,R,R,6,f7eb5401-9cfc-3f65-a6a4-c0875f09ef76,Sweeper,ST,"In play, no out","In play, no out",2,2,2,85.5,2713.0,0.7248555917591037,1.7916428033325127,3.251,1.641,,,,Single,0,0,0,false,Los Angeles Dodgers,San Francisco Giants
823231,2026-04-22,2026,Regular Season,45,6,bottom,660271,Shohei Ohtani,646240,Rafael Devers,R,L,1,83c7b6aa-c6e2-3bc4-93fc-5487c98f0ec6,Splitter,FS,Ball,Ball,1,0,2,86.7,1088.0,-1.3843602765385747,4.562430596238031,3.217,1.624,656305,,,,,,,,Los Angeles Dodgers,San Francisco Giants
823231,2026-04-22,2026,Regular Season,45,6,bottom,660271,Shohei Ohtani,646240,Rafael Devers,R,L,2,7cda1be4-db51-3a79-894b-f016e4828a53,Four-Seam Fastball,FF,Called Strike,Called Strike,1,1,2,98.6,2460.0,-0.5336223751827275,1.9635205385379741,3.217,1.624,656305,,,,,,,,Los Angeles Dodgers,San Francisco Giants
823231,2026-04-22,2026,Regular Season,45,6,bottom,660271,Shohei Ohtani,646240,Rafael Devers,R,L,3,5e1cf194-5b8e-38ec-9d3f-5f87da0065c7,Four-Seam Fastball,FF,Ball,Ball,2,1,2,98.6,2486.0,-1.0741025735745438,2.367138762802054,3.217,1.624,656305,,,,,,,,Los Angeles Dodgers,San Francisco Giants
823231,2026-04-22,2026,Regular Season,45,6,bottom,660271,Shohei Ohtani,646240,Rafael Devers,R,L,4,8d94364e-f401-3225-84d9-beb205def550,Splitter,FS,"In play, no out","In play, no out",2,1,2,88.2,1325.0,0.591978614782678,1.5936087652534006,3.217,1.624,656305,,,Double,0,0,0,false,Los Angeles Dodgers,San Francisco Giants
823231,2026-04-22,2026,Regular Season,46,6,bottom,660271,Shohei Ohtani,669477,Casey Schmitt,R,R,1,c86d347b-d4dc-300b-aa7e-1e9792596cd9,Four-Seam Fastball,FF,Foul,Foul,0,1,2,100.2,2338.0,0.3807559582721742,2.457312097236065,3.196,1.613,,646240,656305,,,,,,Los Angeles Dodgers,San Francisco Giants
823231,2026-04-22,2026,Regular Season,46,6,bottom,660271,Shohei Ohtani,669477,Casey Schmitt,R,R,2,a3aac936-3656-3d51-91cd-728cf42f0fcc,Sweeper,ST,Ball,Ball,1,1,2,87.5,2817.0,1.9233698327169473,1.5116655477779215,3.196,1.613,,646240,656305,,,,,,Los Angeles Dodgers,San Francisco Giants
823231,2026-04-22,2026,Regular Season,46,6,bottom,660271,Shohei Ohtani,669477,Casey Schmitt,R,R,3,d178c07c-6369-35ee-b081-aaf3bd570059,Sweeper,ST,Swinging Strike,Swinging Strike,1,2,2,87.8,2888.0,1.3469362803542617,2.3453995916635306,3.196,1.613,,646240,656305,,,,,,Los Angeles Dodgers,San Francisco Giants
823231,2026-04-22,2026,Regular Season,46,6,bottom,660271,Shohei Ohtani,669477,Casey Schmitt,R,R,4,7e42daa2-1daf-3bf2-9e56-bb2eba54bef1,Sweeper,ST,Swinging Strike,Swinging Strike,1,3,2,87.8,2971.0,1.3502770569889126,1.9176375321886974,3.196,1.613,,646240,656305,Strikeout,0,0,0,true,Los Angeles Dodgers,San Francisco Giants
823956,2026-04-28,2026,Regular Season,1,1,top,660271,Shohei Ohtani,805300,Jakob Marsee,R,L,1,0a242055-bf67-32a9-ae4d-cf19ff04e3c0,Four-Seam Fastball,FF,Foul,Foul,0,1,0,98.1,2505.0,-0.03858160275237108,2.937830992649838,3.212,1.621,,,,,,,,,Miami Marlins,Los Angeles Dodgers
823956,2026-04-28,2026,Regular Season,1,1,top,660271,Shohei Ohtani,805300,Jakob Marsee,R,L,2,c2cf0795-0f14-3c56-86c3-b81d8ad7d125,Four-Seam Fastball,FF,Foul,Foul,0,2,0,98.1,2433.0,-0.09547675393081693,2.6313455304072733,3.212,1.621,,,,,,,,,Miami Marlins,Los Angeles Dodgers
823956,2026-04-28,2026,Regular Season,1,1,top,660271,Shohei Ohtani,805300,Jakob Marsee,R,L,3,55654130-f7be-3fba-95b7-a84c1f867c77,Splitter,FS,Foul,Foul,0,2,0,88.2,1541.0,-0.07833279375960239,1.3935371741427605,3.212,1.621,,,,,,,,,Miami Marlins,Los Angeles Dodgers
823956,2026-04-28,2026,Regular Season,1,1,top,660271,Shohei Ohtani,805300,Jakob Marsee,R,L,4,983f78ca-43d5-3ab9-b129-f249309982c5,Four-Seam Fastball,FF,Ball,Ball,1,2,0,98.4,2398.0,-1.302716529659488,3.5980244667970265,3.212,1.621,,,,,,,,,Miami Marlins,Los Angeles Dodgers
823956,2026-04-28,2026,Regular Season,1,1,top,660271,Shohei Ohtani,805300,Jakob Marsee,R,L,5,378385db-3260-36c1-ab7e-72f0e3a92610,Splitter,FS,Called Strike,Called Strike,1,3,0,87.7,1409.0,-0.4290518864570739,3.0683002606594774,3.212,1.621,,,,Strikeout,0,0,0,true,Miami Marlins,Los Angeles Dodgers
823956,2026-04-28,2026,Regular Season,2,1,top,660271,Shohei Ohtani,669065,Kyle Stowers,R,L,1,dd9cb249-50ab-3651-a63f-67e36875462a,Four-Seam Fastball,FF,Foul,Foul,0,1,1,98.3,2363.0,0.35007658357948335,2.426467024213171,3.295,1.663,,,,,,,,,Miami Marlins,Los Angeles Dodgers
823956,2026-04-28,2026,Regular Season,2,1,top,660271,Shohei Ohtani,669065,Kyle Stowers,R,L,2,29446811-e3cc-3edc-b6da-d5b0571b1cb7,Curveball,CU,Ball,Ball,1,1,1,73.7,2534.0,-0.5319344172068308,1.393264957148695,3.295,1.663,,,,,,,,,Miami Marlins,Los Angeles Dodgers
823956,2026-04-28,2026,Regular Season,2,1,top,660271,Shohei Ohtani,669065,Kyle Stowers,R,L,3,40fde008-9aed-323b-a961-e9a24b87ea84,Four-Seam Fastball,FF,Foul,Foul,1,2,1,97.9,2464.0,0.8549450904740395,2.635564605256924,3.295,1.663,,,,,,,,,Miami Marlins,Los Angeles Dodgers
823956,2026-04-28,2026,Regular Season,2,1,top,660271,Shohei Ohtani,669065,Kyle Stowers,R,L,4,0ded7f7d-2629-3867-a699-fee08b6d17ce,Splitter,FS,Called Strike,Called Strike,1,3,1,89.1,1463.0,-0.6367535609529912,2.931323805392564,3.295,1.663,,,,Strikeout,0,0,0,true,Miami Marlins,Los Angeles Dodgers
823956,2026-04-28,2026,Regular Season,3,1,top,660271,Shohei Ohtani,672640,Otto Lopez,R,R,1,f7dfc741-ad9c-3a3c-946c-d9e21ddabb32,Four-Seam Fastball,FF,Foul,Foul,0,1,2,98.0,2405.0,-0.12064703611106764,2.8232206655378125,3.137,1.583,,,,,,,,,Miami Marlins,Los Angeles Dodgers
823956,2026-04-28,2026,Regular Season,3,1,top,660271,Shohei Ohtani,672640,Otto Lopez,R,R,2,7e2b4c8b-9138-3b70-8e4f-e7cc9c18c41d,Sweeper,ST,"In play, no out","In play, no out",0,1,2,83.8,2785.0,0.6085062746036058,2.0304900111973048,3.137,1.583,,,,Double,0,0,0,false,Miami Marlins,Los Angeles Dodgers
823956,2026-04-28,2026,Regular Season,4,1,top,660271,Shohei Ohtani,669364,Xavier Edwards,R,L,1,8596eacb-ce16-3068-910f-abed6a957c5e,Four-Seam Fastball,FF,"In play, out(s)","In play, out(s)",0,0,2,98.9,2528.0,0.6925087610045035,2.701211042014778,3.055,1.542,,672640,,Flyout,0,0,0,true,Miami Marlins,Los Angeles Dodgers
823956,2026-04-28,2026,Regular Season,11,2,top,660271,Shohei Ohtani,682663,Agustín Ramírez,R,R,1,d2742095-afca-3975-9e22-b891dfbaf731,Four-Seam Fastball,FF,Foul,Foul,0,1,0,96.8,2375.0,0.47618197117464733,2.5311632971928355,3.257,1.644,,,,,,,,,Miami Marlins,Los Angeles Dodgers
823956,2026-04-28,2026,Regular Season,11,2,top,660271,Shohei Ohtani,682663,Agustín Ramírez,R,R,2,c70cc555-37a8-3df8-977f-8c85f2157e4b,Sinker,SI,Hit By Pitch,Hit By Pitch,1,1,0,94.6,2167.0,-1.7908341147218647,3.499420893907893,3.257,1.644,,,,Hit By Pitch,0,0,0,false,Miami Marlins,Los Angeles Dodgers
823956,2026-04-28,2026,Regular Season,12,2,top,660271,Shohei Ohtani,681393,Connor Norby,R,R,1,83d14292-9b9f-3058-8e68-36deec5dfc78,Sweeper,ST,Ball,Ball,1,0,0,85.6,2569.0,-0.1589917425709014,3.2930022750805046,3.113,1.571,,,682663,,,,,,Miami Marlins,Los Angeles Dodgers
823956,2026-04-28,2026,Regular Season,12,2,top,660271,Shohei Ohtani,681393,Connor Norby,R,R,2,50da68e8-af93-3cef-a308-4e8aa4dd25e6,Four-Seam Fastball,FF,Swinging Strike,Swinging Strike,1,1,0,98.1,2400.0,0.4900464655660446,2.6021785532861084,3.113,1.571,,,682663,,,,,,Miami Marlins,Los Angeles Dodgers
823956,2026-04-28,2026,Regular Season,12,2,top,660271,Shohei Ohtani,681393,Connor Norby,R,R,3,072b2d89-8136-369e-ae0b-e426acb9e904,Four-Seam Fastball,FF,Called Strike,Called Strike,1,2,0,99.4,2416.0,0.8891368857589614,2.1877506088150946,3.113,1.571,,,682663,,,,,,Miami Marlins,Los Angeles Dodgers
823956,2026-04-28,2026,Regular Season,12,2,top,660271,Shohei Ohtani,681393,Connor Norby,R,R,4,17aa1417-9cd3-3fb2-9bce-8129f71a0542,Four-Seam Fastball,FF,Swinging Strike,Swinging Strike,1,3,0,98.8,2538.0,0.7116160236034839,3.1034774327427916,3.113,1.571,,,682663,Strikeout,0,0,0,true,Miami Marlins,Los Angeles Dodgers
823956,2026-04-28,2026,Regular Season,13,2,top,660271,Shohei Ohtani,683357,Owen Caissie,R,L,1,a62b8783-e5d1-306b-8626-8d0d40c566ef,Curveball,CU,Ball,Ball,1,0,1,75.5,2727.0,-1.4040137578676946,4.041147864152122,3.369,1.7,,,682663,,,,,,Miami Marlins,Los Angeles Dodgers
823956,2026-04-28,2026,Regular Season,13,2,top,660271,Shohei Ohtani,683357,Owen Caissie,R,L,2,54dfb87f-3830-3c8e-8b1b-69598b5f0368,Four-Seam Fastball,FF,Foul,Foul,1,1,1,99.9,2386.0,-0.3520281579888246,3.007329760811222,3.369,1.7,,,682663,,,,,,Miami Marlins,Los Angeles Dodgers
823956,2026-04-28,2026,Regular Season,13,2,top,660271,Shohei Ohtani,683357,Owen Caissie,R,L,3,b5317713-92f5-3416-bfe6-32cde3225401,Four-Seam Fastball,FF,Called Strike,Called Strike,1,2,1,99.7,2441.0,0.2895354937691484,2.5926185348655495,3.369,1.7,,,682663,,,,,,Miami Marlins,Los Angeles Dodgers
823956,2026-04-28,2026,Regular Season,13,2,top,660271,Shohei Ohtani,683357,Owen Caissie,R,L,4,2ad671f4-f709-34e4-9859-763c0e02ff0c,Slider,SL,"In play, run(s)","In play, run(s)",1,2,1,87.1,2694.0,0.05551178676132934,2.378085610293523,3.369,1.7,,,682663,Sac Fly,1,1,0,true,Miami Marlins,Los Angeles Dodgers
823956,2026-04-28,2026,Regular Season,14,2,top,660271,Shohei Ohtani,666624,Christopher Morel,R,R,1,1ad120e1-871a-3163-8df5-deea15442580,Cutter,FC,Foul,Foul,0,1,2,88.7,2163.0,0.06227179459624709,3.078323026336652,3.228,1.629,,,,,,,,,Miami Marlins,Los Angeles Dodgers
823956,2026-04-28,2026,Regular Season,14,2,top,660271,Shohei Ohtani,666624,Christopher Morel,R,R,2,1e86cda3-f2b2-39e4-b46e-86e0660b4466,Four-Seam Fastball,FF,Ball,Ball,1,1,2,98.6,2426.0,1.2988298072300377,1.6909561027379578,3.228,1.629,,,,,,,,,Miami Marlins,Los Angeles Dodgers
823956,2026-04-28,2026,Regular Season,14,2,top,660271,Shohei Ohtani,666624,Christopher Morel,R,R,3,72cb53a5-00cb-354f-8a5a-ba2801cd349c,Sweeper,ST,Called Strike,Called Strike,1,2,2,84.3,2682.0,-0.6646000645718937,3.2280150486709718,3.228,1.629,,,,,,,,,Miami Marlins,Los Angeles Dodgers
823956,2026-04-28,2026,Regular Season,14,2,top,660271,Shohei Ohtani,666624,Christopher Morel,R,R,4,d6d6c702-030c-3a53-9c7b-fca4e84e4732,Four-Seam Fastball,FF,"In play, out(s)","In play, out(s)",1,2,2,98.0,2534.0,0.7233937998924733,3.284376432868929,3.228,1.629,,,,Groundout,0,1,0,true,Miami Marlins,Los Angeles Dodgers
823956,2026-04-28,2026,Regular Season,18,3,top,660271,Shohei Ohtani,688363,Graham Pauley,R,L,1,9653a03a-9d62-3384-8502-1b677b6fb162,Sweeper,ST,Called Strike,Called Strike,0,1,0,80.4,2496.0,0.15963729730984377,3.13977586683777,3.254,1.642,,,,,,,,,Miami Marlins,Los Angeles Dodgers
823956,2026-04-28,2026,Regular Season,18,3,top,660271,Shohei Ohtani,688363,Graham Pauley,R,L,2,96fb3da2-ab30-357b-859a-144f95c69e82,Splitter,FS,"In play, out(s)","In play, out(s)",0,1,0,88.9,1683.0,-0.9224704478835065,2.0289378989980356,3.254,1.642,,,,Groundout,0,1,0,true,Miami Marlins,Los Angeles Dodgers
823956,2026-04-28,2026,Regular Season,19,3,top,660271,Shohei Ohtani,805300,Jakob Marsee,R,L,1,74b6dcb4-8a9c-3409-8662-a1dbd961ff0c,Sweeper,ST,Ball,Ball,1,0,1,81.1,2644.0,-1.3368624654494985,3.544541073515393,3.212,1.621,,,,,,,,,Miami Marlins,Los Angeles Dodgers
823956,2026-04-28,2026,Regular Season,19,3,top,660271,Shohei Ohtani,805300,Jakob Marsee,R,L,2,15828566-4c2b-3f72-9cf1-4882a3d43aa0,Curveball,CU,Ball,Ball,2,0,1,69.1,2596.0,-1.7624605351459264,4.251567703999743,3.212,1.621,,,,,,,,,Miami Marlins,Los Angeles Dodgers
823956,2026-04-28,2026,Regular Season,19,3,top,660271,Shohei Ohtani,805300,Jakob Marsee,R,L,3,ad4b527c-a1c4-343c-b491-9eb7a9cd5288,Four-Seam Fastball,FF,Called Strike,Called Strike,2,1,1,97.1,2488.0,0.23232724481455622,1.8084863630171393,3.212,1.621,,,,,,,,,Miami Marlins,Los Angeles Dodgers
823956,2026-04-28,2026,Regular Season,19,3,top,660271,Shohei Ohtani,805300,Jakob Marsee,R,L,4,2942a970-e079-3d08-b913-069675a1a8f6,Sweeper,ST,Called Strike,Called Strike,2,2,1,83.7,2652.0,-0.7073590263779651,2.8880201535299124,3.212,1.621,,,,,,,,,Miami Marlins,Los Angeles Dodgers
823956,2026-04-28,2026,Regular Season,19,3,top,660271,Shohei Ohtani,805300,Jakob Marsee,R,L,5,d476d1e5-bcb4-3ccc-bbe8-0322ba9f917b,Splitter,FS,Swinging Strike,Swinging Strike,2,3,1,89.0,1588.0,-0.22647729252775514,1.6561996389345863,3.212,1.621,,,,Strikeout,0,1,0,true,Miami Marlins,Los Angeles Dodgers
823956,2026-04-28,2026,Regular Season,20,3,top,660271,Shohei Ohtani,669065,Kyle Stowers,R,L,1,b5407442-7635-3638-8e99-25f1a136ea8d,Curveball,CU,Swinging Strike,Swinging Strike,0,1,2,69.2,2565.0,-1.0092196920556213,2.1547211447624335,3.295,1.663,,,,,,,,,Miami Marlins,Los Angeles Dodgers
823956,2026-04-28,2026,Regular Season,20,3,top,660271,Shohei Ohtani,669065,Kyle Stowers,R,L,2,687becb9-dd67-31cf-ba65-23fee93bf5ea,Splitter,FS,Ball,Ball,1,1,2,90.0,1597.0,0.3829123369484383,0.2256893769131342,3.295,1.663,,,,,,,,,Miami Marlins,Los Angeles Dodgers
823956,2026-04-28,2026,Regular Season,20,3,top,660271,Shohei Ohtani,669065,Kyle Stowers,R,L,3,003779a3-21c0-35f4-bbfc-b3c063869edf,Splitter,FS,Foul,Foul,1,2,2,87.2,1474.0,0.2679158449672272,1.9641376945297835,3.295,1.663,,,,,,,,,Miami Marlins,Los Angeles Dodgers
823956,2026-04-28,2026,Regular Season,20,3,top,660271,Shohei Ohtani,669065,Kyle Stowers,R,L,4,9ecad732-494d-30d3-a428-94935757dab0,Four-Seam Fastball,FF,Swinging Strike,Swinging Strike,1,3,2,98.6,2383.0,-0.5145606617133951,3.707563805163181,3.295,1.663,,,,Strikeout,0,1,0,true,Miami Marlins,Los Angeles Dodgers
823956,2026-04-28,2026,Regular Season,25,4,top,660271,Shohei Ohtani,672640,Otto Lopez,R,R,1,0f783c2a-12a5-33c0-a279-cb67a32e6691,Four-Seam Fastball,FF,Called Strike,Called Strike,0,1,0,95.5,2357.0,0.28997288649249303,3.2274595088179696,3.137,1.583,,,,,,,,,Miami Marlins,Los Angeles Dodgers
823956,2026-04-28,2026,Regular Season,25,4,top,660271,Shohei Ohtani,672640,Otto Lopez,R,R,2,2e314532-bd25-3ffd-b92a-6df3eba26453,Four-Seam Fastball,FF,"In play, out(s)","In play, out(s)",0,1,0,96.3,2409.0,0.20896781837766695,2.969362954136029,3.137,1.583,,,,Flyout,0,1,0,true,Miami Marlins,Los Angeles Dodgers
823956,2026-04-28,2026,Regular Season,26,4,top,660271,Shohei Ohtani,669364,Xavier Edwards,R,L,1,ca6a16e0-c8fd-37d8-8448-7e4db4a97368,Sweeper,ST,Ball,Ball,1,0,1,81.3,2563.0,-1.4109501180786677,3.700504597914093,3.055,1.542,,,,,,,,,Miami Marlins,Los Angeles Dodgers
823956,2026-04-28,2026,Regular Season,26,4,top,660271,Shohei Ohtani,669364,Xavier Edwards,R,L,2,7b0196b7-9a68-3d4b-976e-f1b7d52d87fb,Sweeper,ST,Called Strike,Called Strike,1,1,1,82.6,2583.0,-0.08125154736436128,2.9526251812380697,3.055,1.542,,,,,,,,,Miami Marlins,Los Angeles Dodgers
823956,2026-04-28,2026,Regular Season,26,4,top,660271,Shohei Ohtani,669364,Xavier Edwards,R,L,3,1c353872-c54e-3aaa-ad50-5b7e976bedef,Four-Seam Fastball,FF,"In play, no out","In play, no out",1,1,1,98.5,2437.0,-0.711310844060875,2.307831668770645,3.055,1.542,,,,Single,0,1,0,false,Miami Marlins,Los Angeles Dodgers
823956,2026-04-28,2026,Regular Season,27,4,top,660271,Shohei Ohtani,682663,Agustín Ramírez,R,R,1,b7126921-1db8-3093-a5b4-635c3c523642,Curveball,CU,Called Strike,Called Strike,0,1,1,72.9,2570.0,-0.6194092345870346,2.5968276130572407,3.257,1.644,669364,,,,,,,,Miami Marlins,Los Angeles Dodgers
823956,2026-04-28,2026,Regular Season,27,4,top,660271,Shohei Ohtani,682663,Agustín Ramírez,R,R,2,a188ac90-b019-358d-9a78-7567c6ce6257,Sweeper,ST,Ball,Ball,1,1,1,84.6,2788.0,0.4890529575090655,3.315031498607211,3.257,1.644,669364,,,,,,,,Miami Marlins,Los Angeles Dodgers
823956,2026-04-28,2026,Regular Season,27,4,top,660271,Shohei Ohtani,682663,Agustín Ramírez,R,R,3,31f1e215-0136-3582-861f-b6f2bf4e39b3,Four-Seam Fastball,FF,Swinging Strike,Swinging Strike,1,2,1,96.5,2405.0,-0.4261409799939514,2.8964702558293816,3.257,1.644,669364,,,,,,,,Miami Marlins,Los Angeles Dodgers
823956,2026-04-28,2026,Regular Season,27,4,top,660271,Shohei Ohtani,682663,Agustín Ramírez,R,R,4,581ac52f-f126-3bd5-ba86-3301080dce87,Four-Seam Fastball,FF,Foul,Foul,1,2,1,97.8,2401.0,-0.2329276074277315,2.952781323291724,3.257,1.644,669364,,,,,,,,Miami Marlins,Los Angeles Dodgers
823956,2026-04-28,2026,Regular Season,27,4,top,660271,Shohei Ohtani,682663,Agustín Ramírez,R,R,5,435692e9-92d8-3c90-af41-4532e24772be,Sweeper,ST,Ball In Dirt,Ball In Dirt,2,2,1,83.8,2732.0,0.8621552376503736,0.8718762448145282,3.257,1.644,669364,,,,,,,,Miami Marlins,Los Angeles Dodgers
823956,2026-04-28,2026,Regular Season,27,4,top,660271,Shohei Ohtani,682663,Agustín Ramírez,R,R,6,35da56f1-427a-3815-8e38-0995368a5fec,Four-Seam Fastball,FF,Foul,Foul,2,2,1,97.9,2398.0,-0.2358935998556228,3.402727571104459,3.257,1.644,669364,,,,,,,,Miami Marlins,Los Angeles Dodgers
823956,2026-04-28,2026,Regular Season,27,4,top,660271,Shohei Ohtani,682663,Agustín Ramírez,R,R,7,bc118fb9-029b-31f7-b3cc-070207e7a49b,Curveball,CU,Ball In Dirt,Ball In Dirt,3,2,1,76.7,2748.0,1.086386716970806,-0.9851102324763185,3.257,1.644,669364,,,,,,,,Miami Marlins,Los Angeles Dodgers
823956,2026-04-28,2026,Regular Season,27,4,top,660271,Shohei Ohtani,682663,Agustín Ramírez,R,R,8,e91d600b-29f0-3c36-9941-8c5711823ebc,Four-Seam Fastball,FF,Ball,Ball,4,2,1,96.9,2430.0,-0.7522875839955468,3.403757490247564,3.257,1.644,669364,,,Walk,0,1,0,false,Miami Marlins,Los Angeles Dodgers
823956,2026-04-28,2026,Regular Season,28,4,top,660271,Shohei Ohtani,681393,Connor Norby,R,R,1,13154e47-fc6d-3eb4-a599-2956b5055260,Sweeper,ST,Ball In Dirt,Ball In Dirt,1,0,1,83.5,2799.0,2.1249125818874917,0.5812772592852562,3.113,1.571,682663,669364,,,,,,,Miami Marlins,Los Angeles Dodgers
823956,2026-04-28,2026,Regular Season,28,4,top,660271,Shohei Ohtani,681393,Connor Norby,R,R,2,05f45257-4557-3375-956d-40ba6d3322c3,Sweeper,ST,Ball In Dirt,Ball In Dirt,2,0,1,84.2,2684.0,2.1015203019104334,0.04288217605807513,3.113,1.571,682663,669364,,,,,,,Miami Marlins,Los Angeles Dodgers
823956,2026-04-28,2026,Regular Season,28,4,top,660271,Shohei Ohtani,681393,Connor Norby,R,R,3,ddd8cc3a-31b1-3d2b-974f-9774a70fed47,Four-Seam Fastball,FF,"In play, out(s)","In play, out(s)",2,0,1,96.5,2489.0,0.13569426493433115,2.1267804562400436,3.113,1.571,682663,669364,,Flyout,0,1,0,true,Miami Marlins,Los Angeles Dodgers
823956,2026-04-28,2026,Regular Season,29,4,top,660271,Shohei Ohtani,683357,Owen Caissie,R,L,1,8e8065e4-5d65-38af-ba43-7f33c54e0347,Four-Seam Fastball,FF,Called Strike,Called Strike,0,1,2,100.4,2610.0,0.7054690282241334,1.6698738670161053,3.369,1.7,682663,,669364,,,,,,Miami Marlins,Los Angeles Dodgers
823956,2026-04-28,2026,Regular Season,29,4,top,660271,Shohei Ohtani,683357,Owen Caissie,R,L,2,e2c35a13-9b84-3ba7-a74f-8c92e85de546,Curveball,CU,Swinging Strike,Swinging Strike,0,2,2,73.4,2641.0,-0.14639713125274761,1.725234611538764,3.369,1.7,682663,,669364,,,,,,Miami Marlins,Los Angeles Dodgers
823956,2026-04-28,2026,Regular Season,29,4,top,660271,Shohei Ohtani,683357,Owen Caissie,R,L,3,c467fc13-101a-3210-9cd3-9b745d79a18f,Four-Seam Fastball,FF,"In play, out(s)","In play, out(s)",0,2,2,99.9,2577.0,-0.22197596576528647,1.991062644745739,3.369,1.7,682663,,669364,Groundout,0,1,0,true,Miami Marlins,Los Angeles Dodgers
823956,2026-04-28,2026,Regular Season,33,5,top,660271,Shohei Ohtani,666624,Christopher Morel,R,R,1,93cf98d0-29fa-350a-b822-8ca56f6915d9,Curveball,CU,Ball,Ball,1,0,0,70.6,2582.0,0.7387420971603654,1.5168054088385827,3.228,1.629,,,,,,,,,Miami Marlins,Los Angeles Dodgers
823956,2026-04-28,2026,Regular Season,33,5,top,660271,Shohei Ohtani,666624,Christopher Morel,R,R,2,541b68d2-433c-32a5-9c0f-f1049c57b53e,Sweeper,ST,Ball,Ball,2,0,0,81.6,2681.0,1.2453125831679612,2.3460718253613835,3.228,1.629,,,,,,,,,Miami Marlins,Los Angeles Dodgers
823956,2026-04-28,2026,Regular Season,33,5,top,660271,Shohei Ohtani,666624,Christopher Morel,R,R,3,cec65684-fe50-3ddd-bb79-10728e5b2b53,Splitter,FS,Ball,Ball,3,0,0,91.2,2138.0,0.8837643410879585,0.9452926873888671,3.228,1.629,,,,,,,,,Miami Marlins,Los Angeles Dodgers
823956,2026-04-28,2026,Regular Season,33,5,top,660271,Shohei Ohtani,666624,Christopher Morel,R,R,4,7b2a7465-982f-3f61-9598-bcefe5081310,Cutter,FC,Ball,Ball,4,0,0,91.1,2248.0,-1.6018787536823036,4.357139678379387,3.228,1.629,,,,Walk,0,1,0,false,Miami Marlins,Los Angeles Dodgers
823956,2026-04-28,2026,Regular Season,34,5,top,660271,Shohei Ohtani,688363,Graham Pauley,R,L,1,f1dd0d8d-6ebe-3269-9e2f-2bd2beb5ed8d,Four-Seam Fastball,FF,Called Strike,Called Strike,0,1,0,97.2,2431.0,-0.47998418670313975,2.868299223470681,3.254,1.642,666624,,,,,,,,Miami Marlins,Los Angeles Dodgers
823956,2026-04-28,2026,Regular Season,34,5,top,660271,Shohei Ohtani,688363,Graham Pauley,R,L,2,56f10699-f6a6-3151-86d8-02ee3656602f,Splitter,FS,Ball,Ball,1,1,0,86.8,1509.0,-1.0840923214592684,2.8125889600598573,3.254,1.642,666624,,,,,,,,Miami Marlins,Los Angeles Dodgers
823956,2026-04-28,2026,Regular Season,34,5,top,660271,Shohei Ohtani,688363,Graham Pauley,R,L,3,7fe91c6c-38e3-3040-936d-3f315e09f128,Splitter,FS,Ball,Ball,2,1,0,86.3,1699.0,-0.08447429673475357,1.3643780115514639,3.254,1.642,666624,,,,,,,,Miami Marlins,Los Angeles Dodgers
823956,2026-04-28,2026,Regular Season,34,5,top,660271,Shohei Ohtani,688363,Graham Pauley,R,L,4,4d109a3f-5f95-3f83-af93-a0aa47376f7a,Four-Seam Fastball,FF,Ball,Ball,3,1,0,96.3,2409.0,-1.7279281299861344,2.593854401162717,3.254,1.642,666624,,,,,,,,Miami Marlins,Los Angeles Dodgers
823956,2026-04-28,2026,Regular Season,34,5,top,660271,Shohei Ohtani,688363,Graham Pauley,R,L,5,00c3e9f4-6c0c-3c03-ba35-6d76174970eb,Four-Seam Fastball,FF,"In play, out(s)","In play, out(s)",3,1,0,95.4,2398.0,0.07785273727282715,2.651878106367653,3.254,1.642,666624,,,Flyout,0,1,0,true,Miami Marlins,Los Angeles Dodgers
823956,2026-04-28,2026,Regular Season,35,5,top,660271,Shohei Ohtani,805300,Jakob Marsee,R,L,1,2aa6ff92-b405-3269-92dd-5672d4fa9c7c,Sweeper,ST,Foul,Foul,0,1,1,82.5,2613.0,0.13981020418781026,2.6531716737181803,3.212,1.621,666624,,,,,,,,Miami Marlins,Los Angeles Dodgers
823956,2026-04-28,2026,Regular Season,35,5,top,660271,Shohei Ohtani,805300,Jakob Marsee,R,L,2,4e7cb88f-0527-32a1-9c58-f397a61aa4b9,Splitter,FS,"In play, out(s)","In play, out(s)",0,1,1,86.6,1389.0,0.05997218830353506,3.1135449033545557,3.212,1.621,666624,,,Sac Bunt,0,1,0,true,Miami Marlins,Los Angeles Dodgers
823956,2026-04-28,2026,Regular Season,36,5,top,660271,Shohei Ohtani,669065,Kyle Stowers,R,L,1,9f8b5ab5-33e0-3b65-90bf-7b8907f33e4d,Splitter,FS,Foul Tip,Foul Tip,0,1,2,88.9,1519.0,-0.08223149023178264,1.7351798901256954,3.295,1.663,,666624,,,,,,,Miami Marlins,Los Angeles Dodgers
823956,2026-04-28,2026,Regular Season,36,5,top,660271,Shohei Ohtani,669065,Kyle Stowers,R,L,2,327c5bcc-83a5-390e-ad54-3260f3296917,Splitter,FS,"In play, run(s)","In play, run(s)",0,1,2,89.4,1771.0,0.2922834521651014,1.9431852841303663,3.295,1.663,,666624,,Single,1,2,0,false,Miami Marlins,Los Angeles Dodgers
823956,2026-04-28,2026,Regular Season,37,5,top,660271,Shohei Ohtani,672640,Otto Lopez,R,R,1,a717c0f5-bb08-3418-b33d-900531001bc3,Sweeper,ST,Ball,Ball,1,0,2,78.8,2564.0,-1.5585302481587713,3.8270906229177246,3.137,1.583,669065,,,,,,,,Miami Marlins,Los Angeles Dodgers
823956,2026-04-28,2026,Regular Season,37,5,top,660271,Shohei Ohtani,672640,Otto Lopez,R,R,2,f4965db9-3720-37b4-a6b2-8048b045b722,Sweeper,ST,Ball,Ball,2,0,2,81.7,2661.0,0.8672468471708732,1.120268707660163,3.137,1.583,669065,,,,,,,,Miami Marlins,Los Angeles Dodgers
823956,2026-04-28,2026,Regular Season,37,5,top,660271,Shohei Ohtani,672640,Otto Lopez,R,R,3,be8e413a-836a-3a82-9203-b2b3bf24e5f7,Four-Seam Fastball,FF,Foul,Foul,2,1,2,96.7,2524.0,-0.32179506505720135,2.7734562700447984,3.137,1.583,669065,,,,,,,,Miami Marlins,Los Angeles Dodgers
823956,2026-04-28,2026,Regular Season,37,5,top,660271,Shohei Ohtani,672640,Otto Lopez,R,R,4,791d6232-f7eb-3fcf-b595-6c5c3aa27920,Four-Seam Fastball,FF,"In play, no out","In play, no out",2,1,2,96.0,2389.0,-0.4044854176538956,3.2083536287839856,3.137,1.583,669065,,,Single,0,2,0,false,Miami Marlins,Los Angeles Dodgers
823956,2026-04-28,2026,Regular Season,38,5,top,660271,Shohei Ohtani,669364,Xavier Edwards,R,L,1,d7ecbd54-6639-3b85-923e-1aad5c7d63fe,Curveball,CU,Ball,Ball,1,0,2,72.6,2636.0,0.06641426421001556,1.4829066597858818,3.055,1.542,672640,,669065,,,,,,Miami Marlins,Los Angeles Dodgers
823956,2026-04-28,2026,Regular Season,38,5,top,660271,Shohei Ohtani,669364,Xavier Edwards,R,L,2,a940a2eb-64ae-3cd7-b729-ecd3fd17235d,Splitter,FS,Ball,Ball,2,0,2,86.8,1231.0,-0.9302696428224829,4.255333036234355,3.055,1.542,672640,,669065,,,,,,Miami Marlins,Los Angeles Dodgers
823956,2026-04-28,2026,Regular Season,38,5,top,660271,Shohei Ohtani,669364,Xavier Edwards,R,L,3,a6b31ad5-9d39-38b7-8195-87d698828e57,Four-Seam Fastball,FF,Ball,Ball,3,0,2,98.8,2483.0,0.9823508265336529,0.8162999984148624,3.055,1.542,672640,,669065,,,,,,Miami Marlins,Los Angeles Dodgers
823956,2026-04-28,2026,Regular Season,38,5,top,660271,Shohei Ohtani,669364,Xavier Edwards,R,L,4,b119e32d-8a55-3859-a0d4-46cab5597783,Four-Seam Fastball,FF,Called Strike,Called Strike,3,1,2,97.7,2483.0,-0.08845871245587786,2.0712930824826077,3.055,1.542,672640,,669065,,,,,,Miami Marlins,Los Angeles Dodgers
823956,2026-04-28,2026,Regular Season,38,5,top,660271,Shohei Ohtani,669364,Xavier Edwards,R,L,5,37875e13-e7f0-3a3f-a5f9-9043bd9b3213,Sweeper,ST,Ball,Ball,4,1,2,82.6,2721.0,1.0723916584302582,2.5447682646575878,3.055,1.542,672640,,669065,Walk,0,2,0,false,Miami Marlins,Los Angeles Dodgers
823956,2026-04-28,2026,Regular Season,39,5,top,660271,Shohei Ohtani,682663,Agustín Ramírez,R,R,1,e52578f8-6c79-36d8-b1f6-9a191b2a1ed2,Four-Seam Fastball,FF,Foul Tip,Foul Tip,0,1,2,99.9,2510.0,-0.10659544091342335,1.9645286654997818,3.257,1.644,669364,672640,669065,,,,,,Miami Marlins,Los Angeles Dodgers
823956,2026-04-28,2026,Regular Season,39,5,top,660271,Shohei Ohtani,682663,Agustín Ramírez,R,R,2,41dffa55-d2be-3d2e-9f87-889bf6aafcb8,Four-Seam Fastball,FF,Ball,Ball,1,1,2,99.7,2542.0,0.04474632838375836,1.2327207981005734,3.257,1.644,669364,672640,669065,,,,,,Miami Marlins,Los Angeles Dodgers
823956,2026-04-28,2026,Regular Season,39,5,top,660271,Shohei Ohtani,682663,Agustín Ramírez,R,R,3,1a33e998-c38e-3d2f-b856-9524e9ebbd6a,Sweeper,ST,Called Strike,Called Strike,1,2,2,86.7,2718.0,0.18178798218933637,2.1122278212444887,3.257,1.644,669364,672640,669065,,,,,,Miami Marlins,Los Angeles Dodgers
823956,2026-04-28,2026,Regular Season,39,5,top,660271,Shohei Ohtani,682663,Agustín Ramírez,R,R,4,26abc4de-147c-3ac5-9f2c-549ac76f4d26,Sweeper,ST,Ball,Ball,2,2,2,86.3,2829.0,1.765657835687662,2.5855787886651327,3.257,1.644,669364,672640,669065,,,,,,Miami Marlins,Los Angeles Dodgers
823956,2026-04-28,2026,Regular Season,39,5,top,660271,Shohei Ohtani,682663,Agustín Ramírez,R,R,5,455a21c8-50c1-3321-bb03-806f7bee62ba,Four-Seam Fastball,FF,Foul,Foul,2,2,2,99.3,2527.0,0.2782689912022279,2.702294222491564,3.257,1.644,669364,672640,669065,,,,,,Miami Marlins,Los Angeles Dodgers
823956,2026-04-28,2026,Regular Season,39,5,top,660271,Shohei Ohtani,682663,Agustín Ramírez,R,R,6,e29cc148-6cbf-3a0d-af90-f85fd8f6d703,Four-Seam Fastball,FF,Swinging Strike,Swinging Strike,2,3,2,98.3,2445.0,-0.9613388726078943,3.8050006014996436,3.257,1.644,669364,672640,669065,Strikeout,0,2,0,true,Miami Marlins,Los Angeles Dodgers
823956,2026-04-28,2026,Regular Season,43,6,top,660271,Shohei Ohtani,681393,Connor Norby,R,R,1,afb8de00-8155-36b7-bbbc-e87dcd39ea36,Four-Seam Fastball,FF,Foul,Foul,0,1,0,95.2,2372.0,0.14488353641770801,2.4271702300831426,3.113,1.571,,,,,,,,,Miami Marlins,Los Angeles Dodgers
823956,2026-04-28,2026,Regular Season,43,6,top,660271,Shohei Ohtani,681393,Connor Norby,R,R,2,45e43f96-c217-3a6a-a016-814ebf959294,Curveball,CU,Called Strike,Called Strike,0,2,0,71.8,2506.0,-0.7393913855289745,1.91940111657847,3.113,1.571,,,,,,,,,Miami Marlins,Los Angeles Dodgers
823956,2026-04-28,2026,Regular Season,43,6,top,660271,Shohei Ohtani,681393,Connor Norby,R,R,3,64f31410-8764-3be7-9fe6-20ff74a847d3,Four-Seam Fastball,FF,Foul,Foul,0,2,0,96.5,2267.0,0.6527818958658858,2.7664418814664273,3.113,1.571,,,,,,,,,Miami Marlins,Los Angeles Dodgers
823956,2026-04-28,2026,Regular Season,43,6,top,660271,Shohei Ohtani,681393,Connor Norby,R,R,4,93fdcb37-7549-355e-b263-937bed5fe510,Sweeper,ST,Foul,Foul,0,2,0,81.7,2677.0,0.593026174293479,2.5883116085831945,3.113,1.571,,,,,,,,,Miami Marlins,Los Angeles Dodgers
823956,2026-04-28,2026,Regular Season,43,6,top,660271,Shohei Ohtani,681393,Connor Norby,R,R,5,9af78935-d9d3-3c76-b72f-56da61d95857,Four-Seam Fastball,FF,Ball,Ball,1,2,0,97.7,2501.0,1.2176020803067629,3.1720228992978607,3.113,1.571,,,,,,,,,Miami Marlins,Los Angeles Dodgers
823956,2026-04-28,2026,Regular Season,43,6,top,660271,Shohei Ohtani,681393,Connor Norby,R,R,6,f6d05161-8c78-39a3-aa12-190753030fc2,Splitter,FS,Swinging Strike,Swinging Strike,1,3,0,87.5,1491.0,0.056033871906413825,2.0067893082457853,3.113,1.571,,,,Strikeout,0,2,0,true,Miami Marlins,Los Angeles Dodgers
823956,2026-04-28,2026,Regular Season,44,6,top,660271,Shohei Ohtani,683357,Owen Caissie,R,L,1,91e5b0b8-c95d-3a08-b8e4-5c133579a689,Curveball,CU,Foul,Foul,0,1,1,70.7,2569.0,0.1720175905343215,1.9992078826943112,3.369,1.7,,,,,,,,,Miami Marlins,Los Angeles Dodgers
823956,2026-04-28,2026,Regular Season,44,6,top,660271,Shohei Ohtani,683357,Owen Caissie,R,L,2,55bb97de-6d0b-3384-9e5c-cd2d470565f4,Splitter,FS,Ball,Ball,1,1,1,84.2,1256.0,-0.7846821179457165,5.1670399345165725,3.369,1.7,,,,,,,,,Miami Marlins,Los Angeles Dodgers
823956,2026-04-28,2026,Regular Season,44,6,top,660271,Shohei Ohtani,683357,Owen Caissie,R,L,3,9219747a-74ac-3366-be26-856d856a5e5e,Four-Seam Fastball,FF,Swinging Strike,Swinging Strike,1,2,1,96.7,2337.0,-0.590935650046314,3.247859176088738,3.369,1.7,,,,,,,,,Miami Marlins,Los Angeles Dodgers
823956,2026-04-28,2026,Regular Season,44,6,top,660271,Shohei Ohtani,683357,Owen Caissie,R,L,4,8d5b405e-80eb-30d0-8a95-f2a8446dbf0e,Splitter,FS,Ball,Ball,2,2,1,84.7,1548.0,0.5623394134286911,0.6712744533421209,3.369,1.7,,,,,,,,,Miami Marlins,Los Angeles Dodgers
823956,2026-04-28,2026,Regular Season,44,6,top,660271,Shohei Ohtani,683357,Owen Caissie,R,L,5,ea99bbe5-d696-3b0d-b78d-5964c63f5ca4,Curveball,CU,Ball,Ball,3,2,1,74.1,2555.0,-1.1541685767834045,2.3677103858082456,3.369,1.7,,,,,,,,,Miami Marlins,Los Angeles Dodgers
823956,2026-04-28,2026,Regular Season,44,6,top,660271,Shohei Ohtani,683357,Owen Caissie,R,L,6,b8d78f5b-a86a-3a28-9549-72d387ce3ab8,Four-Seam Fastball,FF,"In play, no out","In play, no out",3,2,1,97.7,2330.0,-0.3913339109757823,2.325342567429397,3.369,1.7,,,,Single,0,2,0,false,Miami Marlins,Los Angeles Dodgers
823956,2026-04-28,2026,Regular Season,45,6,top,660271,Shohei Ohtani,666624,Christopher Morel,R,R,1,83c38ca4-69e9-31ee-8dba-6b357fbac239,Four-Seam Fastball,FF,Swinging Strike,Swinging Strike,0,1,1,95.6,2332.0,-0.7522358755079418,3.3145302776427985,3.228,1.629,683357,,,,,,,,Miami Marlins,Los Angeles Dodgers
823956,2026-04-28,2026,Regular Season,45,6,top,660271,Shohei Ohtani,666624,Christopher Morel,R,R,2,c1e43c97-876e-37c5-90fe-6d70d02acb31,Four-Seam Fastball,FF,Called Strike,Called Strike,0,2,1,96.8,2356.0,0.5861790513717058,2.607079131614443,3.228,1.629,683357,,,,,,,,Miami Marlins,Los Angeles Dodgers
823956,2026-04-28,2026,Regular Season,45,6,top,660271,Shohei Ohtani,666624,Christopher Morel,R,R,3,369fff47-96ba-321d-b030-a90980270b74,Sweeper,ST,Called Strike,Called Strike,0,3,1,83.3,2643.0,0.7408271304956399,1.785720067850087,3.228,1.629,683357,,,Strikeout,0,2,0,true,Miami Marlins,Los Angeles Dodgers
823956,2026-04-28,2026,Regular Season,46,6,top,660271,Shohei Ohtani,688363,Graham Pauley,R,L,1,606d8c7e-f17e-3c0b-b0aa-fe65a8ced751,Splitter,FS,Ball,Ball,1,0,2,83.3,1390.0,-2.6840018509779835,4.754853814088837,3.254,1.642,683357,,,,,,,,Miami Marlins,Los Angeles Dodgers
823956,2026-04-28,2026,Regular Season,46,6,top,660271,Shohei Ohtani,688363,Graham Pauley,R,L,2,5ad038ae-98df-3e2c-9ff3-9f6996268a68,Four-Seam Fastball,FF,Called Strike,Called Strike,1,1,2,96.9,2353.0,-0.5990331270265956,1.9724494097477627,3.254,1.642,683357,,,,,,,,Miami Marlins,Los Angeles Dodgers
823956,2026-04-28,2026,Regular Season,46,6,top,660271,Shohei Ohtani,688363,Graham Pauley,R,L,3,cf93fa77-2207-331b-9f37-7cf804becef7,Splitter,FS,Foul,Foul,1,2,2,85.3,1435.0,0.7172279165959071,2.3297269554713442,3.254,1.642,683357,,,,,,,,Miami Marlins,Los Angeles Dodgers
823956,2026-04-28,2026,Regular Season,46,6,top,660271,Shohei Ohtani,688363,Graham Pauley,R,L,4,b6fdcbfc-87db-3ab6-b0a6-15bf38246e19,Four-Seam Fastball,FF,Ball,Ball,2,2,2,96.8,2106.0,-1.4822513620383901,2.385502851951689,3.254,1.642,683357,,,,,,,,Miami Marlins,Los Angeles Dodgers
823956,2026-04-28,2026,Regular Season,46,6,top,660271,Shohei Ohtani,688363,Graham Pauley,R,L,5,fb11278f-132c-3dba-823e-5f14d8aa0eef,Four-Seam Fastball,FF,Called Strike,Called Strike,2,3,2,98.4,2172.0,-0.6798850310839043,1.7935071261718718,3.254,1.642,683357,,,Strikeout,0,2,0,true,Miami Marlins,Los Angeles Dodgers
824200,2026-05-05,2026,Regular Season,6,1,bottom,660271,Shohei Ohtani,514888,Jose Altuve,R,R,1,7c610c33-5e7c-3195-b719-d418b8c435e5,Four-Seam Fastball,FF,Ball,Ball,1,0,0,97.9,2493.0,-1.0400406679749532,3.5416667933656445,2.926,1.477,,,,,,,,,Los Angeles Dodgers,Houston Astros
824200,2026-05-05,2026,Regular Season,6,1,bottom,660271,Shohei Ohtani,514888,Jose Altuve,R,R,2,f31fe138-4841-3300-ae14-0d8961dc0d69,Four-Seam Fastball,FF,Swinging Strike,Swinging Strike,1,1,0,97.7,2448.0,0.3214443089772961,3.274265829217757,2.926,1.477,,,,,,,,,Los Angeles Dodgers,Houston Astros
824200,2026-05-05,2026,Regular Season,6,1,bottom,660271,Shohei Ohtani,514888,Jose Altuve,R,R,3,2d538dfd-cb15-3e1b-aa54-813366f431c6,Four-Seam Fastball,FF,Swinging Strike,Swinging Strike,1,2,0,98.0,2503.0,-0.533673681014668,2.9902038235734416,2.926,1.477,,,,,,,,,Los Angeles Dodgers,Houston Astros
824200,2026-05-05,2026,Regular Season,6,1,bottom,660271,Shohei Ohtani,514888,Jose Altuve,R,R,4,072c5852-f942-3d25-b0d3-bba5ca2c3204,Four-Seam Fastball,FF,Swinging Strike,Swinging Strike,1,3,0,99.5,2604.0,0.7032036687787568,2.3976705036009753,2.926,1.477,,,,Strikeout,0,0,0,true,Los Angeles Dodgers,Houston Astros
824200,2026-05-05,2026,Regular Season,7,1,bottom,660271,Shohei Ohtani,670541,Yordan Alvarez,R,L,1,a19d1d5f-d5d9-321d-b2d5-0cbfe22a1aae,Four-Seam Fastball,FF,"In play, out(s)","In play, out(s)",0,0,1,99.5,2506.0,-0.22307735189745428,2.6930194768439706,3.392,1.712,,,,Groundout,0,0,0,true,Los Angeles Dodgers,Houston Astros
824200,2026-05-05,2026,Regular Season,8,1,bottom,660271,Shohei Ohtani,670623,Isaac Paredes,R,R,1,95c2f1fa-a79a-385f-bd49-bbe859ec95c6,Four-Seam Fastball,FF,Called Strike,Called Strike,0,1,2,99.5,2529.0,0.51423472542364,2.6565688566337995,3.181,1.605,,,,,,,,,Los Angeles Dodgers,Houston Astros
824200,2026-05-05,2026,Regular Season,8,1,bottom,660271,Shohei Ohtani,670623,Isaac Paredes,R,R,2,dfe147c9-3eaa-306c-8d28-1de763d71581,Four-Seam Fastball,FF,Foul,Foul,0,2,2,99.1,2543.0,0.24920888818323444,2.2216076386062835,3.181,1.605,,,,,,,,,Los Angeles Dodgers,Houston Astros
824200,2026-05-05,2026,Regular Season,8,1,bottom,660271,Shohei Ohtani,670623,Isaac Paredes,R,R,3,1c389dbc-4ab5-3ce3-a10d-66ee27d10b7b,Sweeper,ST,Ball,Ball,1,2,2,88.5,2839.0,1.124131903988969,0.8981248034780371,3.181,1.605,,,,,,,,,Los Angeles Dodgers,Houston Astros
824200,2026-05-05,2026,Regular Season,8,1,bottom,660271,Shohei Ohtani,670623,Isaac Paredes,R,R,4,5763d6d1-fa2a-3fd6-8382-d39e4477d7cd,Sweeper,ST,Ball,Ball,2,2,2,87.3,2801.0,1.875459228356859,1.6995040104527308,3.181,1.605,,,,,,,,,Los Angeles Dodgers,Houston Astros
824200,2026-05-05,2026,Regular Season,8,1,bottom,660271,Shohei Ohtani,670623,Isaac Paredes,R,R,5,3c32b1e4-d989-308f-bb68-55d58403f281,Four-Seam Fastball,FF,Called Strike,Called Strike,2,3,2,99.8,2552.0,0.45097203926216944,2.034772477093997,3.181,1.605,,,,Strikeout,0,0,0,true,Los Angeles Dodgers,Houston Astros
824200,2026-05-05,2026,Regular Season,13,2,bottom,660271,Shohei Ohtani,572233,Christian Walker,R,R,1,83bf4332-f125-3275-b949-3f3748638d6f,Four-Seam Fastball,FF,"In play, run(s)","In play, run(s)",0,0,0,97.7,2472.0,-0.5750534097339671,3.1562845395430257,3.179,1.604,,,,Home Run,1,0,1,false,Los Angeles Dodgers,Houston Astros
824200,2026-05-05,2026,Regular Season,14,2,bottom,660271,Shohei Ohtani,701358,Cam Smith,R,R,1,292edad9-2860-3573-a08a-8064b40759e4,Curveball,CU,Ball,Ball,1,0,0,73.5,2610.0,-0.1938118588885763,1.561499065225433,3.348,1.69,,,,,,,,,Los Angeles Dodgers,Houston Astros
824200,2026-05-05,2026,Regular Season,14,2,bottom,660271,Shohei Ohtani,701358,Cam Smith,R,R,2,03f7a117-cec1-3c66-ab0e-f3cf255d71db,Four-Seam Fastball,FF,"In play, out(s)","In play, out(s)",1,0,0,98.7,2543.0,-0.0955785618844563,2.3975364761274616,3.348,1.69,,,,Pop Out,0,0,1,true,Los Angeles Dodgers,Houston Astros
824200,2026-05-05,2026,Regular Season,15,2,bottom,660271,Shohei Ohtani,805904,Zach Cole,R,L,1,728849e0-f728-3867-ac0e-d89dc01a15df,Sweeper,ST,Called Strike,Called Strike,0,1,1,83.9,2631.0,-0.13319124194375045,1.7607153290730562,3.281,1.656,,,,,,,,,Los Angeles Dodgers,Houston Astros
824200,2026-05-05,2026,Regular Season,15,2,bottom,660271,Shohei Ohtani,805904,Zach Cole,R,L,2,0bd2287d-b923-393d-a445-1cf0bc31ab67,Curveball,CU,Called Strike,Called Strike,0,2,1,77.1,2792.0,0.552567914662848,2.124740094869574,3.281,1.656,,,,,,,,,Los Angeles Dodgers,Houston Astros
824200,2026-05-05,2026,Regular Season,15,2,bottom,660271,Shohei Ohtani,805904,Zach Cole,R,L,3,f81fb316-5b14-355d-b736-4ea3f22a1df2,Four-Seam Fastball,FF,Swinging Strike,Swinging Strike,0,3,1,98.3,2604.0,0.3845360242009059,3.116083979972901,3.281,1.656,,,,Strikeout,0,0,1,true,Los Angeles Dodgers,Houston Astros
824200,2026-05-05,2026,Regular Season,16,2,bottom,660271,Shohei Ohtani,543877,Christian Vázquez,R,R,1,fb73af84-ed4e-38a7-adcf-085211c4e261,Four-Seam Fastball,FF,Swinging Strike,Swinging Strike,0,1,2,97.7,2488.0,-0.7239975733960244,3.6423143120119845,3.037,1.532,,,,,,,,,Los Angeles Dodgers,Houston Astros
824200,2026-05-05,2026,Regular Season,16,2,bottom,660271,Shohei Ohtani,543877,Christian Vázquez,R,R,2,acf2a1ed-ee1e-319f-8b81-9f97474b8821,Sweeper,ST,Ball,Ball,1,1,2,83.9,2787.0,-1.323411493055379,3.6786246078358453,3.037,1.532,,,,,,,,,Los Angeles Dodgers,Houston Astros
824200,2026-05-05,2026,Regular Season,16,2,bottom,660271,Shohei Ohtani,543877,Christian Vázquez,R,R,3,ce7d2fa7-2f41-3057-980e-c116f6aef1e5,Sweeper,ST,Swinging Strike,Swinging Strike,1,2,2,84.8,2768.0,0.5218905999731904,2.500687298147653,3.037,1.532,,,,,,,,,Los Angeles Dodgers,Houston Astros
824200,2026-05-05,2026,Regular Season,16,2,bottom,660271,Shohei Ohtani,543877,Christian Vázquez,R,R,4,20cae6fd-e280-35c0-ac76-cbf8d6be061b,Sweeper,ST,Swinging Strike,Swinging Strike,1,3,2,85.3,2750.0,1.8578696661079364,1.6237407136945483,3.037,1.532,,,,Strikeout,0,0,1,true,Los Angeles Dodgers,Houston Astros
824200,2026-05-05,2026,Regular Season,20,3,bottom,660271,Shohei Ohtani,669397,Nick Allen,R,R,1,734fc993-1657-3033-b80c-062afcb5ab73,Four-Seam Fastball,FF,Ball,Ball,1,0,0,97.5,2414.0,-0.6055201608423982,3.4177738832166114,3.007,1.517,,,,,,,,,Los Angeles Dodgers,Houston Astros
824200,2026-05-05,2026,Regular Season,20,3,bottom,660271,Shohei Ohtani,669397,Nick Allen,R,R,2,5875967a-bd39-3ead-9d2e-3c2677db145a,Sweeper,ST,Ball,Ball,2,0,0,84.1,2590.0,-0.8264202133341534,2.540825503052436,3.007,1.517,,,,,,,,,Los Angeles Dodgers,Houston Astros
824200,2026-05-05,2026,Regular Season,20,3,bottom,660271,Shohei Ohtani,669397,Nick Allen,R,R,3,77c8961d-f6e0-3948-aae4-b2b94235272b,Four-Seam Fastball,FF,Called Strike,Called Strike,2,1,0,96.6,2493.0,-0.1262379806430091,2.1535265835225395,3.007,1.517,,,,,,,,,Los Angeles Dodgers,Houston Astros
824200,2026-05-05,2026,Regular Season,20,3,bottom,660271,Shohei Ohtani,669397,Nick Allen,R,R,4,f84743a1-583a-3f76-81ef-9366dd93f092,Four-Seam Fastball,FF,Foul,Foul,2,2,0,96.8,2542.0,0.10587640062606475,2.1493742053200626,3.007,1.517,,,,,,,,,Los Angeles Dodgers,Houston Astros
824200,2026-05-05,2026,Regular Season,20,3,bottom,660271,Shohei Ohtani,669397,Nick Allen,R,R,5,cbb3b733-7329-3dd2-9946-99c6fa8c7568,Sweeper,ST,Ball,Ball,3,2,0,85.7,2945.0,0.20183222283414604,0.3522890627554848,3.007,1.517,,,,,,,,,Los Angeles Dodgers,Houston Astros
824200,2026-05-05,2026,Regular Season,20,3,bottom,660271,Shohei Ohtani,669397,Nick Allen,R,R,6,39373830-9f36-373c-b98e-c7260c237dd6,Four-Seam Fastball,FF,Foul,Foul,3,2,0,97.7,2555.0,-0.7555151486469881,2.6718533855029025,3.007,1.517,,,,,,,,,Los Angeles Dodgers,Houston Astros
824200,2026-05-05,2026,Regular Season,20,3,bottom,660271,Shohei Ohtani,669397,Nick Allen,R,R,7,818d3fa8-fe61-3119-8416-508d7db61736,Four-Seam Fastball,FF,"In play, out(s)","In play, out(s)",3,2,0,98.7,2642.0,0.36816865472231364,1.84706015991306,3.007,1.517,,,,Groundout,0,0,1,true,Los Angeles Dodgers,Houston Astros
824200,2026-05-05,2026,Regular Season,21,3,bottom,660271,Shohei Ohtani,669699,Braden Shewmake,R,L,1,e53db439-ddef-3624-912b-45f2c722eb31,Sweeper,ST,Called Strike,Called Strike,0,1,1,85.0,2694.0,-0.4576846352776371,2.9062906723986286,3.355,1.693,,,,,,,,,Los Angeles Dodgers,Houston Astros
824200,2026-05-05,2026,Regular Season,21,3,bottom,660271,Shohei Ohtani,669699,Braden Shewmake,R,L,2,775e389c-86b3-3474-a83d-9ef9fe084da1,Four-Seam Fastball,FF,"In play, run(s)","In play, run(s)",0,1,1,98.7,2590.0,-0.3402115527548782,2.392619623860119,3.355,1.693,,,,Home Run,1,0,2,false,Los Angeles Dodgers,Houston Astros
824200,2026-05-05,2026,Regular Season,22,3,bottom,660271,Shohei Ohtani,514888,Jose Altuve,R,R,1,29ee91dd-0f31-3888-b31e-4f8b306423de,Sweeper,ST,Called Strike,Called Strike,0,1,1,85.0,2737.0,0.4448588204703852,2.6638358558222732,2.926,1.477,,,,,,,,,Los Angeles Dodgers,Houston Astros
824200,2026-05-05,2026,Regular Season,22,3,bottom,660271,Shohei Ohtani,514888,Jose Altuve,R,R,2,c010251c-35ad-3d57-9ac5-b4c2c7f06a01,Sinker,SI,Ball,Ball,1,1,1,98.9,2221.0,0.39632939357985897,0.42490792543874256,2.926,1.477,,,,,,,,,Los Angeles Dodgers,Houston Astros
824200,2026-05-05,2026,Regular Season,22,3,bottom,660271,Shohei Ohtani,514888,Jose Altuve,R,R,3,d79a23c9-2934-3cbf-8696-38ce11a6d1b9,Sweeper,ST,Called Strike,Called Strike,1,2,1,84.9,2815.0,-0.7681022657321175,2.2555798994084477,2.926,1.477,,,,,,,,,Los Angeles Dodgers,Houston Astros
824200,2026-05-05,2026,Regular Season,22,3,bottom,660271,Shohei Ohtani,514888,Jose Altuve,R,R,4,40ed9e97-86f3-33b5-bd81-f7d0b7849320,Four-Seam Fastball,FF,"In play, out(s)","In play, out(s)",1,2,1,99.9,2467.0,0.43986693341335753,1.453641537413806,2.926,1.477,,,,Groundout,0,0,2,true,Los Angeles Dodgers,Houston Astros
824200,2026-05-05,2026,Regular Season,23,3,bottom,660271,Shohei Ohtani,670541,Yordan Alvarez,R,L,1,81f07bf0-a009-355e-830c-1b8313ed6be4,Curveball,CU,Ball,Ball,1,0,2,77.6,2694.0,0.02494865181978869,0.9346492631389032,3.392,1.712,,,,,,,,,Los Angeles Dodgers,Houston Astros
824200,2026-05-05,2026,Regular Season,23,3,bottom,660271,Shohei Ohtani,670541,Yordan Alvarez,R,L,2,ed9a8aa6-08aa-35e1-a907-043ce8c7e2fb,Four-Seam Fastball,FF,Ball,Ball,2,0,2,100.5,2560.0,1.4828258631546611,2.411951116327463,3.392,1.712,,,,,,,,,Los Angeles Dodgers,Houston Astros
824200,2026-05-05,2026,Regular Season,23,3,bottom,660271,Shohei Ohtani,670541,Yordan Alvarez,R,L,3,e5d28288-4110-30fd-8d4d-4876d8761ccf,Four-Seam Fastball,FF,"In play, out(s)","In play, out(s)",2,0,2,100.0,2457.0,0.4475542073641231,2.8468971540155983,3.392,1.712,,,,Flyout,0,0,2,true,Los Angeles Dodgers,Houston Astros
824200,2026-05-05,2026,Regular Season,30,4,bottom,660271,Shohei Ohtani,670623,Isaac Paredes,R,R,1,65c81a31-7b6f-3e10-b1dd-8e18d80c1a19,Curveball,CU,Called Strike,Called Strike,0,1,0,73.7,2647.0,-0.17348498560817804,3.0955393313333555,3.192,1.611,,,,,,,,,Los Angeles Dodgers,Houston Astros
824200,2026-05-05,2026,Regular Season,30,4,bottom,660271,Shohei Ohtani,670623,Isaac Paredes,R,R,2,05e8ca7b-616a-3217-abfe-4718cc0a488c,Sweeper,ST,Swinging Strike,Swinging Strike,0,2,0,84.5,2784.0,0.7841459161147041,3.1639096497488417,2.926,1.477,,,,,,,,,Los Angeles Dodgers,Houston Astros
824200,2026-05-05,2026,Regular Season,30,4,bottom,660271,Shohei Ohtani,670623,Isaac Paredes,R,R,3,817b7fc6-eb36-301e-aa9c-5c646d0eb434,Four-Seam Fastball,FF,Foul,Foul,0,2,0,97.6,2569.0,-0.31886168899261574,2.67340264163315,2.926,1.477,,,,,,,,,Los Angeles Dodgers,Houston Astros
824200,2026-05-05,2026,Regular Season,30,4,bottom,660271,Shohei Ohtani,670623,Isaac Paredes,R,R,4,3d331831-3a7d-3016-b4ae-822d84dad039,Sweeper,ST,Ball,Ball,1,2,0,88.0,2813.0,2.0299486709759136,1.294470088963974,3.181,1.605,,,,,,,,,Los Angeles Dodgers,Houston Astros
824200,2026-05-05,2026,Regular Season,30,4,bottom,660271,Shohei Ohtani,670623,Isaac Paredes,R,R,5,5dd2b466-380f-3ba6-bb40-b87988dac956,Sweeper,ST,"In play, out(s)","In play, out(s)",1,2,0,86.3,2859.0,0.8646059949015482,1.926439718395621,3.181,1.605,,,,Groundout,0,0,2,true,Los Angeles Dodgers,Houston Astros
824200,2026-05-05,2026,Regular Season,31,4,bottom,660271,Shohei Ohtani,572233,Christian Walker,R,R,1,d6f94ec4-2bf8-3959-a3e3-98b92596b327,Curveball,CU,Ball,Ball,1,0,1,73.9,2669.0,-2.412284765025887,5.307352805203703,3.179,1.604,,,,,,,,,Los Angeles Dodgers,Houston Astros
824200,2026-05-05,2026,Regular Season,31,4,bottom,660271,Shohei Ohtani,572233,Christian Walker,R,R,2,86523a29-d1ba-30fd-9afc-9f391390ead3,Four-Seam Fastball,FF,Ball,Ball,2,0,1,98.4,2608.0,1.1134164260431263,1.9768498885768735,3.179,1.604,,,,,,,,,Los Angeles Dodgers,Houston Astros
824200,2026-05-05,2026,Regular Season,31,4,bottom,660271,Shohei Ohtani,572233,Christian Walker,R,R,3,087e61cb-7e88-3053-8979-87fda1247213,Four-Seam Fastball,FF,Foul,Foul,2,1,1,98.6,2571.0,0.25994362453686487,2.575048089931206,3.179,1.604,,,,,,,,,Los Angeles Dodgers,Houston Astros
824200,2026-05-05,2026,Regular Season,31,4,bottom,660271,Shohei Ohtani,572233,Christian Walker,R,R,4,94e8b624-e6a5-3454-afd3-f1e7d2fd9bb1,Sweeper,ST,Called Strike,Called Strike,2,2,1,86.4,2695.0,0.16954811198540196,2.569533819495162,3.179,1.604,,,,,,,,,Los Angeles Dodgers,Houston Astros
824200,2026-05-05,2026,Regular Season,31,4,bottom,660271,Shohei Ohtani,572233,Christian Walker,R,R,5,1ce81bb1-b1fd-3c00-b625-4a3ac00c717b,Sweeper,ST,Called Strike,Called Strike,2,3,1,86.5,2769.0,0.32199680369841044,2.733805163034653,3.179,1.604,,,,Strikeout,0,0,2,true,Los Angeles Dodgers,Houston Astros
824200,2026-05-05,2026,Regular Season,32,4,bottom,660271,Shohei Ohtani,701358,Cam Smith,R,R,1,20f76208-85ee-37da-bc81-937f92921b5e,Sweeper,ST,Ball,Ball,1,0,2,86.2,2712.0,0.09835213439458189,1.4610009865977116,3.348,1.69,,,,,,,,,Los Angeles Dodgers,Houston Astros
824200,2026-05-05,2026,Regular Season,32,4,bottom,660271,Shohei Ohtani,701358,Cam Smith,R,R,2,eb1b7d49-4b56-3a8c-a40b-8cacaf984a8f,Sweeper,ST,Called Strike,Called Strike,1,1,2,81.9,2645.0,-0.2377534809210084,2.6510150726267634,3.348,1.69,,,,,,,,,Los Angeles Dodgers,Houston Astros
824200,2026-05-05,2026,Regular Season,32,4,bottom,660271,Shohei Ohtani,701358,Cam Smith,R,R,3,0905e4f9-d583-3496-b26b-6aff7a147135,Curveball,CU,Ball,Ball,2,1,2,74.1,2635.0,-0.7400197116664953,4.296226202977167,3.348,1.69,,,,,,,,,Los Angeles Dodgers,Houston Astros
824200,2026-05-05,2026,Regular Season,32,4,bottom,660271,Shohei Ohtani,701358,Cam Smith,R,R,4,e278823e-4915-38d1-a5ac-0a1fa364e2e0,Sweeper,ST,"In play, out(s)","In play, out(s)",2,1,2,83.0,2676.0,-0.9227518306022534,2.6362144732346424,3.348,1.69,,,,Pop Out,0,0,2,true,Los Angeles Dodgers,Houston Astros
824200,2026-05-05,2026,Regular Season,36,5,bottom,660271,Shohei Ohtani,805904,Zach Cole,R,L,1,2d4de7c2-0aa1-3b27-b4bc-6facc02a7dd6,Curveball,CU,Missed Bunt,Missed Bunt,0,1,0,71.1,2654.0,-0.7653273465254091,1.3789486126990766,3.281,1.656,,,,,,,,,Los Angeles Dodgers,Houston Astros
824200,2026-05-05,2026,Regular Season,36,5,bottom,660271,Shohei Ohtani,805904,Zach Cole,R,L,2,8549265b-1326-38b2-9086-01a88c12df10,Splitter,FS,Swinging Strike,Swinging Strike,0,2,0,89.5,1605.0,-0.2969615880012444,1.3445494056550609,3.281,1.656,,,,,,,,,Los Angeles Dodgers,Houston Astros
824200,2026-05-05,2026,Regular Season,36,5,bottom,660271,Shohei Ohtani,805904,Zach Cole,R,L,3,4105352d-21f7-3f0a-a966-14127b751e85,Splitter,FS,Ball,Ball,1,2,0,91.2,1572.0,-1.337260373921263,1.8608672954887202,3.281,1.656,,,,,,,,,Los Angeles Dodgers,Houston Astros
824200,2026-05-05,2026,Regular Season,36,5,bottom,660271,Shohei Ohtani,805904,Zach Cole,R,L,4,fefea3b9-8066-3c31-9e54-2787aec77084,Four-Seam Fastball,FF,Foul,Foul,1,2,0,98.9,2507.0,-0.07281544984538808,3.426654033315533,3.281,1.656,,,,,,,,,Los Angeles Dodgers,Houston Astros
824200,2026-05-05,2026,Regular Season,36,5,bottom,660271,Shohei Ohtani,805904,Zach Cole,R,L,5,4e4d61f7-057e-31ec-906e-b233409b4995,Curveball,CU,"In play, out(s)","In play, out(s)",1,2,0,77.1,2865.0,0.2559755427502703,1.7612742346469448,3.281,1.656,,,,Groundout,0,0,2,true,Los Angeles Dodgers,Houston Astros
824200,2026-05-05,2026,Regular Season,37,5,bottom,660271,Shohei Ohtani,543877,Christian Vázquez,R,R,1,87d25ed2-12f1-37ba-a8d7-d0691df0972a,Four-Seam Fastball,FF,Ball,Ball,1,0,1,96.8,2462.0,-1.6668393732476248,3.239705498813845,3.037,1.532,,,,,,,,,Los Angeles Dodgers,Houston Astros
824200,2026-05-05,2026,Regular Season,37,5,bottom,660271,Shohei Ohtani,543877,Christian Vázquez,R,R,2,0d60d954-a71f-3d85-80a6-4735db7c424d,Sweeper,ST,"In play, out(s)","In play, out(s)",1,0,1,84.5,2697.0,0.40747720993978304,2.598539325267701,3.037,1.532,,,,Flyout,0,0,2,true,Los Angeles Dodgers,Houston Astros
824200,2026-05-05,2026,Regular Season,38,5,bottom,660271,Shohei Ohtani,669397,Nick Allen,R,R,1,664aec06-7915-395e-8e6d-4fc2af8599fb,Four-Seam Fastball,FF,Foul,Foul,0,1,2,95.5,2455.0,-0.42805397300649645,2.110111496515382,3.007,1.517,,,,,,,,,Los Angeles Dodgers,Houston Astros
824200,2026-05-05,2026,Regular Season,38,5,bottom,660271,Shohei Ohtani,669397,Nick Allen,R,R,2,07b88830-de2d-3f0e-80c4-18b4fc28b35c,Sweeper,ST,Foul Bunt,Foul Bunt,0,2,2,85.6,2726.0,0.3511390845064553,2.747797003260023,3.007,1.517,,,,,,,,,Los Angeles Dodgers,Houston Astros
824200,2026-05-05,2026,Regular Season,38,5,bottom,660271,Shohei Ohtani,669397,Nick Allen,R,R,3,bc527795-b150-3cc5-93b3-30e47f7c0b89,Sweeper,ST,Ball,Ball,1,2,2,85.6,2734.0,1.9898924805549763,1.7514409039534458,3.007,1.517,,,,,,,,,Los Angeles Dodgers,Houston Astros
824200,2026-05-05,2026,Regular Season,38,5,bottom,660271,Shohei Ohtani,669397,Nick Allen,R,R,4,d61a24cd-6a18-35cf-8d51-aafde0f622c2,Splitter,FS,"In play, no out","In play, no out",1,2,2,87.9,1230.0,0.24775794246513888,2.8607705436293256,3.007,1.517,,,,Single,0,0,2,false,Los Angeles Dodgers,Houston Astros
824200,2026-05-05,2026,Regular Season,39,5,bottom,660271,Shohei Ohtani,669699,Braden Shewmake,R,L,1,a3560354-7eac-37b2-b9c3-36ccb27a343d,Four-Seam Fastball,FF,"In play, no out","In play, no out",0,0,2,99.1,2528.0,0.6643200076586214,2.177260162015202,3.355,1.693,669397,,,Single,0,0,2,false,Los Angeles Dodgers,Houston Astros
824200,2026-05-05,2026,Regular Season,40,5,bottom,660271,Shohei Ohtani,514888,Jose Altuve,R,R,1,88366ef2-ad44-3703-9e29-3007338806d8,Sweeper,ST,Ball,Ball,1,0,2,88.2,3014.0,2.9918790613254567,0.9447552507394112,2.926,1.477,669699,,669397,,,,,,Los Angeles Dodgers,Houston Astros
824200,2026-05-05,2026,Regular Season,40,5,bottom,660271,Shohei Ohtani,514888,Jose Altuve,R,R,2,43c7c4d7-328d-37a4-bf01-0f83209e8eaa,Four-Seam Fastball,FF,Called Strike,Called Strike,1,1,2,99.5,2721.0,0.4202168964676654,1.8434976524245215,2.926,1.477,669699,,669397,,,,,,Los Angeles Dodgers,Houston Astros
824200,2026-05-05,2026,Regular Season,40,5,bottom,660271,Shohei Ohtani,514888,Jose Altuve,R,R,3,106f6a02-8c6a-3a3f-a333-620e72bf7bc1,Sweeper,ST,Foul,Foul,1,2,2,87.7,2950.0,1.215611766420839,1.771468567896879,2.926,1.477,669699,,669397,,,,,,Los Angeles Dodgers,Houston Astros
824200,2026-05-05,2026,Regular Season,40,5,bottom,660271,Shohei Ohtani,514888,Jose Altuve,R,R,4,e0b1cf6a-30eb-3363-88f7-5140a17f7bb6,Four-Seam Fastball,FF,Foul,Foul,1,2,2,100.9,2657.0,-0.19357289233222227,1.689871645521583,2.926,1.477,669699,,669397,,,,,,Los Angeles Dodgers,Houston Astros
824200,2026-05-05,2026,Regular Season,40,5,bottom,660271,Shohei Ohtani,514888,Jose Altuve,R,R,5,3b0c0d00-67e4-3a57-bc28-e10c84f521d4,Four-Seam Fastball,FF,Foul,Foul,1,2,2,101.0,2644.0,0.5199476739230695,2.3313897856454395,2.926,1.477,669699,,669397,,,,,,Los Angeles Dodgers,Houston Astros
824200,2026-05-05,2026,Regular Season,40,5,bottom,660271,Shohei Ohtani,514888,Jose Altuve,R,R,6,440342f1-5214-3fce-b8af-ffe4584b27af,Sweeper,ST,Swinging Strike,Swinging Strike,1,3,2,88.8,2966.0,3.1312840750860733,1.092086358501372,2.926,1.477,669699,,669397,Strikeout,0,0,2,true,Los Angeles Dodgers,Houston Astros
824200,2026-05-05,2026,Regular Season,44,6,bottom,660271,Shohei Ohtani,670541,Yordan Alvarez,R,L,1,922a4e56-152c-3269-a2c9-2cb72587d811,Sweeper,ST,Ball,Ball,1,0,0,84.2,2710.0,-0.996190575244842,2.406020987125559,3.392,1.712,,,,,,,,,Los Angeles Dodgers,Houston Astros
824200,2026-05-05,2026,Regular Season,44,6,bottom,660271,Shohei Ohtani,670541,Yordan Alvarez,R,L,2,2e191fcb-1b01-3e38-9351-60e150606d3e,Four-Seam Fastball,FF,Ball,Ball,2,0,0,98.6,2643.0,-1.105373857943964,3.444689731610804,3.392,1.712,,,,,,,,,Los Angeles Dodgers,Houston Astros
824200,2026-05-05,2026,Regular Season,44,6,bottom,660271,Shohei Ohtani,670541,Yordan Alvarez,R,L,3,6402cfdd-ceb1-3a29-9b12-25ba46cfe001,Sweeper,ST,Called Strike,Called Strike,2,1,0,84.6,2718.0,-0.9842234163551961,2.783744872479064,3.392,1.712,,,,,,,,,Los Angeles Dodgers,Houston Astros
824200,2026-05-05,2026,Regular Season,44,6,bottom,660271,Shohei Ohtani,670541,Yordan Alvarez,R,L,4,c7a7128f-34c4-3407-8c49-5c40694ffe07,Four-Seam Fastball,FF,Swinging Strike,Swinging Strike,2,2,0,98.4,2665.0,-0.2068308016648166,3.0287333733160606,3.392,1.712,,,,,,,,,Los Angeles Dodgers,Houston Astros
824200,2026-05-05,2026,Regular Season,44,6,bottom,660271,Shohei Ohtani,670541,Yordan Alvarez,R,L,5,aba71ee5-7dfd-3d57-abf6-3930c9e3e0d9,Four-Seam Fastball,FF,Called Strike,Called Strike,2,3,0,99.0,2669.0,-0.6162505802420678,2.450792768850658,3.392,1.712,,,,Strikeout,0,0,2,true,Los Angeles Dodgers,Houston Astros
824200,2026-05-05,2026,Regular Season,45,6,bottom,660271,Shohei Ohtani,670623,Isaac Paredes,R,R,1,6c87fd0b-bf95-36ce-b241-857f99adb4cb,Sinker,SI,Ball,Ball,1,0,1,96.5,2284.0,-0.04436940962827126,3.6483499048195385,3.181,1.605,,,,,,,,,Los Angeles Dodgers,Houston Astros
824200,2026-05-05,2026,Regular Season,45,6,bottom,660271,Shohei Ohtani,670623,Isaac Paredes,R,R,2,a9adf5cb-520f-3684-a33c-f78c7293d39c,Four-Seam Fastball,FF,Called Strike,Called Strike,1,1,1,97.7,2624.0,-0.17702532794769613,2.383954360986315,3.181,1.605,,,,,,,,,Los Angeles Dodgers,Houston Astros
824200,2026-05-05,2026,Regular Season,45,6,bottom,660271,Shohei Ohtani,670623,Isaac Paredes,R,R,3,941c92fa-aad5-326c-aedd-1b439bdab7f6,Curveball,CU,Hit By Pitch,Hit By Pitch,2,1,1,75.9,2764.0,-1.3437975982244608,4.111054491665508,3.181,1.605,,,,Hit By Pitch,0,0,2,false,Los Angeles Dodgers,Houston Astros
824200,2026-05-05,2026,Regular Season,46,6,bottom,660271,Shohei Ohtani,572233,Christian Walker,R,R,1,5ec15705-f579-326b-94aa-7d6dfa23fadb,Sweeper,ST,Called Strike,Called Strike,0,1,1,83.3,2762.0,-0.3444529510130435,3.5848036338422506,3.179,1.604,670623,,,,,,,,Los Angeles Dodgers,Houston Astros
824200,2026-05-05,2026,Regular Season,46,6,bottom,660271,Shohei Ohtani,572233,Christian Walker,R,R,2,b485b585-4ee6-3e26-b20f-7a2f44d837d1,Sweeper,ST,Ball,Ball,1,1,1,84.0,2942.0,0.954108690148562,2.3141109646791476,3.179,1.604,670623,,,,,,,,Los Angeles Dodgers,Houston Astros
824200,2026-05-05,2026,Regular Season,46,6,bottom,660271,Shohei Ohtani,572233,Christian Walker,R,R,3,04c128fc-f918-3f6a-9343-befe8a311939,Sinker,SI,"In play, out(s)","In play, out(s)",1,1,1,95.3,2294.0,-0.3277580965398368,2.8676754847169006,3.179,1.604,670623,,,Lineout,0,0,2,true,Los Angeles Dodgers,Houston Astros
824200,2026-05-05,2026,Regular Season,47,6,bottom,660271,Shohei Ohtani,701358,Cam Smith,R,R,1,6bdbabd3-efaa-3da9-aa36-ae9da744ea0e,Sweeper,ST,Called Strike,Called Strike,0,1,2,84.6,2744.0,0.01920148481811114,3.083250135793856,3.348,1.69,670623,,,,,,,,Los Angeles Dodgers,Houston Astros
824200,2026-05-05,2026,Regular Season,47,6,bottom,660271,Shohei Ohtani,701358,Cam Smith,R,R,2,690391be-d75f-34a7-acc1-468d623766cd,Sinker,SI,"In play, out(s)","In play, out(s)",0,1,2,96.3,2292.0,0.09603638473943919,2.43377919463165,3.348,1.69,670623,,,Forceout,0,0,2,true,Los Angeles Dodgers,Houston Astros
824200,2026-05-05,2026,Regular Season,51,7,bottom,660271,Shohei Ohtani,805904,Zach Cole,R,L,1,9e2b79de-044b-3b7c-9c23-72c449aade64,Sweeper,ST,Called Strike,Called Strike,0,1,0,82.9,2718.0,-0.35358346865731466,2.178452993904514,3.281,1.656,,,,,,,,,Los Angeles Dodgers,Houston Astros
824200,2026-05-05,2026,Regular Season,51,7,bottom,660271,Shohei Ohtani,805904,Zach Cole,R,L,2,977fed5d-cfcf-33a0-821d-f71eb09e9538,Sweeper,ST,Swinging Strike,Swinging Strike,0,2,0,86.4,2863.0,0.9853169879826431,1.650161478043625,3.281,1.656,,,,,,,,,Los Angeles Dodgers,Houston Astros
824200,2026-05-05,2026,Regular Season,51,7,bottom,660271,Shohei Ohtani,805904,Zach Cole,R,L,3,6a97d455-5664-34ad-99c6-38a0af1a0118,Sweeper,ST,Swinging Strike (Blocked),Swinging Strike (Blocked),0,3,0,86.0,2871.0,0.6282978122890903,0.7899801949791956,3.281,1.656,,,,Strikeout,0,0,2,true,Los Angeles Dodgers,Houston Astros
824200,2026-05-05,2026,Regular Season,52,7,bottom,660271,Shohei Ohtani,543877,Christian Vázquez,R,R,1,12275674-3aef-36b7-9de5-ed9debcc2642,Four-Seam Fastball,FF,Ball,Ball,1,0,1,97.3,2566.0,-0.9723671451356716,1.9087502076844722,3.037,1.532,,,,,,,,,Los Angeles Dodgers,Houston Astros
824200,2026-05-05,2026,Regular Season,52,7,bottom,660271,Shohei Ohtani,543877,Christian Vázquez,R,R,2,632b8c42-7dd9-340b-97c8-fba1f254eb7f,Four-Seam Fastball,FF,Swinging Strike,Swinging Strike,1,1,1,97.1,2498.0,0.41916252355005046,2.3180121923785117,3.037,1.532,,,,,,,,,Los Angeles Dodgers,Houston Astros
824200,2026-05-05,2026,Regular Season,52,7,bottom,660271,Shohei Ohtani,543877,Christian Vázquez,R,R,3,75a260a6-aaa9-3ae3-88a4-23108dd651ed,Sweeper,ST,"In play, out(s)","In play, out(s)",1,1,1,84.4,2781.0,-0.2480186401207304,1.6732057270635896,3.037,1.532,,,,Groundout,0,0,2,true,Los Angeles Dodgers,Houston Astros
824200,2026-05-05,2026,Regular Season,53,7,bottom,660271,Shohei Ohtani,669397,Nick Allen,R,R,1,d7952aa5-1553-3a28-b5ee-322cd05214a3,Sweeper,ST,Ball,Ball,1,0,2,81.1,2691.0,-1.1345538334531138,2.762778113704439,3.007,1.517,,,,,,,,,Los Angeles Dodgers,Houston Astros
824200,2026-05-05,2026,Regular Season,53,7,bottom,660271,Shohei Ohtani,669397,Nick Allen,R,R,2,a7176fad-4219-3382-ab82-ca7c6ee630af,Four-Seam Fastball,FF,"In play, out(s)","In play, out(s)",1,0,2,96.3,2504.0,-0.1897355558332944,1.7826212573217277,3.007,1.517,,,,Lineout,0,0,2,true,Los Angeles Dodgers,Houston Astros
823952,2026-05-13,2026,Regular Season,1,1,top,660271,Shohei Ohtani,808982,Jung Hoo Lee,R,L,1,87454035-83fe-37c8-b60a-84622cec0e39,Sweeper,ST,Called Strike,Called Strike,0,1,0,82.1,2609.0,-0.15449853474526834,2.2499300439984267,3.224,1.627,,,,,,,,,San Francisco Giants,Los Angeles Dodgers
823952,2026-05-13,2026,Regular Season,1,1,top,660271,Shohei Ohtani,808982,Jung Hoo Lee,R,L,2,5f2e3b73-37bd-30d6-9533-14e739f4876e,Splitter,FS,Ball,Ball,1,1,0,90.3,1694.0,0.6626186596179808,1.750757730518159,3.224,1.627,,,,,,,,,San Francisco Giants,Los Angeles Dodgers
823952,2026-05-13,2026,Regular Season,1,1,top,660271,Shohei Ohtani,808982,Jung Hoo Lee,R,L,3,4f5959ac-cd40-33d5-a174-a36b4a3129a1,Four-Seam Fastball,FF,Foul,Foul,1,2,0,98.3,2526.0,0.5788051158044591,1.9271555152199265,3.224,1.627,,,,,,,,,San Francisco Giants,Los Angeles Dodgers
823952,2026-05-13,2026,Regular Season,1,1,top,660271,Shohei Ohtani,808982,Jung Hoo Lee,R,L,4,655b192e-759d-35f1-91e1-e52c700ddb7d,Four-Seam Fastball,FF,Ball,Ball,2,2,0,99.3,2473.0,-1.5393372615780738,3.3615712200875407,3.224,1.627,,,,,,,,,San Francisco Giants,Los Angeles Dodgers
823952,2026-05-13,2026,Regular Season,1,1,top,660271,Shohei Ohtani,808982,Jung Hoo Lee,R,L,5,c1662912-9392-3693-a8d3-329486c9b0e7,Sweeper,ST,Ball,Ball,3,2,0,85.3,2725.0,1.3743917565326347,1.008114567805633,3.224,1.627,,,,,,,,,San Francisco Giants,Los Angeles Dodgers
823952,2026-05-13,2026,Regular Season,1,1,top,660271,Shohei Ohtani,808982,Jung Hoo Lee,R,L,6,3888e41b-3773-34f8-bbf3-5fc1f95e44bd,Four-Seam Fastball,FF,"In play, out(s)","In play, out(s)",3,2,0,97.3,2319.0,-0.8191910218182665,3.075300140178594,3.224,1.627,,,,Groundout,0,0,0,true,San Francisco Giants,Los Angeles Dodgers
823952,2026-05-13,2026,Regular Season,2,1,top,660271,Shohei Ohtani,650333,Luis Arraez,R,L,1,6c00c897-49c3-3b2e-888d-55c97cf98964,Four-Seam Fastball,FF,Called Strike,Called Strike,0,1,1,97.1,2480.0,-0.27018382443890165,1.9403525383022489,3.124,1.577,,,,,,,,,San Francisco Giants,Los Angeles Dodgers
823952,2026-05-13,2026,Regular Season,2,1,top,660271,Shohei Ohtani,650333,Luis Arraez,R,L,2,c5a42ca5-0ce1-3589-b654-327f5da9228c,Four-Seam Fastball,FF,Ball,Ball,1,1,1,97.8,2598.0,1.2487149637163526,1.3368497718168957,3.124,1.577,,,,,,,,,San Francisco Giants,Los Angeles Dodgers
823952,2026-05-13,2026,Regular Season,2,1,top,660271,Shohei Ohtani,650333,Luis Arraez,R,L,3,df555847-0b2f-3b31-bf43-ad527f982c21,Sweeper,ST,Foul,Foul,1,2,1,85.6,2815.0,0.23070756798374525,1.541474901876059,3.124,1.577,,,,,,,,,San Francisco Giants,Los Angeles Dodgers
823952,2026-05-13,2026,Regular Season,2,1,top,660271,Shohei Ohtani,650333,Luis Arraez,R,L,4,4c6b82ee-19ea-3bf2-9336-d420a15a2249,Four-Seam Fastball,FF,"In play, out(s)","In play, out(s)",1,2,1,99.0,2629.0,0.18071664504854182,3.1289951616484704,3.124,1.577,,,,Groundout,0,0,0,true,San Francisco Giants,Los Angeles Dodgers
823952,2026-05-13,2026,Regular Season,3,1,top,660271,Shohei Ohtani,671218,Heliot Ramos,R,R,1,321d6d29-2d3a-31a2-9e61-65bebace8089,Sweeper,ST,Ball,Ball,1,0,2,83.9,2823.0,1.1521027098674113,1.7739208960507884,3.184,1.607,,,,,,,,,San Francisco Giants,Los Angeles Dodgers
823952,2026-05-13,2026,Regular Season,3,1,top,660271,Shohei Ohtani,671218,Heliot Ramos,R,R,2,5e7379f0-8f48-3ffc-b34c-bca966b8b8ec,Sweeper,ST,Ball,Ball,2,0,2,83.2,2863.0,0.9771235730041695,1.8662196894766956,3.184,1.607,,,,,,,,,San Francisco Giants,Los Angeles Dodgers
823952,2026-05-13,2026,Regular Season,3,1,top,660271,Shohei Ohtani,671218,Heliot Ramos,R,R,3,60a3d760-1070-37ef-b4d4-9f08094ab4d8,Four-Seam Fastball,FF,Called Strike,Called Strike,2,1,2,95.8,2514.0,0.6922751436175006,1.7223447764525723,3.184,1.607,,,,,,,,,San Francisco Giants,Los Angeles Dodgers
823952,2026-05-13,2026,Regular Season,3,1,top,660271,Shohei Ohtani,671218,Heliot Ramos,R,R,4,084619a1-de70-36ad-a4b9-dbaeaa13f92a,Four-Seam Fastball,FF,Ball,Ball,3,1,2,97.3,2654.0,-0.7788558048305114,3.5344377120925006,3.184,1.607,,,,,,,,,San Francisco Giants,Los Angeles Dodgers
823952,2026-05-13,2026,Regular Season,3,1,top,660271,Shohei Ohtani,671218,Heliot Ramos,R,R,5,9798bc4e-498b-31e1-8d14-f9889fb36bdb,Sinker,SI,Ball,Ball,4,1,2,94.5,2193.0,0.7311981785115722,1.3615910403269982,3.184,1.607,,,,Walk,0,0,0,false,San Francisco Giants,Los Angeles Dodgers
823952,2026-05-13,2026,Regular Season,4,1,top,660271,Shohei Ohtani,646240,Rafael Devers,R,L,1,9897e885-449c-39aa-ab2f-c34dc9e88a1d,Four-Seam Fastball,FF,Ball,Ball,1,0,2,98.0,2611.0,-0.7853885747138057,3.9287906153046355,3.217,1.624,671218,,,,,,,,San Francisco Giants,Los Angeles Dodgers
823952,2026-05-13,2026,Regular Season,4,1,top,660271,Shohei Ohtani,646240,Rafael Devers,R,L,2,5c435a17-6d32-37b9-aae2-f26d9cd55692,Four-Seam Fastball,FF,Called Strike,Called Strike,1,1,2,97.3,2541.0,-0.3760912707314966,2.443917929051869,3.217,1.624,671218,,,,,,,,San Francisco Giants,Los Angeles Dodgers
823952,2026-05-13,2026,Regular Season,4,1,top,660271,Shohei Ohtani,646240,Rafael Devers,R,L,3,09c46a0e-bb45-30db-80ef-04518c57cd71,Sweeper,ST,Swinging Strike,Swinging Strike,1,2,2,83.4,2665.0,0.6094726563760566,0.8960912347623428,3.217,1.624,671218,,,,,,,,San Francisco Giants,Los Angeles Dodgers
823952,2026-05-13,2026,Regular Season,4,1,top,660271,Shohei Ohtani,646240,Rafael Devers,R,L,4,10b349fa-3b09-3afc-8ac6-75b97b45870a,Four-Seam Fastball,FF,"In play, no out","In play, no out",1,2,2,98.8,2639.0,-0.8168879676662806,2.2383431303431456,3.217,1.624,671218,,,Single,0,0,0,false,San Francisco Giants,Los Angeles Dodgers
823952,2026-05-13,2026,Regular Season,5,1,top,660271,Shohei Ohtani,805811,Bryce Eldridge,R,L,1,fa1ee8d7-9aa8-330e-b9dd-abe635f84ee5,Sweeper,ST,Called Strike,Called Strike,0,1,2,86.9,2726.0,-0.25646937529453273,2.184980534264935,3.541,1.787,646240,,671218,,,,,,San Francisco Giants,Los Angeles Dodgers
823952,2026-05-13,2026,Regular Season,5,1,top,660271,Shohei Ohtani,805811,Bryce Eldridge,R,L,2,3d617b4b-160a-31c2-aa35-8b710a0972cb,Four-Seam Fastball,FF,Foul,Foul,0,2,2,100.6,2499.0,-0.03826112969989172,2.3053204849221323,3.541,1.787,646240,,671218,,,,,,San Francisco Giants,Los Angeles Dodgers
823952,2026-05-13,2026,Regular Season,5,1,top,660271,Shohei Ohtani,805811,Bryce Eldridge,R,L,3,725fc824-0a1b-3e56-bd11-6a0ca692e47e,Sweeper,ST,Swinging Strike,Swinging Strike,0,3,2,87.4,2767.0,1.3024137246330827,0.9441187751090849,3.541,1.787,646240,,671218,Strikeout,0,0,0,true,San Francisco Giants,Los Angeles Dodgers
823952,2026-05-13,2026,Regular Season,10,2,top,660271,Shohei Ohtani,642715,Willy Adames,R,R,1,e11d0b65-095f-3935-b50d-91aa3e2d89a4,Sweeper,ST,Called Strike,Called Strike,0,1,0,81.3,2504.0,0.17461032399372584,2.2471814095299787,3.224,1.627,,,,,,,,,San Francisco Giants,Los Angeles Dodgers
823952,2026-05-13,2026,Regular Season,10,2,top,660271,Shohei Ohtani,642715,Willy Adames,R,R,2,ae6dba75-6c6d-397c-a532-3a8eb9d9f253,Sweeper,ST,Called Strike,Called Strike,0,2,0,85.3,2732.0,0.7844732067806238,2.9971722328800636,3.224,1.627,,,,,,,,,San Francisco Giants,Los Angeles Dodgers
823952,2026-05-13,2026,Regular Season,10,2,top,660271,Shohei Ohtani,642715,Willy Adames,R,R,3,7939776d-33ab-390e-bdba-83c95e586694,Sweeper,ST,Ball,Ball,1,2,0,85.5,2870.0,2.376357169702889,1.539238276224299,3.224,1.627,,,,,,,,,San Francisco Giants,Los Angeles Dodgers
823952,2026-05-13,2026,Regular Season,10,2,top,660271,Shohei Ohtani,642715,Willy Adames,R,R,4,447616ca-39cc-3d82-8b9b-f5d79af4485e,Sweeper,ST,Swinging Strike,Swinging Strike,1,3,0,85.9,2899.0,1.125129639534861,1.833597753689602,3.224,1.627,,,,Strikeout,0,0,0,true,San Francisco Giants,Los Angeles Dodgers
823952,2026-05-13,2026,Regular Season,11,2,top,660271,Shohei Ohtani,656305,Matt Chapman,R,R,1,c2ac67a5-a24b-387b-8d56-39f9fffe8d35,Four-Seam Fastball,FF,Swinging Strike,Swinging Strike,0,1,1,95.7,2481.0,-0.19319985284001676,3.4296875959695665,3.251,1.641,,,,,,,,,San Francisco Giants,Los Angeles Dodgers
823952,2026-05-13,2026,Regular Season,11,2,top,660271,Shohei Ohtani,656305,Matt Chapman,R,R,2,f8b232e5-0ff2-3a84-b289-1210396b201a,Four-Seam Fastball,FF,Called Strike,Called Strike,0,2,1,97.7,2462.0,-0.4573069441176518,2.1215889817609064,3.251,1.641,,,,,,,,,San Francisco Giants,Los Angeles Dodgers
823952,2026-05-13,2026,Regular Season,11,2,top,660271,Shohei Ohtani,656305,Matt Chapman,R,R,3,4d0d1985-cd9e-3203-83e1-cc0532f7f77c,Sweeper,ST,"In play, out(s)","In play, out(s)",0,2,1,84.7,2905.0,0.8418906386370916,2.46456817936191,3.251,1.641,,,,Flyout,0,0,0,true,San Francisco Giants,Los Angeles Dodgers
823952,2026-05-13,2026,Regular Season,12,2,top,660271,Shohei Ohtani,687551,Drew Gilbert,R,L,1,f3564c9e-a441-3668-9cad-d66315bbf447,Sweeper,ST,Called Strike,Called Strike,0,1,2,82.4,2773.0,-0.22253558696873085,2.3080301033212356,3.059,1.544,,,,,,,,,San Francisco Giants,Los Angeles Dodgers
823952,2026-05-13,2026,Regular Season,12,2,top,660271,Shohei Ohtani,687551,Drew Gilbert,R,L,2,65f3aa4d-87d9-3ca2-814c-26b1fee0f19c,Splitter,FS,Swinging Strike,Swinging Strike,0,2,2,93.0,1712.0,-0.9583339473497346,0.9782470919696435,3.059,1.544,,,,,,,,,San Francisco Giants,Los Angeles Dodgers
823952,2026-05-13,2026,Regular Season,12,2,top,660271,Shohei Ohtani,687551,Drew Gilbert,R,L,3,c82bb536-bff0-3f31-9b8d-90ac5cc8f4ca,Splitter,FS,Ball,Ball,1,2,2,92.5,1797.0,0.41066474727635965,0.905527096322759,3.059,1.544,,,,,,,,,San Francisco Giants,Los Angeles Dodgers
823952,2026-05-13,2026,Regular Season,12,2,top,660271,Shohei Ohtani,687551,Drew Gilbert,R,L,4,9f7b9ed6-3b74-3da2-bb66-733946b25cc0,Four-Seam Fastball,FF,"In play, out(s)","In play, out(s)",1,2,2,98.4,2513.0,-0.9029584136010672,2.163054727495246,3.059,1.544,,,,Groundout,0,0,0,true,San Francisco Giants,Los Angeles Dodgers
823952,2026-05-13,2026,Regular Season,17,3,top,660271,Shohei Ohtani,683679,Jesus Rodriguez,R,R,1,af3fc15e-93ac-3cca-abf3-3c5f87402d38,Sweeper,ST,Called Strike,Called Strike,0,1,0,80.8,2621.0,0.1789926475013185,2.895975905193164,3.116,1.572,,,,,,,,,San Francisco Giants,Los Angeles Dodgers
823952,2026-05-13,2026,Regular Season,17,3,top,660271,Shohei Ohtani,683679,Jesus Rodriguez,R,R,2,92dd42fc-0898-3cf5-8c1b-11ce51d5a7b2,Sweeper,ST,Ball,Ball,1,1,0,85.9,2811.0,1.8737596675401003,1.3112396178217978,3.116,1.572,,,,,,,,,San Francisco Giants,Los Angeles Dodgers
823952,2026-05-13,2026,Regular Season,17,3,top,660271,Shohei Ohtani,683679,Jesus Rodriguez,R,R,3,fea0d5f2-d86a-3b1f-b3ea-cf9339744482,Four-Seam Fastball,FF,Swinging Strike,Swinging Strike,1,2,0,97.3,2463.0,0.023426942828158052,3.184468285815304,3.116,1.572,,,,,,,,,San Francisco Giants,Los Angeles Dodgers
823952,2026-05-13,2026,Regular Season,17,3,top,660271,Shohei Ohtani,683679,Jesus Rodriguez,R,R,4,e761c6a6-e069-3845-9da4-f619d855b2b0,Sweeper,ST,"In play, out(s)","In play, out(s)",1,2,0,86.5,2880.0,0.0744548319274979,2.5561608089405405,3.116,1.572,,,,Lineout,0,0,0,true,San Francisco Giants,Los Angeles Dodgers
823952,2026-05-13,2026,Regular Season,18,3,top,660271,Shohei Ohtani,808982,Jung Hoo Lee,R,L,1,95b5dd61-df09-3077-8115-c107ebd6e08e,Curveball,CU,Ball,Ball,1,0,1,72.0,2630.0,-1.2019859661099104,3.3540189304630297,3.224,1.627,,,,,,,,,San Francisco Giants,Los Angeles Dodgers
823952,2026-05-13,2026,Regular Season,18,3,top,660271,Shohei Ohtani,808982,Jung Hoo Lee,R,L,2,800a0983-4948-3e1a-8c9f-d1195da88159,Sweeper,ST,Foul,Foul,1,1,1,83.4,2736.0,0.028888357970096364,1.8765603011879664,3.224,1.627,,,,,,,,,San Francisco Giants,Los Angeles Dodgers
823952,2026-05-13,2026,Regular Season,18,3,top,660271,Shohei Ohtani,808982,Jung Hoo Lee,R,L,3,481b4dba-b167-38d2-ba66-11983b1e3cb7,Four-Seam Fastball,FF,Foul,Foul,1,2,1,98.6,2496.0,0.07125816390225106,1.9053371557454106,3.224,1.627,,,,,,,,,San Francisco Giants,Los Angeles Dodgers
823952,2026-05-13,2026,Regular Season,18,3,top,660271,Shohei Ohtani,808982,Jung Hoo Lee,R,L,4,6554f95f-4f85-31d5-8b37-98b69caf21d6,Splitter,FS,"In play, out(s)","In play, out(s)",1,2,1,90.6,1475.0,-1.2717456496334427,1.4860803506764098,3.224,1.627,,,,Groundout,0,0,0,true,San Francisco Giants,Los Angeles Dodgers
823952,2026-05-13,2026,Regular Season,19,3,top,660271,Shohei Ohtani,650333,Luis Arraez,R,L,1,93373042-a1be-3217-a866-972d3396c5d2,Sweeper,ST,Called Strike,Called Strike,0,1,2,81.1,2642.0,-0.7202419621267291,3.284477592305606,3.124,1.577,,,,,,,,,San Francisco Giants,Los Angeles Dodgers
823952,2026-05-13,2026,Regular Season,19,3,top,660271,Shohei Ohtani,650333,Luis Arraez,R,L,2,ea170cd7-f8e2-375d-8b0f-afe1b2cebb4c,Splitter,FS,Ball,Ball,1,1,2,90.3,1714.0,0.2933523601306836,0.7608490501082787,3.124,1.577,,,,,,,,,San Francisco Giants,Los Angeles Dodgers
823952,2026-05-13,2026,Regular Season,19,3,top,660271,Shohei Ohtani,650333,Luis Arraez,R,L,3,49413bce-dae4-3355-8ff9-364dcdd5e6f9,Four-Seam Fastball,FF,Ball,Ball,2,1,2,97.0,2626.0,-1.3004861308179372,2.966147576870013,3.124,1.577,,,,,,,,,San Francisco Giants,Los Angeles Dodgers
823952,2026-05-13,2026,Regular Season,19,3,top,660271,Shohei Ohtani,650333,Luis Arraez,R,L,4,41f4cbe1-7943-3408-838e-ca3046b17178,Sweeper,ST,Foul,Foul,2,2,2,82.5,2729.0,0.27593355051332036,1.7604167602238707,3.124,1.577,,,,,,,,,San Francisco Giants,Los Angeles Dodgers
823952,2026-05-13,2026,Regular Season,19,3,top,660271,Shohei Ohtani,650333,Luis Arraez,R,L,5,20007383-0b13-346a-be45-9f3b2e0f2a2c,Curveball,CU,Foul,Foul,2,2,2,82.5,2948.0,0.6493017789743293,1.36050533525963,3.124,1.577,,,,,,,,,San Francisco Giants,Los Angeles Dodgers
823952,2026-05-13,2026,Regular Season,19,3,top,660271,Shohei Ohtani,650333,Luis Arraez,R,L,6,ddd817a2-7e8d-3f92-821f-1f6e3f891b37,Four-Seam Fastball,FF,Foul,Foul,2,2,2,98.4,2666.0,0.09904639250489758,1.9647889832585705,3.124,1.577,,,,,,,,,San Francisco Giants,Los Angeles Dodgers
823952,2026-05-13,2026,Regular Season,19,3,top,660271,Shohei Ohtani,650333,Luis Arraez,R,L,7,84549102-1a3d-3149-980e-6629467aec0f,Splitter,FS,Foul,Foul,2,2,2,92.3,1695.0,-0.2319672960444346,1.243307961196683,3.124,1.577,,,,,,,,,San Francisco Giants,Los Angeles Dodgers
823952,2026-05-13,2026,Regular Season,19,3,top,660271,Shohei Ohtani,650333,Luis Arraez,R,L,8,dd91af09-005b-3b89-b007-9f6ed43af393,Four-Seam Fastball,FF,Foul,Foul,2,2,2,100.2,2594.0,-0.5097769972639069,2.623321625731586,3.124,1.577,,,,,,,,,San Francisco Giants,Los Angeles Dodgers
823952,2026-05-13,2026,Regular Season,19,3,top,660271,Shohei Ohtani,650333,Luis Arraez,R,L,9,8117386c-f7fc-3788-8c02-8041bde5c770,Curveball,CU,Ball,Ball,3,2,2,71.3,2497.0,-1.941619296457739,2.4951574761947923,3.124,1.577,,,,,,,,,San Francisco Giants,Los Angeles Dodgers
823952,2026-05-13,2026,Regular Season,19,3,top,660271,Shohei Ohtani,650333,Luis Arraez,R,L,10,41318ace-1aee-300c-8444-40e98cb37e76,Four-Seam Fastball,FF,Ball,Ball,4,2,2,97.8,2480.0,-1.5390802898672449,3.8532665384372526,3.124,1.577,,,,Walk,0,0,0,false,San Francisco Giants,Los Angeles Dodgers
823952,2026-05-13,2026,Regular Season,20,3,top,660271,Shohei Ohtani,671218,Heliot Ramos,R,R,1,b9cfb8c9-e43e-35f4-b70e-15222ba0802e,Sweeper,ST,Called Strike,Called Strike,0,1,2,84.8,2631.0,-0.36287764933331385,2.923422565247792,3.184,1.607,650333,,,,,,,,San Francisco Giants,Los Angeles Dodgers
823952,2026-05-13,2026,Regular Season,20,3,top,660271,Shohei Ohtani,671218,Heliot Ramos,R,R,2,59f64749-5aa8-31ed-b352-9d19496a1e12,Sweeper,ST,"In play, out(s)","In play, out(s)",0,1,2,86.7,2916.0,0.08923213656443092,2.0024731348114755,3.184,1.607,,650333,,Lineout,0,0,0,true,San Francisco Giants,Los Angeles Dodgers
823952,2026-05-13,2026,Regular Season,26,4,top,660271,Shohei Ohtani,646240,Rafael Devers,R,L,1,47dfbb9e-13ec-3add-9ed0-2e8c4d0c9b67,Four-Seam Fastball,FF,Called Strike,Called Strike,0,1,0,97.4,2531.0,-0.43927504517211574,2.99505343407597,3.217,1.624,,,,,,,,,San Francisco Giants,Los Angeles Dodgers
823952,2026-05-13,2026,Regular Season,26,4,top,660271,Shohei Ohtani,646240,Rafael Devers,R,L,2,dd82d2ff-a9b1-3af6-bafd-98b6127ca7e7,Sweeper,ST,Called Strike,Called Strike,0,2,0,83.0,2563.0,-0.5207934557254126,2.2021407088409175,3.217,1.624,,,,,,,,,San Francisco Giants,Los Angeles Dodgers
823952,2026-05-13,2026,Regular Season,26,4,top,660271,Shohei Ohtani,646240,Rafael Devers,R,L,3,7aa65c54-aaef-3c2a-93b1-ed90c4035a6e,Sweeper,ST,Swinging Strike,Swinging Strike,0,3,0,86.2,2758.0,0.3859726995760518,1.8279453166224635,3.217,1.624,,,,Strikeout,0,0,2,true,San Francisco Giants,Los Angeles Dodgers
823952,2026-05-13,2026,Regular Season,27,4,top,660271,Shohei Ohtani,805811,Bryce Eldridge,R,L,1,a9a69a52-4fab-3679-b253-9759ed24447f,Sweeper,ST,Ball,Ball,1,0,1,83.0,2683.0,-0.9081846367664471,3.5095325316639094,3.541,1.787,,,,,,,,,San Francisco Giants,Los Angeles Dodgers
823952,2026-05-13,2026,Regular Season,27,4,top,660271,Shohei Ohtani,805811,Bryce Eldridge,R,L,2,74e59b87-83eb-3613-8fa4-22463bda4456,Four-Seam Fastball,FF,Foul,Foul,1,1,1,97.0,2485.0,0.1982988232404266,2.4449031032081265,3.541,1.787,,,,,,,,,San Francisco Giants,Los Angeles Dodgers
823952,2026-05-13,2026,Regular Season,27,4,top,660271,Shohei Ohtani,805811,Bryce Eldridge,R,L,3,0284d427-fa4d-3644-b361-b2b3012fc313,Four-Seam Fastball,FF,Ball,Ball,2,1,1,97.5,2463.0,1.0106743332357886,2.0131874671982257,3.541,1.787,,,,,,,,,San Francisco Giants,Los Angeles Dodgers
823952,2026-05-13,2026,Regular Season,27,4,top,660271,Shohei Ohtani,805811,Bryce Eldridge,R,L,4,282b2bd6-98b2-3d7b-b705-c7d7288512d2,Sweeper,ST,Foul,Foul,2,2,1,84.6,2740.0,-0.5018876197157217,2.603153032162567,3.541,1.787,,,,,,,,,San Francisco Giants,Los Angeles Dodgers
823952,2026-05-13,2026,Regular Season,27,4,top,660271,Shohei Ohtani,805811,Bryce Eldridge,R,L,5,c7cf3e39-0934-3a35-9569-719029129e34,Four-Seam Fastball,FF,Swinging Strike,Swinging Strike,2,3,1,97.7,2340.0,-0.2963642706501765,4.437132304593288,3.541,1.787,,,,Strikeout,0,0,2,true,San Francisco Giants,Los Angeles Dodgers
823952,2026-05-13,2026,Regular Season,28,4,top,660271,Shohei Ohtani,642715,Willy Adames,R,R,1,4c6d34d9-ede4-3dab-9baf-b0603ee95f70,Four-Seam Fastball,FF,Ball,Ball,1,0,2,97.3,2275.0,-1.007846441896118,3.5193615935032296,3.224,1.627,,,,,,,,,San Francisco Giants,Los Angeles Dodgers
823952,2026-05-13,2026,Regular Season,28,4,top,660271,Shohei Ohtani,642715,Willy Adames,R,R,2,37d18cf2-882d-3ff7-9ad5-614764112364,Four-Seam Fastball,FF,Swinging Strike,Swinging Strike,1,1,2,96.3,2488.0,0.23350794481822543,2.3401783900456827,3.224,1.627,,,,,,,,,San Francisco Giants,Los Angeles Dodgers
823952,2026-05-13,2026,Regular Season,28,4,top,660271,Shohei Ohtani,642715,Willy Adames,R,R,3,12ee8259-a5ae-3a54-abb9-d3ee41a7cbbd,Four-Seam Fastball,FF,Foul,Foul,1,2,2,97.3,2498.0,0.2410102038918867,2.4037099194842435,3.224,1.627,,,,,,,,,San Francisco Giants,Los Angeles Dodgers
823952,2026-05-13,2026,Regular Season,28,4,top,660271,Shohei Ohtani,642715,Willy Adames,R,R,4,2f2fd957-9eb3-3a31-b76d-d4bd27d7769a,Four-Seam Fastball,FF,Called Strike,Called Strike,1,3,2,98.0,2529.0,-0.7372479005865734,3.1853308906234377,3.224,1.627,,,,Strikeout,0,0,2,true,San Francisco Giants,Los Angeles Dodgers
823952,2026-05-13,2026,Regular Season,35,5,top,660271,Shohei Ohtani,656305,Matt Chapman,R,R,1,41da65ca-82bc-3039-9839-fd8d732e3e50,Four-Seam Fastball,FF,Called Strike,Called Strike,0,1,0,94.9,2438.0,0.635717067103507,2.0886306639260495,3.251,1.641,,,,,,,,,San Francisco Giants,Los Angeles Dodgers
823952,2026-05-13,2026,Regular Season,35,5,top,660271,Shohei Ohtani,656305,Matt Chapman,R,R,2,25f7d3ee-bfee-35e0-8750-cd26a4066c94,Four-Seam Fastball,FF,Called Strike,Called Strike,0,2,0,96.6,2496.0,0.8265187100701749,3.2675938515650484,3.251,1.641,,,,,,,,,San Francisco Giants,Los Angeles Dodgers
823952,2026-05-13,2026,Regular Season,35,5,top,660271,Shohei Ohtani,656305,Matt Chapman,R,R,3,76634038-d42f-3619-a672-de525fcf2b07,Sweeper,ST,Ball,Ball,1,2,0,86.3,2688.0,1.1607403105424638,1.022309040332717,3.251,1.641,,,,,,,,,San Francisco Giants,Los Angeles Dodgers
823952,2026-05-13,2026,Regular Season,35,5,top,660271,Shohei Ohtani,656305,Matt Chapman,R,R,4,2560ad88-cf9e-3258-8923-8b8ca497d0ad,Sweeper,ST,Foul,Foul,1,2,0,85.8,2714.0,0.2572120562335953,3.2807979714470976,3.251,1.641,,,,,,,,,San Francisco Giants,Los Angeles Dodgers
823952,2026-05-13,2026,Regular Season,35,5,top,660271,Shohei Ohtani,656305,Matt Chapman,R,R,5,4483cfe2-c083-3869-840e-b5f07198b409,Four-Seam Fastball,FF,Swinging Strike,Swinging Strike,1,3,0,98.0,2479.0,0.2296084596680402,2.9147158026857363,3.251,1.641,,,,Strikeout,0,0,4,true,San Francisco Giants,Los Angeles Dodgers
823952,2026-05-13,2026,Regular Season,36,5,top,660271,Shohei Ohtani,687551,Drew Gilbert,R,L,1,7c2d47a2-3244-3398-af99-b0a863f538e4,Curveball,CU,Ball,Ball,1,0,1,72.9,2553.0,-2.294925122957906,3.2087618612166526,3.059,1.544,,,,,,,,,San Francisco Giants,Los Angeles Dodgers
823952,2026-05-13,2026,Regular Season,36,5,top,660271,Shohei Ohtani,687551,Drew Gilbert,R,L,2,46627b8d-f7a0-3f22-b318-7a37c9ff0e0c,Sweeper,ST,"In play, out(s)","In play, out(s)",1,0,1,81.0,2629.0,-0.14695171570903878,1.9748417626835044,3.059,1.544,,,,Groundout,0,0,4,true,San Francisco Giants,Los Angeles Dodgers
823952,2026-05-13,2026,Regular Season,37,5,top,660271,Shohei Ohtani,683679,Jesus Rodriguez,R,R,1,563e9bba-54b4-353d-b3e2-03d3506056eb,Four-Seam Fastball,FF,Swinging Strike,Swinging Strike,0,1,2,95.9,2453.0,0.28007584141246344,3.241753970943055,3.116,1.572,,,,,,,,,San Francisco Giants,Los Angeles Dodgers
823952,2026-05-13,2026,Regular Season,37,5,top,660271,Shohei Ohtani,683679,Jesus Rodriguez,R,R,2,6baf0ff1-f0ef-38fa-9c85-c691d65e9d23,Four-Seam Fastball,FF,Foul,Foul,0,2,2,96.8,2461.0,0.11957179475968492,3.6141606228004375,3.116,1.572,,,,,,,,,San Francisco Giants,Los Angeles Dodgers
823952,2026-05-13,2026,Regular Season,37,5,top,660271,Shohei Ohtani,683679,Jesus Rodriguez,R,R,3,0007ac73-577a-39c1-b82a-eb696e9da025,Curveball,CU,Ball,Ball,1,2,2,78.8,2713.0,1.9439954970835445,0.47923179877724253,3.116,1.572,,,,,,,,,San Francisco Giants,Los Angeles Dodgers
823952,2026-05-13,2026,Regular Season,37,5,top,660271,Shohei Ohtani,683679,Jesus Rodriguez,R,R,4,60826001-f9e7-39a1-8e95-49024b20e5aa,Sweeper,ST,Ball,Ball,2,2,2,84.0,2964.0,1.700020395772801,-0.019248675687303173,3.116,1.572,,,,,,,,,San Francisco Giants,Los Angeles Dodgers
823952,2026-05-13,2026,Regular Season,37,5,top,660271,Shohei Ohtani,683679,Jesus Rodriguez,R,R,5,c581518d-071f-3770-a34b-5f3c68063304,Sweeper,ST,Swinging Strike,Swinging Strike,2,3,2,84.9,2846.0,0.9471553607122397,1.1662169351707263,3.116,1.572,,,,Strikeout,0,0,4,true,San Francisco Giants,Los Angeles Dodgers
823952,2026-05-13,2026,Regular Season,43,6,top,660271,Shohei Ohtani,808982,Jung Hoo Lee,R,L,1,9b6b8873-19b0-3232-b5cc-a002c70d54f9,Four-Seam Fastball,FF,"In play, out(s)","In play, out(s)",0,0,0,97.5,2361.0,0.16011677412662265,3.0695879149466063,3.224,1.627,,,,Groundout,0,0,4,true,San Francisco Giants,Los Angeles Dodgers
823952,2026-05-13,2026,Regular Season,44,6,top,660271,Shohei Ohtani,650333,Luis Arraez,R,L,1,69c6f826-cccb-3240-b327-d079f3bb2c88,Cutter,FC,Ball,Ball,1,0,1,91.7,2251.0,-1.5300901121925043,2.4073101163066024,3.124,1.577,,,,,,,,,San Francisco Giants,Los Angeles Dodgers
823952,2026-05-13,2026,Regular Season,44,6,top,660271,Shohei Ohtani,650333,Luis Arraez,R,L,2,bea5ab90-d325-3b2d-bbf8-4e40287ea093,Four-Seam Fastball,FF,Ball,Ball,2,0,1,96.3,2406.0,-0.41831060595354425,3.5592455993998375,3.124,1.577,,,,,,,,,San Francisco Giants,Los Angeles Dodgers
823952,2026-05-13,2026,Regular Season,44,6,top,660271,Shohei Ohtani,650333,Luis Arraez,R,L,3,8920c122-5599-36cb-9eee-bb04bd2fe887,Cutter,FC,"In play, no out","In play, no out",2,0,1,92.2,2274.0,-0.4611034814711993,3.2136872159513907,3.124,1.577,,,,Single,0,0,4,false,San Francisco Giants,Los Angeles Dodgers
823952,2026-05-13,2026,Regular Season,45,6,top,660271,Shohei Ohtani,671218,Heliot Ramos,R,R,1,52e12eda-e523-32f3-9bf2-3aa73370f84c,Four-Seam Fastball,FF,Ball,Ball,1,0,1,96.6,2480.0,-0.8111398595067257,4.505508967118723,3.184,1.607,650333,,,,,,,,San Francisco Giants,Los Angeles Dodgers
823952,2026-05-13,2026,Regular Season,45,6,top,660271,Shohei Ohtani,671218,Heliot Ramos,R,R,2,711a3f33-935e-3ba0-b300-f43948759dc3,Sweeper,ST,Ball,Ball,2,0,1,81.9,2608.0,-0.8961728568120986,1.3615616814063538,3.184,1.607,650333,,,,,,,,San Francisco Giants,Los Angeles Dodgers
823952,2026-05-13,2026,Regular Season,45,6,top,660271,Shohei Ohtani,671218,Heliot Ramos,R,R,3,ccfb1f1e-6981-308c-802e-633d6e843f7e,Four-Seam Fastball,FF,Swinging Strike,Swinging Strike,2,1,1,96.0,2443.0,-0.2506056619932599,3.8342058058616204,3.184,1.607,650333,,,,,,,,San Francisco Giants,Los Angeles Dodgers
823952,2026-05-13,2026,Regular Season,45,6,top,660271,Shohei Ohtani,671218,Heliot Ramos,R,R,4,cf2254eb-dc2a-351d-bc00-8aed9cdcaaa3,Four-Seam Fastball,FF,Swinging Strike,Swinging Strike,2,2,1,97.1,2542.0,-0.04773947937015544,2.8435841643861117,3.184,1.607,650333,,,,,,,,San Francisco Giants,Los Angeles Dodgers
823952,2026-05-13,2026,Regular Season,45,6,top,660271,Shohei Ohtani,671218,Heliot Ramos,R,R,5,40735375-3a10-3005-aaa2-668f2c9fc0aa,Four-Seam Fastball,FF,Ball,Ball,3,2,1,98.0,2476.0,-1.5767428593970447,2.8897175775156865,3.184,1.607,650333,,,,,,,,San Francisco Giants,Los Angeles Dodgers
823952,2026-05-13,2026,Regular Season,45,6,top,660271,Shohei Ohtani,671218,Heliot Ramos,R,R,6,41e28a25-c98e-3f0e-817d-675d736401f6,Sweeper,ST,"In play, out(s)","In play, out(s)",3,2,1,85.2,2745.0,-0.05818112451279213,2.294796677330192,3.184,1.607,650333,,,Flyout,0,0,4,true,San Francisco Giants,Los Angeles Dodgers
823952,2026-05-13,2026,Regular Season,46,6,top,660271,Shohei Ohtani,646240,Rafael Devers,R,L,1,8e15ff6b-b30c-3f83-b770-e6c94990bff7,Sweeper,ST,Called Strike,Called Strike,0,1,2,84.6,2807.0,-0.07566125207485605,2.4929829828384515,3.217,1.624,650333,,,,,,,,San Francisco Giants,Los Angeles Dodgers
823952,2026-05-13,2026,Regular Season,46,6,top,660271,Shohei Ohtani,646240,Rafael Devers,R,L,2,bfd744ea-9429-36c5-aab1-dfb20d4df2ec,Four-Seam Fastball,FF,Called Strike,Called Strike,0,2,2,97.7,2599.0,0.7326003007917588,2.263011220796107,3.217,1.624,650333,,,,,,,,San Francisco Giants,Los Angeles Dodgers
823952,2026-05-13,2026,Regular Season,46,6,top,660271,Shohei Ohtani,646240,Rafael Devers,R,L,3,81e83247-04a3-3bd3-97c4-9b3ac3f1eff0,Four-Seam Fastball,FF,Swinging Strike,Swinging Strike,0,3,2,98.1,2523.0,-0.2339522325247247,3.52332083408093,3.217,1.624,650333,,,Strikeout,0,0,4,true,San Francisco Giants,Los Angeles Dodgers
823952,2026-05-13,2026,Regular Season,50,7,top,660271,Shohei Ohtani,805811,Bryce Eldridge,R,L,1,47ae3969-c8d2-38a1-b9de-7e07078681ef,Four-Seam Fastball,FF,Foul,Foul,0,1,0,96.9,2473.0,-0.6780430394089149,3.529747182038159,3.541,1.787,,,,,,,,,San Francisco Giants,Los Angeles Dodgers
823952,2026-05-13,2026,Regular Season,50,7,top,660271,Shohei Ohtani,805811,Bryce Eldridge,R,L,2,965f8fa9-18d2-3c38-b33b-5c0b50cee846,Four-Seam Fastball,FF,Ball,Ball,1,1,0,97.2,2587.0,-1.322802396096324,4.315022459336572,3.541,1.787,,,,,,,,,San Francisco Giants,Los Angeles Dodgers
823952,2026-05-13,2026,Regular Season,50,7,top,660271,Shohei Ohtani,805811,Bryce Eldridge,R,L,3,97be976f-8924-3a89-b8ff-9e0d3883741e,Sweeper,ST,Swinging Strike,Swinging Strike,1,2,0,83.1,2585.0,-0.5239123404412008,1.525261593742448,3.541,1.787,,,,,,,,,San Francisco Giants,Los Angeles Dodgers
823952,2026-05-13,2026,Regular Season,50,7,top,660271,Shohei Ohtani,805811,Bryce Eldridge,R,L,4,6c935ee5-fd16-3d4f-8876-c6832e3f7e3b,Splitter,FS,Ball,Ball,2,2,0,90.9,1926.0,-1.0658927030495076,1.2662921044961304,3.541,1.787,,,,,,,,,San Francisco Giants,Los Angeles Dodgers
823952,2026-05-13,2026,Regular Season,50,7,top,660271,Shohei Ohtani,805811,Bryce Eldridge,R,L,5,3b9f4b50-31b3-37e8-890a-5b798da6ee8d,Sweeper,ST,Ball,Ball,3,2,0,84.7,2712.0,1.0189362554485841,0.7404762465084803,3.541,1.787,,,,,,,,,San Francisco Giants,Los Angeles Dodgers
823952,2026-05-13,2026,Regular Season,50,7,top,660271,Shohei Ohtani,805811,Bryce Eldridge,R,L,6,3719bd54-ab0f-3b6c-b50a-c1bdb804e5ac,Four-Seam Fastball,FF,"In play, out(s)","In play, out(s)",3,2,0,96.3,2503.0,0.006246251627120764,3.8684009393068903,3.541,1.787,,,,Flyout,0,0,4,true,San Francisco Giants,Los Angeles Dodgers
823952,2026-05-13,2026,Regular Season,51,7,top,660271,Shohei Ohtani,642715,Willy Adames,R,R,1,a4ff6eac-7e82-3681-b4ee-1cc4c06a4704,Sweeper,ST,Swinging Strike,Swinging Strike,0,1,1,84.2,2623.0,0.2505811568426883,1.451178448552383,3.224,1.627,,,,,,,,,San Francisco Giants,Los Angeles Dodgers
823952,2026-05-13,2026,Regular Season,51,7,top,660271,Shohei Ohtani,642715,Willy Adames,R,R,2,3c04cca8-bca6-3d57-87ee-3b9c722b3640,Four-Seam Fastball,FF,Foul,Foul,0,2,1,96.8,2523.0,0.5659686098139014,1.831009250322582,3.224,1.627,,,,,,,,,San Francisco Giants,Los Angeles Dodgers
823952,2026-05-13,2026,Regular Season,51,7,top,660271,Shohei Ohtani,642715,Willy Adames,R,R,3,6df285a6-22ce-3a3c-8993-72e5a7673ac1,Sweeper,ST,"In play, no out","In play, no out",0,2,1,85.2,2772.0,0.5905786247726216,2.613376911989796,3.224,1.627,,,,Single,0,0,4,false,San Francisco Giants,Los Angeles Dodgers
823952,2026-05-13,2026,Regular Season,52,7,top,660271,Shohei Ohtani,656305,Matt Chapman,R,R,1,03cca54a-1158-3d8f-a799-00827e295f82,Sweeper,ST,Ball,Ball,1,0,1,79.8,2611.0,-1.2636030942959315,3.8720814247554243,3.251,1.641,642715,,,,,,,,San Francisco Giants,Los Angeles Dodgers
823952,2026-05-13,2026,Regular Season,52,7,top,660271,Shohei Ohtani,656305,Matt Chapman,R,R,2,8406853d-8cfa-3d48-93ad-5cdb9f3fca49,Four-Seam Fastball,FF,Called Strike,Called Strike,1,1,1,95.1,2359.0,0.40583143923142767,2.434625025796614,3.251,1.641,642715,,,,,,,,San Francisco Giants,Los Angeles Dodgers
823952,2026-05-13,2026,Regular Season,52,7,top,660271,Shohei Ohtani,656305,Matt Chapman,R,R,3,c3a483fd-a81e-32c5-a586-21b97ad960a6,Four-Seam Fastball,FF,"In play, no out","In play, no out",1,1,1,96.0,2517.0,-0.0017163697280894454,3.5613732037024683,3.251,1.641,642715,,,Single,0,0,4,false,San Francisco Giants,Los Angeles Dodgers
823952,2026-05-13,2026,Regular Season,53,7,top,660271,Shohei Ohtani,687551,Drew Gilbert,R,L,1,75240df3-4a0c-3222-bd4a-6e0149a37cd2,Four-Seam Fastball,FF,Called Strike,Called Strike,0,1,1,98.4,2503.0,0.3305983974397221,3.067796697968716,3.059,1.544,656305,642715,,,,,,,San Francisco Giants,Los Angeles Dodgers
823952,2026-05-13,2026,Regular Season,53,7,top,660271,Shohei Ohtani,687551,Drew Gilbert,R,L,2,cc645a61-3887-3117-a9c8-f42efc64c644,Sweeper,ST,Ball,Ball,1,1,1,85.0,2626.0,0.006038079161969561,1.440022864732272,3.059,1.544,656305,642715,,,,,,,San Francisco Giants,Los Angeles Dodgers
823952,2026-05-13,2026,Regular Season,53,7,top,660271,Shohei Ohtani,687551,Drew Gilbert,R,L,3,cb1f17d8-5686-3c57-bbd7-549904eff2cb,Sweeper,ST,"In play, out(s)","In play, out(s)",1,1,1,85.0,2703.0,-0.11959051243668659,2.350929785806031,3.059,1.544,656305,642715,,Double Play,0,0,4,true,San Francisco Giants,Los Angeles Dodgers
823299,2026-05-20,2026,Regular Season,6,1,bottom,660271,Shohei Ohtani,665487,Fernando Tatis Jr.,R,R,1,6b8dae72-89f3-3de1-b6c5-cba6f7f6a70d,Sweeper,ST,Called Strike,Called Strike,0,1,0,81.1,2551.0,0.5272210054547596,2.5325214786001786,3.346,1.689,,,,,,,,,Los Angeles Dodgers,San Diego Padres
823299,2026-05-20,2026,Regular Season,6,1,bottom,660271,Shohei Ohtani,665487,Fernando Tatis Jr.,R,R,2,0c683c8c-ce63-3c77-8e2b-0c2de63c0730,Four-Seam Fastball,FF,Ball,Ball,1,1,0,98.4,2524.0,0.9192866751772736,1.4214312178172734,3.346,1.689,,,,,,,,,Los Angeles Dodgers,San Diego Padres
823299,2026-05-20,2026,Regular Season,6,1,bottom,660271,Shohei Ohtani,665487,Fernando Tatis Jr.,R,R,3,5a2f5b52-fe95-3c81-9c18-ee337972a432,Sweeper,ST,Ball,Ball,2,1,0,82.1,2663.0,0.21151713023773436,3.7276805740875423,3.346,1.689,,,,,,,,,Los Angeles Dodgers,San Diego Padres
823299,2026-05-20,2026,Regular Season,6,1,bottom,660271,Shohei Ohtani,665487,Fernando Tatis Jr.,R,R,4,7ee395e4-af17-3318-9fdd-f2b313fa3b48,Four-Seam Fastball,FF,Foul,Foul,2,2,0,96.6,2491.0,0.527338461493058,2.2671814394045398,3.346,1.689,,,,,,,,,Los Angeles Dodgers,San Diego Padres
823299,2026-05-20,2026,Regular Season,6,1,bottom,660271,Shohei Ohtani,665487,Fernando Tatis Jr.,R,R,5,8fd5d011-4bc1-3191-897e-4ed84ac723de,Sweeper,ST,Ball,Ball,3,2,0,85.7,2782.0,1.4994903391354848,1.5173246310634885,3.346,1.689,,,,,,,,,Los Angeles Dodgers,San Diego Padres
823299,2026-05-20,2026,Regular Season,6,1,bottom,660271,Shohei Ohtani,665487,Fernando Tatis Jr.,R,R,6,e1b71a91-34cf-3928-8b12-0ff7e0f19b27,Sweeper,ST,"In play, out(s)","In play, out(s)",3,2,0,85.2,2733.0,1.0231239189165942,2.416472794509182,3.346,1.689,,,,Groundout,0,1,0,true,Los Angeles Dodgers,San Diego Padres
823299,2026-05-20,2026,Regular Season,7,1,bottom,660271,Shohei Ohtani,609280,Miguel Andujar,R,R,1,d0e3beb7-3daa-3199-a599-369dcb3c0dac,Sweeper,ST,Called Strike,Called Strike,0,1,1,80.0,2633.0,-0.31685009400064645,2.899618723314017,3.191,1.61,,,,,,,,,Los Angeles Dodgers,San Diego Padres
823299,2026-05-20,2026,Regular Season,7,1,bottom,660271,Shohei Ohtani,609280,Miguel Andujar,R,R,2,9324802e-3314-3147-83f7-1aff8d2ed094,Sweeper,ST,Ball,Ball,1,1,1,85.2,2817.0,1.568068666839756,2.2720341377742006,3.191,1.61,,,,,,,,,Los Angeles Dodgers,San Diego Padres
823299,2026-05-20,2026,Regular Season,7,1,bottom,660271,Shohei Ohtani,609280,Miguel Andujar,R,R,3,97304f97-0890-3076-909f-783e0ee901a5,Four-Seam Fastball,FF,Foul Tip,Foul Tip,1,2,1,96.6,2481.0,0.23618141853001293,2.149493579072424,3.191,1.61,,,,,,,,,Los Angeles Dodgers,San Diego Padres
823299,2026-05-20,2026,Regular Season,7,1,bottom,660271,Shohei Ohtani,609280,Miguel Andujar,R,R,4,d5ad6002-381a-3808-9821-6516b4573dac,Sweeper,ST,Foul,Foul,1,2,1,84.6,2822.0,1.1696139792259221,2.4036543294236035,3.191,1.61,,,,,,,,,Los Angeles Dodgers,San Diego Padres
823299,2026-05-20,2026,Regular Season,7,1,bottom,660271,Shohei Ohtani,609280,Miguel Andujar,R,R,5,044aad34-5cb4-3e82-b825-558fdb1005ac,Four-Seam Fastball,FF,Ball,Ball,2,2,1,98.2,2572.0,1.232191944830681,1.9330382297741142,3.191,1.61,,,,,,,,,Los Angeles Dodgers,San Diego Padres
823299,2026-05-20,2026,Regular Season,7,1,bottom,660271,Shohei Ohtani,609280,Miguel Andujar,R,R,6,5a07c2ed-956e-3985-b4f6-996749cf03e1,Four-Seam Fastball,FF,Ball,Ball,3,2,1,97.9,2582.0,1.4370916456161633,2.9790734318630023,3.191,1.61,,,,,,,,,Los Angeles Dodgers,San Diego Padres
823299,2026-05-20,2026,Regular Season,7,1,bottom,660271,Shohei Ohtani,609280,Miguel Andujar,R,R,7,f72ae67e-50ce-3c66-91b1-6ed280ef8aca,Sweeper,ST,Foul,Foul,3,2,1,87.1,2696.0,-0.5917121643303285,2.3436669673572252,3.191,1.61,,,,,,,,,Los Angeles Dodgers,San Diego Padres
823299,2026-05-20,2026,Regular Season,7,1,bottom,660271,Shohei Ohtani,609280,Miguel Andujar,R,R,8,9335b096-950a-3147-8a2e-4252b72fc84d,Four-Seam Fastball,FF,Foul,Foul,3,2,1,98.0,2487.0,0.6124859380159527,2.2849399137642723,3.191,1.61,,,,,,,,,Los Angeles Dodgers,San Diego Padres
823299,2026-05-20,2026,Regular Season,7,1,bottom,660271,Shohei Ohtani,609280,Miguel Andujar,R,R,9,5f11c7ee-c856-3c86-8f5b-0fea00d8fe45,Four-Seam Fastball,FF,Foul,Foul,3,2,1,98.8,2519.0,0.2788875738007664,2.5758344010343497,3.191,1.61,,,,,,,,,Los Angeles Dodgers,San Diego Padres
823299,2026-05-20,2026,Regular Season,7,1,bottom,660271,Shohei Ohtani,609280,Miguel Andujar,R,R,10,333b4cca-6445-36f4-8b7d-549e1cce0a7d,Four-Seam Fastball,FF,Foul,Foul,3,2,1,97.9,2496.0,0.17006123468719878,2.993163965377847,3.191,1.61,,,,,,,,,Los Angeles Dodgers,San Diego Padres
823299,2026-05-20,2026,Regular Season,7,1,bottom,660271,Shohei Ohtani,609280,Miguel Andujar,R,R,11,2b00d9c0-cea4-39b2-8a33-c2094a506181,Sweeper,ST,Swinging Strike,Swinging Strike,3,3,1,87.2,2729.0,0.80002526342124,2.038712360394502,3.191,1.61,,,,Strikeout,0,1,0,true,Los Angeles Dodgers,San Diego Padres
823299,2026-05-20,2026,Regular Season,8,1,bottom,660271,Shohei Ohtani,657757,Gavin Sheets,R,L,1,b7f7b3cb-34ee-3004-86d6-8a50db631763,Curveball,CU,Called Strike,Called Strike,0,1,2,73.7,2847.0,0.8289304546587727,2.192531789641403,3.351,1.691,,,,,,,,,Los Angeles Dodgers,San Diego Padres
823299,2026-05-20,2026,Regular Season,8,1,bottom,660271,Shohei Ohtani,657757,Gavin Sheets,R,L,2,186d077d-037d-34ce-9cdb-ee539a17c67a,Splitter,FS,Swinging Strike,Swinging Strike,0,2,2,89.4,1618.0,0.6522131658390927,1.028111648588577,3.351,1.691,,,,,,,,,Los Angeles Dodgers,San Diego Padres
823299,2026-05-20,2026,Regular Season,8,1,bottom,660271,Shohei Ohtani,657757,Gavin Sheets,R,L,3,054f307a-2d3f-3994-866d-44814b1ef29c,Splitter,FS,Ball,Ball,1,2,2,90.1,1696.0,-0.049789423666565774,0.3320913470279439,3.351,1.691,,,,,,,,,Los Angeles Dodgers,San Diego Padres
823299,2026-05-20,2026,Regular Season,8,1,bottom,660271,Shohei Ohtani,657757,Gavin Sheets,R,L,4,30ed0f73-ed48-3886-b464-0766fa5e2e95,Splitter,FS,Foul,Foul,1,2,2,89.7,1534.0,0.4252007654240854,1.8743137774965346,3.351,1.691,,,,,,,,,Los Angeles Dodgers,San Diego Padres
823299,2026-05-20,2026,Regular Season,8,1,bottom,660271,Shohei Ohtani,657757,Gavin Sheets,R,L,5,a0af5f63-9d62-3dec-b260-2c7171c09478,Four-Seam Fastball,FF,Swinging Strike,Swinging Strike,1,3,2,98.7,2652.0,-0.5277555168210497,2.5815518660267607,3.351,1.691,,,,Strikeout,0,1,0,true,Los Angeles Dodgers,San Diego Padres
823299,2026-05-20,2026,Regular Season,15,2,bottom,660271,Shohei Ohtani,592518,Manny Machado,R,R,1,3cee6953-f110-3762-8599-4486cad59d1f,Four-Seam Fastball,FF,Ball,Ball,1,0,0,96.6,2649.0,-1.2682953171435871,3.9879608370617046,3.314,1.672,,,,,,,,,Los Angeles Dodgers,San Diego Padres
823299,2026-05-20,2026,Regular Season,15,2,bottom,660271,Shohei Ohtani,592518,Manny Machado,R,R,2,cd2a9996-a0db-30b1-8bc8-fc016826358e,Four-Seam Fastball,FF,Foul,Foul,1,1,0,97.9,2707.0,-0.12216588616026175,2.590114146846718,3.314,1.672,,,,,,,,,Los Angeles Dodgers,San Diego Padres
823299,2026-05-20,2026,Regular Season,15,2,bottom,660271,Shohei Ohtani,592518,Manny Machado,R,R,3,4e4d9191-4a6f-3696-9b1d-55dcfc960c20,Four-Seam Fastball,FF,Ball,Ball,2,1,0,98.1,2595.0,1.197226172389566,2.3113091488307234,3.314,1.672,,,,,,,,,Los Angeles Dodgers,San Diego Padres
823299,2026-05-20,2026,Regular Season,15,2,bottom,660271,Shohei Ohtani,592518,Manny Machado,R,R,4,88b7afc0-d98e-310c-9ff0-4a8b3c772740,Sweeper,ST,Ball,Ball,3,1,0,85.9,2763.0,-0.835570708294704,2.2342992890261435,3.314,1.672,,,,,,,,,Los Angeles Dodgers,San Diego Padres
823299,2026-05-20,2026,Regular Season,15,2,bottom,660271,Shohei Ohtani,592518,Manny Machado,R,R,5,e8b7ab19-c0a5-34de-9427-1b7586838872,Four-Seam Fastball,FF,"In play, out(s)","In play, out(s)",3,1,0,97.4,2672.0,0.41773703001908885,2.7194124048385606,3.314,1.672,,,,Groundout,0,2,0,true,Los Angeles Dodgers,San Diego Padres
823299,2026-05-20,2026,Regular Season,16,2,bottom,660271,Shohei Ohtani,593428,Xander Bogaerts,R,R,1,67490d3c-4a30-3553-8f06-ba80b72816c1,Curveball,CU,Ball,Ball,1,0,1,72.7,2652.0,-1.021373623281415,2.7037254115496743,3.285,1.658,,,,,,,,,Los Angeles Dodgers,San Diego Padres
823299,2026-05-20,2026,Regular Season,16,2,bottom,660271,Shohei Ohtani,593428,Xander Bogaerts,R,R,2,88605869-e200-3440-945b-0d8aada07410,Sweeper,ST,Ball,Ball,2,0,1,83.9,2647.0,-1.2938393550853617,3.9983712584696183,3.285,1.658,,,,,,,,,Los Angeles Dodgers,San Diego Padres
823299,2026-05-20,2026,Regular Season,16,2,bottom,660271,Shohei Ohtani,593428,Xander Bogaerts,R,R,3,6c7a51ef-891d-3700-b2ec-6e1337b23f9a,Four-Seam Fastball,FF,Foul,Foul,2,1,1,96.5,2589.0,0.8412661586904991,2.702496319694734,3.285,1.658,,,,,,,,,Los Angeles Dodgers,San Diego Padres
823299,2026-05-20,2026,Regular Season,16,2,bottom,660271,Shohei Ohtani,593428,Xander Bogaerts,R,R,4,32f5c86d-7ba4-3af0-a4a8-f9f2ea68e51e,Four-Seam Fastball,FF,"In play, out(s)","In play, out(s)",2,1,1,98.0,2691.0,0.670654098451717,2.1016088390348626,3.285,1.658,,,,Groundout,0,2,0,true,Los Angeles Dodgers,San Diego Padres
823299,2026-05-20,2026,Regular Season,17,2,bottom,660271,Shohei Ohtani,701538,Jackson Merrill,R,L,1,c3dde4d7-6cd3-302e-99c6-d5a270ef81da,Splitter,FS,Ball,Ball,1,0,2,91.9,1717.0,-1.0905849266613081,2.3162353713581627,3.32,1.676,,,,,,,,,Los Angeles Dodgers,San Diego Padres
823299,2026-05-20,2026,Regular Season,17,2,bottom,660271,Shohei Ohtani,701538,Jackson Merrill,R,L,2,793f5891-9dd2-3036-a3b6-f7fb4f87ded4,Sweeper,ST,Swinging Strike,Swinging Strike,1,1,2,82.3,2622.0,0.7491215377030734,1.3911583545377146,3.32,1.676,,,,,,,,,Los Angeles Dodgers,San Diego Padres
823299,2026-05-20,2026,Regular Season,17,2,bottom,660271,Shohei Ohtani,701538,Jackson Merrill,R,L,3,e05f23e9-dee3-3e0f-b70c-0624d8646d69,Four-Seam Fastball,FF,Ball,Ball,2,1,2,98.2,2576.0,1.7758461908897212,1.5550776658439112,3.32,1.676,,,,,,,,,Los Angeles Dodgers,San Diego Padres
823299,2026-05-20,2026,Regular Season,17,2,bottom,660271,Shohei Ohtani,701538,Jackson Merrill,R,L,4,452741a6-fea8-3424-8b10-25440276dd7e,Sweeper,ST,Called Strike,Called Strike,2,2,2,82.8,2760.0,-0.5083676166497756,2.9285434503770396,3.32,1.676,,,,,,,,,Los Angeles Dodgers,San Diego Padres
823299,2026-05-20,2026,Regular Season,17,2,bottom,660271,Shohei Ohtani,701538,Jackson Merrill,R,L,5,3d0418a7-eba3-3fef-9da2-7d5d402207cc,Four-Seam Fastball,FF,Foul,Foul,2,2,2,97.7,2529.0,-0.2778139467334757,2.896355627920517,3.32,1.676,,,,,,,,,Los Angeles Dodgers,San Diego Padres
823299,2026-05-20,2026,Regular Season,17,2,bottom,660271,Shohei Ohtani,701538,Jackson Merrill,R,L,6,94b870d0-cf39-3421-b8a7-0590502bfe69,Splitter,FS,Swinging Strike,Swinging Strike,2,3,2,90.2,1631.0,0.39700110341916517,0.9533208208383203,3.32,1.676,,,,Strikeout,0,2,0,true,Los Angeles Dodgers,San Diego Padres
823299,2026-05-20,2026,Regular Season,22,3,bottom,660271,Shohei Ohtani,592206,Nick Castellanos,R,R,1,c053d58b-1e9a-3d92-aebf-3b35fe3acb1c,Sweeper,ST,Swinging Strike,Swinging Strike,0,1,0,84.2,2756.0,0.3312816423674819,1.8270605676312281,3.33,1.68,,,,,,,,,Los Angeles Dodgers,San Diego Padres
823299,2026-05-20,2026,Regular Season,22,3,bottom,660271,Shohei Ohtani,592206,Nick Castellanos,R,R,2,44a1b3d0-929b-392f-abe3-1840513ef7bb,Four-Seam Fastball,FF,"In play, out(s)","In play, out(s)",0,1,0,97.2,2607.0,0.6322229937488095,3.3266100025685055,3.33,1.68,,,,Flyout,0,2,0,true,Los Angeles Dodgers,San Diego Padres
823299,2026-05-20,2026,Regular Season,23,3,bottom,660271,Shohei Ohtani,657656,Ramón Laureano,R,R,1,a4e9519c-14e6-385d-a834-9cf94e7d0615,Four-Seam Fastball,FF,Ball,Ball,1,0,1,96.3,2470.0,1.5163700911306406,2.5336733924570307,3.065,1.547,,,,,,,,,Los Angeles Dodgers,San Diego Padres
823299,2026-05-20,2026,Regular Season,23,3,bottom,660271,Shohei Ohtani,657656,Ramón Laureano,R,R,2,866cf5ba-d9af-35d3-8461-adbb80dd550c,Sinker,SI,Swinging Strike,Swinging Strike,1,1,1,95.2,2227.0,-0.8715355275182104,3.7888422536059134,3.065,1.547,,,,,,,,,Los Angeles Dodgers,San Diego Padres
823299,2026-05-20,2026,Regular Season,23,3,bottom,660271,Shohei Ohtani,657656,Ramón Laureano,R,R,3,b2171fe5-602f-3d2f-8915-dafeaa268565,Sweeper,ST,Called Strike,Called Strike,1,2,1,84.6,2796.0,-0.6968303985289563,2.6329687318892057,3.065,1.547,,,,,,,,,Los Angeles Dodgers,San Diego Padres
823299,2026-05-20,2026,Regular Season,23,3,bottom,660271,Shohei Ohtani,657656,Ramón Laureano,R,R,4,7ff8c73b-c14a-34e6-a1ee-8677775893df,Four-Seam Fastball,FF,Ball,Ball,2,2,1,98.5,2614.0,1.4395715613620241,1.3138875705867705,3.065,1.547,,,,,,,,,Los Angeles Dodgers,San Diego Padres
823299,2026-05-20,2026,Regular Season,23,3,bottom,660271,Shohei Ohtani,657656,Ramón Laureano,R,R,5,98de7ac9-9121-3812-b1a8-17d781a8fddb,Sweeper,ST,Foul,Foul,2,2,1,85.5,2898.0,-0.4367601758417027,3.124148558087477,3.065,1.547,,,,,,,,,Los Angeles Dodgers,San Diego Padres
823299,2026-05-20,2026,Regular Season,23,3,bottom,660271,Shohei Ohtani,657656,Ramón Laureano,R,R,6,d1d5b47c-e885-309c-8cfe-7832790d4d31,Splitter,FS,Foul,Foul,2,2,1,89.3,1676.0,-1.0515863972676054,2.5456549682967142,3.065,1.547,,,,,,,,,Los Angeles Dodgers,San Diego Padres
823299,2026-05-20,2026,Regular Season,23,3,bottom,660271,Shohei Ohtani,657656,Ramón Laureano,R,R,7,49e43c26-676f-3bfb-9fe2-71fb00a7246b,Four-Seam Fastball,FF,Foul,Foul,2,2,1,97.6,2520.0,0.427657505063125,2.147357382979136,3.065,1.547,,,,,,,,,Los Angeles Dodgers,San Diego Padres
823299,2026-05-20,2026,Regular Season,23,3,bottom,660271,Shohei Ohtani,657656,Ramón Laureano,R,R,8,d42585ff-f49c-3c02-8c57-46b2479f930c,Sweeper,ST,Ball,Ball,3,2,1,85.8,2867.0,0.7808224836612871,1.319217283119621,3.065,1.547,,,,,,,,,Los Angeles Dodgers,San Diego Padres
823299,2026-05-20,2026,Regular Season,23,3,bottom,660271,Shohei Ohtani,657656,Ramón Laureano,R,R,9,b3beac46-fc49-35c7-a849-235dd675c613,Sinker,SI,Called Strike,Called Strike,3,3,1,96.3,2308.0,-0.21648996136636578,2.213530822584057,3.065,1.547,,,,Strikeout,0,2,0,true,Los Angeles Dodgers,San Diego Padres
823299,2026-05-20,2026,Regular Season,24,3,bottom,660271,Shohei Ohtani,666023,Freddy Fermin,R,R,1,b926f334-377d-3b4f-a102-936ccc22b2b4,Sweeper,ST,Ball,Ball,1,0,2,76.0,2540.0,-2.040994550391485,2.3179149834248007,3.105,1.567,,,,,,,,,Los Angeles Dodgers,San Diego Padres
823299,2026-05-20,2026,Regular Season,24,3,bottom,660271,Shohei Ohtani,666023,Freddy Fermin,R,R,2,0c05c3b0-ad37-3f50-b6aa-dd5232b10f93,Sinker,SI,Ball,Ball,2,0,2,94.0,2225.0,0.8170347120632395,1.6254642701293909,3.105,1.567,,,,,,,,,Los Angeles Dodgers,San Diego Padres
823299,2026-05-20,2026,Regular Season,24,3,bottom,660271,Shohei Ohtani,666023,Freddy Fermin,R,R,3,4158f17c-0a04-301b-8a99-04e366a02695,Sinker,SI,Called Strike,Called Strike,2,1,2,94.1,2285.0,-0.3155717112805714,1.9440331342956843,3.105,1.567,,,,,,,,,Los Angeles Dodgers,San Diego Padres
823299,2026-05-20,2026,Regular Season,24,3,bottom,660271,Shohei Ohtani,666023,Freddy Fermin,R,R,4,c79ed7e3-8fd3-3979-8553-8b3ee1cc197c,Sweeper,ST,"In play, out(s)","In play, out(s)",2,1,2,83.8,2711.0,-0.23658973168477265,2.715880135576448,3.105,1.567,,,,Flyout,0,2,0,true,Los Angeles Dodgers,San Diego Padres
823299,2026-05-20,2026,Regular Season,28,4,bottom,660271,Shohei Ohtani,665487,Fernando Tatis Jr.,R,R,1,2abefdf9-8892-35c7-9a80-8a859eb20aa4,Sinker,SI,Called Strike,Called Strike,0,1,0,93.5,1269.0,0.5699384107861556,2.0911498345846193,3.346,1.689,,,,,,,,,Los Angeles Dodgers,San Diego Padres
823299,2026-05-20,2026,Regular Season,28,4,bottom,660271,Shohei Ohtani,665487,Fernando Tatis Jr.,R,R,2,84ca2524-3e65-3a4b-bc04-cd245ddc211a,Curveball,CU,Ball,Ball,1,1,0,73.7,2339.0,0.23268007109480315,-0.6479790047262562,3.346,1.689,,,,,,,,,Los Angeles Dodgers,San Diego Padres
823299,2026-05-20,2026,Regular Season,28,4,bottom,660271,Shohei Ohtani,665487,Fernando Tatis Jr.,R,R,3,2c993bb5-a9e9-335d-a778-f4c0c2716520,Four-Seam Fastball,FF,Ball,Ball,2,1,0,97.1,2698.0,1.5331770243464151,2.4082130889969786,3.346,1.689,,,,,,,,,Los Angeles Dodgers,San Diego Padres
823299,2026-05-20,2026,Regular Season,28,4,bottom,660271,Shohei Ohtani,665487,Fernando Tatis Jr.,R,R,4,5402c583-03b6-3aee-9d1b-18477c71a479,Sweeper,ST,Ball,Ball,3,1,0,84.1,2857.0,1.071362066102956,1.8467211780057664,3.346,1.689,,,,,,,,,Los Angeles Dodgers,San Diego Padres
823299,2026-05-20,2026,Regular Season,28,4,bottom,660271,Shohei Ohtani,665487,Fernando Tatis Jr.,R,R,5,6d0fe04b-e0f3-37ec-92db-c3ed5f1096dd,Sinker,SI,Ball,Ball,4,1,0,95.6,2168.0,0.24457049908143058,0.864384670317416,3.346,1.689,,,,Walk,0,2,0,false,Los Angeles Dodgers,San Diego Padres
823299,2026-05-20,2026,Regular Season,29,4,bottom,660271,Shohei Ohtani,609280,Miguel Andujar,R,R,1,ec664e41-ad5a-3388-bde2-7dbd89179e1e,Sweeper,ST,"In play, out(s)","In play, out(s)",0,0,0,83.1,2803.0,0.5344821503164393,1.8558437172750002,3.191,1.61,665487,,,Forceout,0,2,0,true,Los Angeles Dodgers,San Diego Padres
823299,2026-05-20,2026,Regular Season,30,4,bottom,660271,Shohei Ohtani,657757,Gavin Sheets,R,L,1,f7e74e95-559b-30ee-858e-00a35c39072e,Splitter,FS,Foul,Foul,0,1,1,89.0,1593.0,-1.3871204122279817,2.756394619661994,3.351,1.691,609280,,,,,,,,Los Angeles Dodgers,San Diego Padres
823299,2026-05-20,2026,Regular Season,30,4,bottom,660271,Shohei Ohtani,657757,Gavin Sheets,R,L,2,06851869-0d95-3bdc-9abb-1029d24f1843,Four-Seam Fastball,FF,Called Strike,Called Strike,0,2,1,97.6,2627.0,-0.32021139939933885,2.5037467906655846,3.351,1.691,609280,,,,,,,,Los Angeles Dodgers,San Diego Padres
823299,2026-05-20,2026,Regular Season,30,4,bottom,660271,Shohei Ohtani,657757,Gavin Sheets,R,L,3,b4e27b46-5986-3428-9ed7-33f5da3e8a9e,Four-Seam Fastball,FF,"In play, no out","In play, no out",0,2,1,98.6,2701.0,0.3136326993756875,2.3510552626375865,3.351,1.691,609280,,,Single,0,2,0,false,Los Angeles Dodgers,San Diego Padres
823299,2026-05-20,2026,Regular Season,31,4,bottom,660271,Shohei Ohtani,592518,Manny Machado,R,R,1,8c38f666-7e00-3025-af42-a993e7bdca27,Sweeper,ST,Ball,Ball,1,0,1,87.2,2850.0,1.4226259629271938,1.4633178514715772,3.314,1.672,657757,609280,,,,,,,Los Angeles Dodgers,San Diego Padres
823299,2026-05-20,2026,Regular Season,31,4,bottom,660271,Shohei Ohtani,592518,Manny Machado,R,R,2,8106e5f2-04a6-3b6b-aee3-ae37a8427ddc,Four-Seam Fastball,FF,Foul,Foul,1,1,1,97.6,2684.0,0.11720002161795098,2.1438714641045906,3.314,1.672,657757,609280,,,,,,,Los Angeles Dodgers,San Diego Padres
823299,2026-05-20,2026,Regular Season,31,4,bottom,660271,Shohei Ohtani,592518,Manny Machado,R,R,3,66eb099e-3996-3329-9f79-39ae0ec32f0a,Sweeper,ST,Ball,Ball,2,1,1,86.6,2765.0,-0.4250891564588671,3.9304055050583147,3.314,1.672,657757,609280,,,,,,,Los Angeles Dodgers,San Diego Padres
823299,2026-05-20,2026,Regular Season,31,4,bottom,660271,Shohei Ohtani,592518,Manny Machado,R,R,4,9feff66c-7168-3a04-9891-e4f977fad19e,Sweeper,ST,"In play, out(s)","In play, out(s)",2,1,1,84.6,2811.0,-0.3933032363758182,2.7575707926974733,3.314,1.672,657757,609280,,Pop Out,0,2,0,true,Los Angeles Dodgers,San Diego Padres
823299,2026-05-20,2026,Regular Season,32,4,bottom,660271,Shohei Ohtani,593428,Xander Bogaerts,R,R,1,d5f428b0-db42-3eb6-848b-04891eb3cacc,Four-Seam Fastball,FF,Ball,Ball,1,0,2,100.2,2743.0,1.2411186949062905,1.6357500180706384,3.285,1.658,657757,609280,,,,,,,Los Angeles Dodgers,San Diego Padres
823299,2026-05-20,2026,Regular Season,32,4,bottom,660271,Shohei Ohtani,593428,Xander Bogaerts,R,R,2,52eaf894-f385-34a4-8bd9-db98fb1e0252,Four-Seam Fastball,FF,Called Strike,Called Strike,1,1,2,98.7,2751.0,0.945363729430251,2.2613042630663847,3.285,1.658,657757,609280,,,,,,,Los Angeles Dodgers,San Diego Padres
823299,2026-05-20,2026,Regular Season,32,4,bottom,660271,Shohei Ohtani,593428,Xander Bogaerts,R,R,3,7fd8538b-1198-3d8e-88f2-e7a825885e23,Sweeper,ST,Ball,Ball,2,1,2,87.0,2991.0,1.1865759022293092,0.9247598549650957,3.285,1.658,657757,609280,,,,,,,Los Angeles Dodgers,San Diego Padres
823299,2026-05-20,2026,Regular Season,32,4,bottom,660271,Shohei Ohtani,593428,Xander Bogaerts,R,R,4,24c36e15-1ce2-3c02-9b09-37760ba162e8,Four-Seam Fastball,FF,Ball,Ball,3,1,2,98.5,2792.0,1.2313377157812695,1.9208324625129345,3.285,1.658,657757,609280,,,,,,,Los Angeles Dodgers,San Diego Padres
823299,2026-05-20,2026,Regular Season,32,4,bottom,660271,Shohei Ohtani,593428,Xander Bogaerts,R,R,5,4b212d57-cf19-3a31-aa43-aa7664c657e6,Four-Seam Fastball,FF,"In play, out(s)","In play, out(s)",3,1,2,97.5,2452.0,0.4702497420883359,2.933749142889035,3.285,1.658,657757,609280,,Flyout,0,2,0,true,Los Angeles Dodgers,San Diego Padres
823299,2026-05-20,2026,Regular Season,38,5,bottom,660271,Shohei Ohtani,669369,Bryce Johnson,R,L,1,805c0114-0fc5-3e03-97f7-6bc943c28f62,Sweeper,ST,Ball,Ball,1,0,0,81.6,2446.0,1.2187882132564316,1.8477962520224471,3.186,1.608,,,,,,,,,Los Angeles Dodgers,San Diego Padres
823299,2026-05-20,2026,Regular Season,38,5,bottom,660271,Shohei Ohtani,669369,Bryce Johnson,R,L,2,417543ff-bd63-364f-8978-bf1facc7b283,Sweeper,ST,Swinging Strike,Swinging Strike,1,1,0,82.6,2455.0,0.6544538893427966,0.5720439777843526,3.186,1.608,,,,,,,,,Los Angeles Dodgers,San Diego Padres
823299,2026-05-20,2026,Regular Season,38,5,bottom,660271,Shohei Ohtani,669369,Bryce Johnson,R,L,3,d04770e4-c546-340b-8a56-edd62d8bc3cf,Four-Seam Fastball,FF,Ball,Ball,2,1,0,95.7,2412.0,-0.9959618271838269,3.4247067726658225,3.186,1.608,,,,,,,,,Los Angeles Dodgers,San Diego Padres
823299,2026-05-20,2026,Regular Season,38,5,bottom,660271,Shohei Ohtani,669369,Bryce Johnson,R,L,4,56433336-a193-3815-9fae-73b441399157,Four-Seam Fastball,FF,"In play, no out","In play, no out",2,1,0,94.6,2401.0,0.2901312475404631,3.20806079351501,3.186,1.608,,,,Single,0,3,0,false,Los Angeles Dodgers,San Diego Padres
823299,2026-05-20,2026,Regular Season,39,5,bottom,660271,Shohei Ohtani,592206,Nick Castellanos,R,R,1,e1f00cb9-43e2-3328-be35-7c7f059e7279,Sweeper,ST,Foul,Foul,0,1,0,81.5,2424.0,0.4276771786648084,3.5611039168480922,3.33,1.68,669369,,,,,,,,Los Angeles Dodgers,San Diego Padres
823299,2026-05-20,2026,Regular Season,39,5,bottom,660271,Shohei Ohtani,592206,Nick Castellanos,R,R,2,59a744bb-6e42-3cee-8d40-7615470fc343,Sweeper,ST,Ball,Ball,1,1,0,84.1,2668.0,-0.7401528989242318,1.7720788258952438,3.33,1.68,669369,,,,,,,,Los Angeles Dodgers,San Diego Padres
823299,2026-05-20,2026,Regular Season,39,5,bottom,660271,Shohei Ohtani,592206,Nick Castellanos,R,R,3,29c3fab4-c552-3091-9bfe-caf4f64b01fa,Four-Seam Fastball,FF,Foul,Foul,1,2,0,95.2,2434.0,-0.865119762398656,3.2731933261080695,3.33,1.68,669369,,,,,,,,Los Angeles Dodgers,San Diego Padres
823299,2026-05-20,2026,Regular Season,39,5,bottom,660271,Shohei Ohtani,592206,Nick Castellanos,R,R,4,56eec993-70ec-3be2-9bd3-982683737b5b,Sweeper,ST,Foul,Foul,1,2,0,85.2,2615.0,0.37432479653821027,2.472206166711549,3.33,1.68,669369,,,,,,,,Los Angeles Dodgers,San Diego Padres
823299,2026-05-20,2026,Regular Season,39,5,bottom,660271,Shohei Ohtani,592206,Nick Castellanos,R,R,5,a341f0bf-50ed-3658-adf0-f11bba8c031a,Sweeper,ST,Foul,Foul,1,2,0,84.8,2759.0,0.8082037895777053,1.722166244995487,3.33,1.68,669369,,,,,,,,Los Angeles Dodgers,San Diego Padres
823299,2026-05-20,2026,Regular Season,39,5,bottom,660271,Shohei Ohtani,592206,Nick Castellanos,R,R,6,ea47c51d-8a10-3475-8cd1-44b2b9122d67,Four-Seam Fastball,FF,"In play, no out","In play, no out",1,2,0,98.2,2530.0,0.18251995253727507,3.319193085075541,3.33,1.68,669369,,,Single,0,3,0,false,Los Angeles Dodgers,San Diego Padres
823299,2026-05-20,2026,Regular Season,40,5,bottom,660271,Shohei Ohtani,657656,Ramón Laureano,R,R,1,f8da3061-428e-335d-aa1f-b310dd4fcc69,Sinker,SI,"In play, out(s)","In play, out(s)",0,0,0,94.7,2151.0,-0.192223753722831,2.5198205050687768,3.065,1.547,592206,,669369,Forceout,0,3,0,true,Los Angeles Dodgers,San Diego Padres
823299,2026-05-20,2026,Regular Season,41,5,bottom,660271,Shohei Ohtani,666023,Freddy Fermin,R,R,1,a5342525-0f50-3881-8fc0-b43d184a466a,Sweeper,ST,Swinging Strike,Swinging Strike,0,1,1,84.7,2774.0,0.9042223489649798,1.433659579764363,3.105,1.567,657656,,669369,,,,,,Los Angeles Dodgers,San Diego Padres
823299,2026-05-20,2026,Regular Season,41,5,bottom,660271,Shohei Ohtani,666023,Freddy Fermin,R,R,2,e6766c92-2cfc-329e-a751-2d4cafd6e1d8,Sweeper,ST,Ball,Ball,1,1,1,85.2,2802.0,2.1159389865404017,1.2751655476034474,3.105,1.567,657656,,669369,,,,,,Los Angeles Dodgers,San Diego Padres
823299,2026-05-20,2026,Regular Season,41,5,bottom,660271,Shohei Ohtani,666023,Freddy Fermin,R,R,3,c2c3315e-e77d-30ee-a574-80e0fee03f84,Sweeper,ST,Ball,Ball,2,1,1,84.8,2781.0,1.427304861100918,1.3958185847829991,3.105,1.567,657656,,669369,,,,,,Los Angeles Dodgers,San Diego Padres
823299,2026-05-20,2026,Regular Season,41,5,bottom,660271,Shohei Ohtani,666023,Freddy Fermin,R,R,4,9dae3808-9de2-304d-8ed5-a9bfb5f98cd8,Sinker,SI,Called Strike,Called Strike,2,2,1,94.4,2315.0,0.7286461484259044,2.102882909403402,3.105,1.567,657656,,669369,,,,,,Los Angeles Dodgers,San Diego Padres
823299,2026-05-20,2026,Regular Season,41,5,bottom,660271,Shohei Ohtani,666023,Freddy Fermin,R,R,5,38c3fc5e-c9c9-322f-859c-12fa97ac7a3e,Sweeper,ST,Ball In Dirt,Ball In Dirt,3,2,1,86.7,2963.0,2.2649981284642515,0.5378071604478833,3.105,1.567,,657656,669369,,,,,,Los Angeles Dodgers,San Diego Padres
823299,2026-05-20,2026,Regular Season,41,5,bottom,660271,Shohei Ohtani,666023,Freddy Fermin,R,R,6,d0c9e413-6afc-3dbe-af2f-0e8307755557,Four-Seam Fastball,FF,Ball,Ball,4,2,1,96.6,2488.0,0.45529441037970364,3.6628942482744606,3.105,1.567,,657656,669369,Walk,0,3,0,false,Los Angeles Dodgers,San Diego Padres
823299,2026-05-20,2026,Regular Season,42,5,bottom,660271,Shohei Ohtani,665487,Fernando Tatis Jr.,R,R,1,32ee5f09-e68b-342e-9f67-693fb72a8c40,Sweeper,ST,"In play, out(s)","In play, out(s)",0,0,1,87.2,2785.0,0.9381033856568215,2.2449541707372638,3.346,1.689,666023,657656,669369,Grounded Into DP,0,3,0,true,Los Angeles Dodgers,San Diego Padres
823947,2026-05-27,2026,Regular Season,1,1,top,660271,Shohei Ohtani,664983,Jake McCarthy,R,L,1,f684f415-db65-3169-8d0d-1dd2fb098b47,Four-Seam Fastball,FF,Swinging Strike,Swinging Strike,0,1,0,98.5,2525.0,0.18992857429351104,2.8539536517158353,3.229,1.629,,,,,,,,,Colorado Rockies,Los Angeles Dodgers
823947,2026-05-27,2026,Regular Season,1,1,top,660271,Shohei Ohtani,664983,Jake McCarthy,R,L,2,5cd4c656-ca83-3ea0-bc5e-4c5941092659,Four-Seam Fastball,FF,Foul,Foul,0,2,0,98.6,2545.0,1.0066753901979932,2.547973408255441,3.229,1.629,,,,,,,,,Colorado Rockies,Los Angeles Dodgers
823947,2026-05-27,2026,Regular Season,1,1,top,660271,Shohei Ohtani,664983,Jake McCarthy,R,L,3,8bd5e69e-b1ea-3672-8fba-b18727cc83fe,Curveball,CU,Swinging Strike,Swinging Strike,0,3,0,79.6,2782.0,-0.458551138870815,1.4174840845715018,3.229,1.629,,,,Strikeout,0,0,0,true,Colorado Rockies,Los Angeles Dodgers
823947,2026-05-27,2026,Regular Season,2,1,top,660271,Shohei Ohtani,671289,Tyler Freeman,R,R,1,1501c334-4cfb-3a7f-999d-438c3e2165bb,Sinker,SI,Foul,Foul,0,1,1,96.4,2043.0,-0.06846185580961385,1.9089091746776012,3.151,1.59,,,,,,,,,Colorado Rockies,Los Angeles Dodgers
823947,2026-05-27,2026,Regular Season,2,1,top,660271,Shohei Ohtani,671289,Tyler Freeman,R,R,2,25007046-bde3-3fa9-be91-9ffe345ae12a,Sweeper,ST,Ball,Ball,1,1,1,83.5,2542.0,-1.0456202434557322,1.7189108781386337,3.151,1.59,,,,,,,,,Colorado Rockies,Los Angeles Dodgers
823947,2026-05-27,2026,Regular Season,2,1,top,660271,Shohei Ohtani,671289,Tyler Freeman,R,R,3,38526798-dd12-359a-aed5-645ef017b16a,Sweeper,ST,Called Strike,Called Strike,1,2,1,85.1,2620.0,0.4161285057239284,1.8520395583387361,3.151,1.59,,,,,,,,,Colorado Rockies,Los Angeles Dodgers
823947,2026-05-27,2026,Regular Season,2,1,top,660271,Shohei Ohtani,671289,Tyler Freeman,R,R,4,c66b89b2-199e-34ad-960a-9371f6758166,Four-Seam Fastball,FF,Ball,Ball,2,2,1,97.7,2493.0,2.1055818367033496,2.4085751189181983,3.151,1.59,,,,,,,,,Colorado Rockies,Los Angeles Dodgers
823947,2026-05-27,2026,Regular Season,2,1,top,660271,Shohei Ohtani,671289,Tyler Freeman,R,R,5,1a7cd4b5-3a78-395c-b1ab-70d724fa632e,Sweeper,ST,"In play, out(s)","In play, out(s)",2,2,1,84.3,2718.0,-0.5669188126792241,1.7914315425746257,3.151,1.59,,,,Pop Out,0,0,0,true,Colorado Rockies,Los Angeles Dodgers
823947,2026-05-27,2026,Regular Season,3,1,top,660271,Shohei Ohtani,681198,TJ Rumfield,R,L,1,802c31f1-bc4b-3b58-87d5-c5fd603ff792,Curveball,CU,Ball,Ball,1,0,2,72.9,2622.0,1.8392420276643093,0.17340247308471762,3.423,1.727,,,,,,,,,Colorado Rockies,Los Angeles Dodgers
823947,2026-05-27,2026,Regular Season,3,1,top,660271,Shohei Ohtani,681198,TJ Rumfield,R,L,2,602d2c33-6e75-3f00-a5a0-8e3931a6f952,Sweeper,ST,Called Strike,Called Strike,1,1,2,81.9,2641.0,-0.640760605010889,2.9959771701353084,3.423,1.727,,,,,,,,,Colorado Rockies,Los Angeles Dodgers
823947,2026-05-27,2026,Regular Season,3,1,top,660271,Shohei Ohtani,681198,TJ Rumfield,R,L,3,55327e7d-c99c-3d81-9028-47eb5991037f,Four-Seam Fastball,FF,Ball,Ball,2,1,2,98.3,2516.0,1.2164343421054349,1.6768808261658696,3.423,1.727,,,,,,,,,Colorado Rockies,Los Angeles Dodgers
823947,2026-05-27,2026,Regular Season,3,1,top,660271,Shohei Ohtani,681198,TJ Rumfield,R,L,4,2ca82405-2a8d-3268-be35-9967e1fa1950,Sweeper,ST,Ball,Ball,3,1,2,82.5,2622.0,-1.0043378898961253,2.6295085716428823,3.423,1.727,,,,,,,,,Colorado Rockies,Los Angeles Dodgers
823947,2026-05-27,2026,Regular Season,3,1,top,660271,Shohei Ohtani,681198,TJ Rumfield,R,L,5,c18d0ff4-e648-3501-9f3e-4561702d61be,Four-Seam Fastball,FF,Ball,Ball,4,1,2,97.1,2538.0,1.1516507827562332,1.761800291900413,3.423,1.727,,,,Walk,0,0,0,false,Colorado Rockies,Los Angeles Dodgers
823947,2026-05-27,2026,Regular Season,4,1,top,660271,Shohei Ohtani,696100,Hunter Goodman,R,R,1,4abf05c8-a0f2-31fb-a4f0-3ebe963af56d,Sweeper,ST,Called Strike,Called Strike,0,1,2,83.6,2666.0,-0.6825443531502854,1.996070916436495,3.179,1.604,681198,,,,,,,,Colorado Rockies,Los Angeles Dodgers
823947,2026-05-27,2026,Regular Season,4,1,top,660271,Shohei Ohtani,696100,Hunter Goodman,R,R,2,83522148-dcf1-303f-8466-cf37bde20360,Four-Seam Fastball,FF,Ball,Ball,1,1,2,98.2,2530.0,0.08494630358860475,1.1236883084808333,3.179,1.604,681198,,,,,,,,Colorado Rockies,Los Angeles Dodgers
823947,2026-05-27,2026,Regular Season,4,1,top,660271,Shohei Ohtani,696100,Hunter Goodman,R,R,3,7ab4060c-aa0d-34f1-8991-c4daea69712e,Sweeper,ST,Ball,Ball,2,1,2,84.8,2676.0,-1.0439726421115412,2.377536873013813,3.179,1.604,681198,,,,,,,,Colorado Rockies,Los Angeles Dodgers
823947,2026-05-27,2026,Regular Season,4,1,top,660271,Shohei Ohtani,696100,Hunter Goodman,R,R,4,5169a2bf-c462-3fe7-aaff-352de70d2720,Sweeper,ST,"In play, out(s)","In play, out(s)",2,1,2,84.8,2663.0,-0.2473094417694221,1.7533347351135726,3.179,1.604,681198,,,Flyout,0,0,0,true,Colorado Rockies,Los Angeles Dodgers
823947,2026-05-27,2026,Regular Season,10,2,top,660271,Shohei Ohtani,687859,Troy Johnston,R,L,1,59cf279c-7c75-355d-90a9-ef4b04556796,Curveball,CU,Called Strike,Called Strike,0,1,0,72.1,2650.0,0.28864338878318535,1.7704179494501107,3.159,1.594,,,,,,,,,Colorado Rockies,Los Angeles Dodgers
823947,2026-05-27,2026,Regular Season,10,2,top,660271,Shohei Ohtani,687859,Troy Johnston,R,L,2,f02f611a-7b97-3429-badc-da7cbe58e2d4,Four-Seam Fastball,FF,Ball,Ball,1,1,0,97.7,2564.0,-0.820588424986097,4.114352848295118,3.159,1.594,,,,,,,,,Colorado Rockies,Los Angeles Dodgers
823947,2026-05-27,2026,Regular Season,10,2,top,660271,Shohei Ohtani,687859,Troy Johnston,R,L,3,9f94fe69-fcbb-3a74-a8c1-8b0d4e22623f,Four-Seam Fastball,FF,Called Strike,Called Strike,1,2,0,97.4,2556.0,-0.13879985419654783,1.8976092910717166,3.159,1.594,,,,,,,,,Colorado Rockies,Los Angeles Dodgers
823947,2026-05-27,2026,Regular Season,10,2,top,660271,Shohei Ohtani,687859,Troy Johnston,R,L,4,79c9e179-ccdf-3c0d-829b-34b887fc50a4,Curveball,CU,"In play, out(s)","In play, out(s)",1,2,0,79.6,2833.0,-0.14050655721251373,2.112616145957476,3.159,1.594,,,,Lineout,0,0,2,true,Colorado Rockies,Los Angeles Dodgers
823947,2026-05-27,2026,Regular Season,11,2,top,660271,Shohei Ohtani,650489,Willi Castro,R,L,1,ae8de394-2bc4-3530-99f1-4b609a6f081a,Four-Seam Fastball,FF,Called Strike,Called Strike,0,1,1,96.6,2559.0,-0.5983771289938974,2.5344998676765553,3.203,1.617,,,,,,,,,Colorado Rockies,Los Angeles Dodgers
823947,2026-05-27,2026,Regular Season,11,2,top,660271,Shohei Ohtani,650489,Willi Castro,R,L,2,bb718c8a-9922-35de-a2ed-82ec899deff6,Splitter,FS,Ball,Ball,1,1,1,91.3,1836.0,0.46083630367096534,0.022804295631982878,3.203,1.617,,,,,,,,,Colorado Rockies,Los Angeles Dodgers
823947,2026-05-27,2026,Regular Season,11,2,top,660271,Shohei Ohtani,650489,Willi Castro,R,L,3,2ef502be-3a18-3fad-b45c-0b8e6607399c,Sweeper,ST,Foul,Foul,1,2,1,85.4,2681.0,-0.1904836505857658,2.174476737168331,3.203,1.617,,,,,,,,,Colorado Rockies,Los Angeles Dodgers
823947,2026-05-27,2026,Regular Season,11,2,top,660271,Shohei Ohtani,650489,Willi Castro,R,L,4,b6e411c5-5d5c-30d1-a565-0bbc3eb35a5d,Four-Seam Fastball,FF,Called Strike,Called Strike,1,3,1,98.4,2488.0,0.5826940594379071,2.1823020207376493,3.203,1.617,,,,Strikeout,0,0,2,true,Colorado Rockies,Los Angeles Dodgers
823947,2026-05-27,2026,Regular Season,12,2,top,660271,Shohei Ohtani,678662,Ezequiel Tovar,R,R,1,441b69be-1917-32b7-8727-21890d9aa4ac,Sinker,SI,Ball,Ball,1,0,2,96.0,2221.0,1.300451991000697,1.622249368470864,3.219,1.625,,,,,,,,,Colorado Rockies,Los Angeles Dodgers
823947,2026-05-27,2026,Regular Season,12,2,top,660271,Shohei Ohtani,678662,Ezequiel Tovar,R,R,2,6a673107-a354-3473-bfec-15b5a1344cc7,Four-Seam Fastball,FF,Ball,Ball,2,0,2,97.4,2563.0,1.4089444145442411,0.6844612778473051,3.219,1.625,,,,,,,,,Colorado Rockies,Los Angeles Dodgers
823947,2026-05-27,2026,Regular Season,12,2,top,660271,Shohei Ohtani,678662,Ezequiel Tovar,R,R,3,bea42eab-2f56-384e-9739-603557379930,Four-Seam Fastball,FF,Ball,Ball,3,0,2,96.8,2435.0,1.7901339811926065,0.9329167635591653,3.219,1.625,,,,,,,,,Colorado Rockies,Los Angeles Dodgers
823947,2026-05-27,2026,Regular Season,12,2,top,660271,Shohei Ohtani,678662,Ezequiel Tovar,R,R,4,b2d8af24-9283-35c6-9154-f190aec570ae,Four-Seam Fastball,FF,Called Strike,Called Strike,3,1,2,95.5,2435.0,0.16290965563261164,1.7624021621830939,3.219,1.625,,,,,,,,,Colorado Rockies,Los Angeles Dodgers
823947,2026-05-27,2026,Regular Season,12,2,top,660271,Shohei Ohtani,678662,Ezequiel Tovar,R,R,5,fd1e3ed7-ff4f-361e-932a-927a0b7d892c,Sweeper,ST,Ball,Ball,4,1,2,84.9,2608.0,-0.7788982770899695,3.3972718401829884,3.219,1.625,,,,Walk,0,0,2,false,Colorado Rockies,Los Angeles Dodgers
823947,2026-05-27,2026,Regular Season,13,2,top,660271,Shohei Ohtani,694514,Sterlin Thompson,R,L,1,483d8819-cc9f-3fbf-a70e-cadca155c00c,Four-Seam Fastball,FF,Ball,Ball,1,0,2,97.5,2584.0,0.6262062762887153,1.365673147689492,3.341,1.686,678662,,,,,,,,Colorado Rockies,Los Angeles Dodgers
823947,2026-05-27,2026,Regular Season,13,2,top,660271,Shohei Ohtani,694514,Sterlin Thompson,R,L,2,c5a03e9d-e953-3618-9163-6f2157be0670,Sweeper,ST,Called Strike,Called Strike,1,1,2,82.2,2662.0,-0.7318097053101783,2.1908573494875228,3.341,1.686,678662,,,,,,,,Colorado Rockies,Los Angeles Dodgers
823947,2026-05-27,2026,Regular Season,13,2,top,660271,Shohei Ohtani,694514,Sterlin Thompson,R,L,3,3df10a4d-d6c1-3482-be3c-631aff491382,Sweeper,ST,"In play, out(s)","In play, out(s)",1,1,2,83.9,2784.0,-0.2847741186414184,1.7502566393322947,3.341,1.686,678662,,,Groundout,0,0,2,true,Colorado Rockies,Los Angeles Dodgers
823947,2026-05-27,2026,Regular Season,18,3,top,660271,Shohei Ohtani,666397,Edouard Julien,R,L,1,281738e4-eef9-3f37-a0d3-0b62c579b7f6,Four-Seam Fastball,FF,Ball,Ball,1,0,0,95.4,2475.0,-1.3544929844804399,3.5550756686345255,3.235,1.633,,,,,,,,,Colorado Rockies,Los Angeles Dodgers
823947,2026-05-27,2026,Regular Season,18,3,top,660271,Shohei Ohtani,666397,Edouard Julien,R,L,2,850e36ec-8ee4-3b76-bc88-25e28d3b0eef,Four-Seam Fastball,FF,Called Strike,Called Strike,1,1,0,95.8,2517.0,0.7868380800387194,2.2149689690408034,3.235,1.633,,,,,,,,,Colorado Rockies,Los Angeles Dodgers
823947,2026-05-27,2026,Regular Season,18,3,top,660271,Shohei Ohtani,666397,Edouard Julien,R,L,3,47a5e592-f486-3f2a-b7c9-331a6aee10b3,Sweeper,ST,Ball,Ball,2,1,0,84.4,2701.0,-1.8767502683530857,3.5545241371669873,3.235,1.633,,,,,,,,,Colorado Rockies,Los Angeles Dodgers
823947,2026-05-27,2026,Regular Season,18,3,top,660271,Shohei Ohtani,666397,Edouard Julien,R,L,4,b3734943-a87e-3d1b-9e8a-9fa399718705,Four-Seam Fastball,FF,Called Strike,Called Strike,2,2,0,95.6,2532.0,-0.05075138132229011,1.8152242428048528,3.235,1.633,,,,,,,,,Colorado Rockies,Los Angeles Dodgers
823947,2026-05-27,2026,Regular Season,18,3,top,660271,Shohei Ohtani,666397,Edouard Julien,R,L,5,55ce6894-d860-3be8-95f2-2253c522df94,Four-Seam Fastball,FF,Foul,Foul,2,2,0,98.7,2683.0,-0.1736805809940879,1.9372799168065395,3.235,1.633,,,,,,,,,Colorado Rockies,Los Angeles Dodgers
823947,2026-05-27,2026,Regular Season,18,3,top,660271,Shohei Ohtani,666397,Edouard Julien,R,L,6,a47bb975-3f59-30f0-81d3-9b5383eb99ad,Sweeper,ST,Ball,Ball,3,2,0,87.2,2790.0,-1.0371877367211668,2.4905575063154255,3.235,1.633,,,,,,,,,Colorado Rockies,Los Angeles Dodgers
823947,2026-05-27,2026,Regular Season,18,3,top,660271,Shohei Ohtani,666397,Edouard Julien,R,L,7,2781a281-2cb1-30e6-9157-cc129334e3cf,Four-Seam Fastball,FF,Foul,Foul,3,2,0,96.5,2480.0,-0.47808315495855314,2.882587144603703,3.235,1.633,,,,,,,,,Colorado Rockies,Los Angeles Dodgers
823947,2026-05-27,2026,Regular Season,18,3,top,660271,Shohei Ohtani,666397,Edouard Julien,R,L,8,8ded7314-d9c4-3108-ad14-8aa63265a10c,Four-Seam Fastball,FF,Foul,Foul,3,2,0,97.9,2436.0,-0.8305811982070795,1.8567734507770792,3.235,1.633,,,,,,,,,Colorado Rockies,Los Angeles Dodgers
823947,2026-05-27,2026,Regular Season,18,3,top,660271,Shohei Ohtani,666397,Edouard Julien,R,L,9,a9db1174-747e-3b0e-a89d-772856de8b9e,Sweeper,ST,Called Strike,Called Strike,3,3,0,87.7,2676.0,-0.6270647842053991,2.415618131675398,3.235,1.633,,,,Strikeout,0,0,2,true,Colorado Rockies,Los Angeles Dodgers
823947,2026-05-27,2026,Regular Season,19,3,top,660271,Shohei Ohtani,664983,Jake McCarthy,R,L,1,eb4e01c1-f040-3f59-8e7b-8460012259aa,Sweeper,ST,Ball,Ball,1,0,1,81.7,2730.0,-1.4732064324079137,3.4933749875877367,3.229,1.629,,,,,,,,,Colorado Rockies,Los Angeles Dodgers
823947,2026-05-27,2026,Regular Season,19,3,top,660271,Shohei Ohtani,664983,Jake McCarthy,R,L,2,140073dc-741d-3a90-a0a4-5ed34b7a75c0,Sweeper,ST,Foul,Foul,1,1,1,85.7,2861.0,0.6082069848918267,1.688143680708478,3.229,1.629,,,,,,,,,Colorado Rockies,Los Angeles Dodgers
823947,2026-05-27,2026,Regular Season,19,3,top,660271,Shohei Ohtani,664983,Jake McCarthy,R,L,3,066f05af-b190-3486-a3f2-8645600d280d,Sweeper,ST,Swinging Strike,Swinging Strike,1,2,1,84.6,2873.0,0.5721011816983793,0.8382802761670343,3.229,1.629,,,,,,,,,Colorado Rockies,Los Angeles Dodgers
823947,2026-05-27,2026,Regular Season,19,3,top,660271,Shohei Ohtani,664983,Jake McCarthy,R,L,4,77ac3395-3ebf-3f6c-9808-1de46b0b7563,Sweeper,ST,Ball,Ball,2,2,1,86.7,2895.0,1.0416654739585136,1.1788412911048416,3.229,1.629,,,,,,,,,Colorado Rockies,Los Angeles Dodgers
823947,2026-05-27,2026,Regular Season,19,3,top,660271,Shohei Ohtani,664983,Jake McCarthy,R,L,5,e9a5a6d6-cf68-3409-b1e0-b2991a79dbaa,Sweeper,ST,Swinging Strike,Swinging Strike,2,3,1,86.8,2864.0,1.407434350400522,1.3480791546202726,3.229,1.629,,,,Strikeout,0,0,2,true,Colorado Rockies,Los Angeles Dodgers
823947,2026-05-27,2026,Regular Season,20,3,top,660271,Shohei Ohtani,671289,Tyler Freeman,R,R,1,057ae271-69e0-3aee-8473-ef7b5bde9984,Sinker,SI,"In play, out(s)","In play, out(s)",0,0,2,97.4,2248.0,-0.38796441241771656,2.5601550974857057,3.151,1.59,,,,Groundout,0,0,2,true,Colorado Rockies,Los Angeles Dodgers
823947,2026-05-27,2026,Regular Season,24,4,top,660271,Shohei Ohtani,681198,TJ Rumfield,R,L,1,614e2c57-aafa-3a6e-b531-59197946fdee,Four-Seam Fastball,FF,Swinging Strike,Swinging Strike,0,1,0,96.8,2509.0,-1.3416592988895295,2.7870978583268657,3.423,1.727,,,,,,,,,Colorado Rockies,Los Angeles Dodgers
823947,2026-05-27,2026,Regular Season,24,4,top,660271,Shohei Ohtani,681198,TJ Rumfield,R,L,2,4c33f62f-df07-32ad-b565-884758400711,Sweeper,ST,Ball,Ball,1,1,0,85.3,2709.0,-0.14724396020537348,1.2725214916273353,3.423,1.727,,,,,,,,,Colorado Rockies,Los Angeles Dodgers
823947,2026-05-27,2026,Regular Season,24,4,top,660271,Shohei Ohtani,681198,TJ Rumfield,R,L,3,8b191624-34ae-3de7-a77a-4aa97152cfb4,Sweeper,ST,Ball,Ball,2,1,0,84.5,2705.0,-0.9214322864785955,3.6251184168537436,3.423,1.727,,,,,,,,,Colorado Rockies,Los Angeles Dodgers
823947,2026-05-27,2026,Regular Season,24,4,top,660271,Shohei Ohtani,681198,TJ Rumfield,R,L,4,9607fdbf-1d41-3e2d-a6c7-74ec5b81faa8,Four-Seam Fastball,FF,Ball,Ball,3,1,0,97.4,2456.0,1.0478007829323073,1.5750781166423746,3.423,1.727,,,,,,,,,Colorado Rockies,Los Angeles Dodgers
823947,2026-05-27,2026,Regular Season,24,4,top,660271,Shohei Ohtani,681198,TJ Rumfield,R,L,5,a68e9a1d-7aac-342b-83da-fdd8c92037d9,Four-Seam Fastball,FF,Foul,Foul,3,2,0,98.1,2468.0,-0.5937967926856763,2.3176489589880456,3.423,1.727,,,,,,,,,Colorado Rockies,Los Angeles Dodgers
823947,2026-05-27,2026,Regular Season,24,4,top,660271,Shohei Ohtani,681198,TJ Rumfield,R,L,6,fcced2eb-83b2-3d68-8a9b-a63ec4b89e8d,Sweeper,ST,Foul,Foul,3,2,0,86.3,2743.0,-0.8606493817488351,1.9568411476334295,3.423,1.727,,,,,,,,,Colorado Rockies,Los Angeles Dodgers
823947,2026-05-27,2026,Regular Season,24,4,top,660271,Shohei Ohtani,681198,TJ Rumfield,R,L,7,13b3965e-ca61-3271-9117-400978a58cb4,Four-Seam Fastball,FF,Ball In Dirt,Ball In Dirt,4,2,0,98.8,2540.0,0.9612201976930669,0.8876614612913666,3.423,1.727,,,,Walk,0,0,2,false,Colorado Rockies,Los Angeles Dodgers
823947,2026-05-27,2026,Regular Season,25,4,top,660271,Shohei Ohtani,696100,Hunter Goodman,R,R,1,74c07f47-c797-3238-b109-3e10b6fd033c,Sweeper,ST,Ball,Ball,1,0,0,84.1,2695.0,-0.9771096286696865,2.220031915712886,3.179,1.604,681198,,,,,,,,Colorado Rockies,Los Angeles Dodgers
823947,2026-05-27,2026,Regular Season,25,4,top,660271,Shohei Ohtani,696100,Hunter Goodman,R,R,2,659ab45e-3105-3d78-9ad6-ec08423298d7,Sweeper,ST,Ball,Ball,2,0,0,84.2,2722.0,-1.0988842356079425,3.146614816675981,3.179,1.604,681198,,,,,,,,Colorado Rockies,Los Angeles Dodgers
823947,2026-05-27,2026,Regular Season,25,4,top,660271,Shohei Ohtani,696100,Hunter Goodman,R,R,3,3c7dab46-6bdc-30c7-aa72-1c46148a984a,Sinker,SI,Hit By Pitch,Hit By Pitch,3,0,0,93.6,2153.0,-2.8771198351079095,3.6632949988962666,3.179,1.604,681198,,,Hit By Pitch,0,0,2,false,Colorado Rockies,Los Angeles Dodgers
823947,2026-05-27,2026,Regular Season,26,4,top,660271,Shohei Ohtani,687859,Troy Johnston,R,L,1,e4357ea0-92fc-356c-8083-15079f6f00f3,Four-Seam Fastball,FF,Ball,Ball,1,0,0,98.9,2439.0,0.49035204734854676,1.5369155704458881,3.159,1.594,696100,681198,,,,,,,Colorado Rockies,Los Angeles Dodgers
823947,2026-05-27,2026,Regular Season,26,4,top,660271,Shohei Ohtani,687859,Troy Johnston,R,L,2,4ffa5def-09e7-3e06-8802-a9fb2a870ab6,Four-Seam Fastball,FF,Called Strike,Called Strike,1,1,0,98.5,2509.0,0.021049519320031636,1.6660687801491876,3.159,1.594,696100,681198,,,,,,,Colorado Rockies,Los Angeles Dodgers
823947,2026-05-27,2026,Regular Season,26,4,top,660271,Shohei Ohtani,687859,Troy Johnston,R,L,3,dc12c7a8-a572-38d3-aa74-6bf013c394a9,Four-Seam Fastball,FF,"In play, out(s)","In play, out(s)",1,1,0,98.1,2554.0,0.17308110591147127,2.0639582909406933,3.159,1.594,696100,681198,,Forceout,0,0,2,true,Colorado Rockies,Los Angeles Dodgers
823947,2026-05-27,2026,Regular Season,27,4,top,660271,Shohei Ohtani,650489,Willi Castro,R,L,1,bcd94680-2c9f-3ad1-925d-ecea3b15423e,Four-Seam Fastball,FF,Ball,Ball,1,0,1,100.3,2507.0,-0.05814689019117969,1.5724742056135563,3.203,1.617,687859,,681198,,,,,,Colorado Rockies,Los Angeles Dodgers
823947,2026-05-27,2026,Regular Season,27,4,top,660271,Shohei Ohtani,650489,Willi Castro,R,L,2,815fb47a-ca8f-378c-b712-c487c4359e0f,Four-Seam Fastball,FF,Swinging Strike,Swinging Strike,1,1,1,98.8,2510.0,-1.2061233851057687,2.3335550947779264,3.203,1.617,687859,,681198,,,,,,Colorado Rockies,Los Angeles Dodgers
823947,2026-05-27,2026,Regular Season,27,4,top,660271,Shohei Ohtani,650489,Willi Castro,R,L,3,015f6348-2b38-32b8-bed4-342c3be231b8,Four-Seam Fastball,FF,Ball,Ball,2,1,1,98.6,2676.0,-0.508385795964725,1.5281156046283833,3.203,1.617,687859,,681198,,,,,,Colorado Rockies,Los Angeles Dodgers
823947,2026-05-27,2026,Regular Season,27,4,top,660271,Shohei Ohtani,650489,Willi Castro,R,L,4,e470c392-0e93-36c5-8e53-e08f380d96c2,Sweeper,ST,Ball,Ball,3,1,1,86.5,2752.0,-0.8374787632165247,1.395081263704392,3.203,1.617,687859,,681198,,,,,,Colorado Rockies,Los Angeles Dodgers
823947,2026-05-27,2026,Regular Season,27,4,top,660271,Shohei Ohtani,650489,Willi Castro,R,L,5,cc462725-e604-35a3-8588-db32c3e1e042,Four-Seam Fastball,FF,Swinging Strike,Swinging Strike,3,2,1,97.3,2646.0,-0.2887367042037022,3.4043776473549756,3.203,1.617,687859,,681198,,,,,,Colorado Rockies,Los Angeles Dodgers
823947,2026-05-27,2026,Regular Season,27,4,top,660271,Shohei Ohtani,650489,Willi Castro,R,L,6,a4cfb8ca-048e-3c67-a0d7-f15a952115e6,Four-Seam Fastball,FF,"In play, run(s)","In play, run(s)",3,2,1,97.9,2655.0,-0.06355792221858926,1.6316585050013352,3.203,1.617,687859,,681198,Groundout,1,1,2,true,Colorado Rockies,Los Angeles Dodgers
823947,2026-05-27,2026,Regular Season,28,4,top,660271,Shohei Ohtani,678662,Ezequiel Tovar,R,R,1,06f328f4-9077-32a1-9c81-0ac8e3d69cd3,Four-Seam Fastball,FF,Swinging Strike,Swinging Strike,0,1,2,99.6,2438.0,0.6860215438584412,2.3206440885669952,3.219,1.625,,687859,,,,,,,Colorado Rockies,Los Angeles Dodgers
823947,2026-05-27,2026,Regular Season,28,4,top,660271,Shohei Ohtani,678662,Ezequiel Tovar,R,R,2,b7b72356-546a-35a0-89bf-f90713687083,Four-Seam Fastball,FF,Swinging Strike,Swinging Strike,0,2,2,99.2,2572.0,-0.0417389457536346,1.6687577226335863,3.219,1.625,,687859,,,,,,,Colorado Rockies,Los Angeles Dodgers
823947,2026-05-27,2026,Regular Season,28,4,top,660271,Shohei Ohtani,678662,Ezequiel Tovar,R,R,3,571d38ae-c844-38bd-b9ea-02715ce748aa,Four-Seam Fastball,FF,Swinging Strike,Swinging Strike,0,3,2,99.2,2587.0,1.0748727337211708,1.9391436418092554,3.219,1.625,,687859,,Strikeout,0,1,2,true,Colorado Rockies,Los Angeles Dodgers
823947,2026-05-27,2026,Regular Season,34,5,top,660271,Shohei Ohtani,694514,Sterlin Thompson,R,L,1,ced9b82c-82e6-3236-bbf6-a723ac2d94ae,Four-Seam Fastball,FF,Ball,Ball,1,0,0,96.2,2508.0,-1.7901257436301152,3.2286045293665007,3.341,1.686,,,,,,,,,Colorado Rockies,Los Angeles Dodgers
823947,2026-05-27,2026,Regular Season,34,5,top,660271,Shohei Ohtani,694514,Sterlin Thompson,R,L,2,f2c9e336-438f-3897-b8a0-71caabb70fc2,Four-Seam Fastball,FF,Ball,Ball,2,0,0,96.7,2627.0,0.9038012836611486,2.5632441633454555,3.341,1.686,,,,,,,,,Colorado Rockies,Los Angeles Dodgers
823947,2026-05-27,2026,Regular Season,34,5,top,660271,Shohei Ohtani,694514,Sterlin Thompson,R,L,3,bcc0983d-5acd-38a3-bbfe-ed2e6ab936ad,Four-Seam Fastball,FF,Ball,Ball,3,0,0,94.7,2545.0,1.5995070934753615,1.7489538332633958,3.341,1.686,,,,,,,,,Colorado Rockies,Los Angeles Dodgers
823947,2026-05-27,2026,Regular Season,34,5,top,660271,Shohei Ohtani,694514,Sterlin Thompson,R,L,4,67484edd-dbd1-3d4e-8da6-70be1e3c7855,Four-Seam Fastball,FF,Ball,Ball,4,0,0,93.1,2486.0,-1.2828791336714194,2.752914624454934,3.341,1.686,,,,Walk,0,1,3,false,Colorado Rockies,Los Angeles Dodgers
823947,2026-05-27,2026,Regular Season,35,5,top,660271,Shohei Ohtani,666397,Edouard Julien,R,L,1,a8a97077-9d46-3e6b-872b-4ec2f7df9e10,Sweeper,ST,Ball,Ball,1,0,0,83.1,2562.0,-1.0283653033455586,3.6928064317630516,3.235,1.633,694514,,,,,,,,Colorado Rockies,Los Angeles Dodgers
823947,2026-05-27,2026,Regular Season,35,5,top,660271,Shohei Ohtani,666397,Edouard Julien,R,L,2,994f0093-a441-3a43-bb1d-94f303d2478e,Four-Seam Fastball,FF,Foul,Foul,1,1,0,95.7,2648.0,0.04667931084115497,2.187754968105305,3.235,1.633,694514,,,,,,,,Colorado Rockies,Los Angeles Dodgers
823947,2026-05-27,2026,Regular Season,35,5,top,660271,Shohei Ohtani,666397,Edouard Julien,R,L,3,f62ce5bc-5f4a-3d03-bdf7-9b8a08ee534d,Four-Seam Fastball,FF,Ball,Ball,2,1,0,97.7,2374.0,-0.7478791224970952,3.38020329865621,3.235,1.633,694514,,,,,,,,Colorado Rockies,Los Angeles Dodgers
823947,2026-05-27,2026,Regular Season,35,5,top,660271,Shohei Ohtani,666397,Edouard Julien,R,L,4,f55c7582-5c02-3a8f-ace8-c00bcd6f6c08,Four-Seam Fastball,FF,Called Strike,Called Strike,2,2,0,96.4,2400.0,0.7423880852875313,2.255652522657797,3.235,1.633,694514,,,,,,,,Colorado Rockies,Los Angeles Dodgers
823947,2026-05-27,2026,Regular Season,35,5,top,660271,Shohei Ohtani,666397,Edouard Julien,R,L,5,4ae28ed6-a427-3457-a0aa-0f08b8fce437,Sweeper,ST,Ball In Dirt,Ball In Dirt,3,2,0,87.3,2750.0,1.1068471487193963,0.7558288459684256,3.235,1.633,694514,,,,,,,,Colorado Rockies,Los Angeles Dodgers
823947,2026-05-27,2026,Regular Season,35,5,top,660271,Shohei Ohtani,666397,Edouard Julien,R,L,6,0bea691c-61d1-3c9c-ae35-5d896cea12ad,Four-Seam Fastball,FF,"In play, out(s)","In play, out(s)",3,2,0,97.3,2488.0,0.758115442555871,2.9994975234280354,3.235,1.633,694514,,,Lineout,0,1,3,true,Colorado Rockies,Los Angeles Dodgers
823947,2026-05-27,2026,Regular Season,36,5,top,660271,Shohei Ohtani,664983,Jake McCarthy,R,L,1,cb30c8d0-1429-390a-8ac7-1f68ac7bcac1,Four-Seam Fastball,FF,Called Strike,Called Strike,0,1,1,98.5,2483.0,-0.10476213023864926,2.954581524181151,3.229,1.629,694514,,,,,,,,Colorado Rockies,Los Angeles Dodgers
823947,2026-05-27,2026,Regular Season,36,5,top,660271,Shohei Ohtani,664983,Jake McCarthy,R,L,2,92960d4d-6437-372d-8886-b5ca651425ab,Sweeper,ST,Swinging Strike (Blocked),Swinging Strike (Blocked),0,2,1,87.5,2802.0,0.6016169163473617,0.8106446130276584,3.229,1.629,694514,,,,,,,,Colorado Rockies,Los Angeles Dodgers
823947,2026-05-27,2026,Regular Season,36,5,top,660271,Shohei Ohtani,664983,Jake McCarthy,R,L,3,6d7a24e5-652a-3b31-b733-8ca1873c5776,Sweeper,ST,Ball,Ball,1,2,1,86.2,2815.0,-0.4965431519649079,0.9227979129707842,3.229,1.629,694514,,,,,,,,Colorado Rockies,Los Angeles Dodgers
823947,2026-05-27,2026,Regular Season,36,5,top,660271,Shohei Ohtani,664983,Jake McCarthy,R,L,4,002ce885-cd5c-3b8a-ae18-e098318903ba,Four-Seam Fastball,FF,Swinging Strike,Swinging Strike,1,3,1,98.1,2573.0,-0.37013178175109007,3.286646980835155,3.229,1.629,694514,,,Strikeout,0,1,3,true,Colorado Rockies,Los Angeles Dodgers
823947,2026-05-27,2026,Regular Season,37,5,top,660271,Shohei Ohtani,671289,Tyler Freeman,R,R,1,9577614a-1db2-307f-a421-6a796ef7daee,Sweeper,ST,Called Strike,Called Strike,0,1,2,85.9,2800.0,0.2451502540432162,2.6910799521851536,3.151,1.59,694514,,,,,,,,Colorado Rockies,Los Angeles Dodgers
823947,2026-05-27,2026,Regular Season,37,5,top,660271,Shohei Ohtani,671289,Tyler Freeman,R,R,2,61265551-94d5-322b-a747-82940e377d7f,Sweeper,ST,"In play, out(s)","In play, out(s)",0,1,2,83.1,2768.0,-0.5734704727757773,2.5250415302696334,3.151,1.59,694514,,,Flyout,0,1,3,true,Colorado Rockies,Los Angeles Dodgers
823947,2026-05-27,2026,Regular Season,42,6,top,660271,Shohei Ohtani,681198,TJ Rumfield,R,L,1,019a7bb8-862a-37ec-b8ab-020457c90e55,Sweeper,ST,Called Strike,Called Strike,0,1,0,81.9,2501.0,-0.6527236252690984,3.37385115045286,3.423,1.727,,,,,,,,,Colorado Rockies,Los Angeles Dodgers
823947,2026-05-27,2026,Regular Season,42,6,top,660271,Shohei Ohtani,681198,TJ Rumfield,R,L,2,004c6b8d-bd11-3bff-aadd-f690127cc0ee,Four-Seam Fastball,FF,Swinging Strike,Swinging Strike,0,2,0,96.5,2455.0,-0.6193149207171864,3.902257729880728,3.423,1.727,,,,,,,,,Colorado Rockies,Los Angeles Dodgers
823947,2026-05-27,2026,Regular Season,42,6,top,660271,Shohei Ohtani,681198,TJ Rumfield,R,L,3,7613b58f-9674-3667-adb3-84eab7f5c71a,Splitter,FS,Ball,Ball,1,2,0,89.8,1707.0,-1.9446511904151997,3.3009555710208316,3.423,1.727,,,,,,,,,Colorado Rockies,Los Angeles Dodgers
823947,2026-05-27,2026,Regular Season,42,6,top,660271,Shohei Ohtani,681198,TJ Rumfield,R,L,4,6682d65d-01a8-3ece-92b2-9103598aceec,Four-Seam Fastball,FF,Foul,Foul,1,2,0,96.3,2594.0,1.145328416136449,2.726701891731818,3.423,1.727,,,,,,,,,Colorado Rockies,Los Angeles Dodgers
823947,2026-05-27,2026,Regular Season,42,6,top,660271,Shohei Ohtani,681198,TJ Rumfield,R,L,5,e63c3824-8722-336b-8e82-1a15714e7ea6,Curveball,CU,Ball,Ball,2,2,0,78.0,2740.0,-1.3097027543686715,3.2946169679406347,3.423,1.727,,,,,,,,,Colorado Rockies,Los Angeles Dodgers
823947,2026-05-27,2026,Regular Season,42,6,top,660271,Shohei Ohtani,681198,TJ Rumfield,R,L,6,a3c4f466-228c-34ab-bd36-600c2d9600a6,Sweeper,ST,Ball,Ball,3,2,0,83.8,2564.0,-2.2760381067550384,3.2919865421890355,3.423,1.727,,,,,,,,,Colorado Rockies,Los Angeles Dodgers
823947,2026-05-27,2026,Regular Season,42,6,top,660271,Shohei Ohtani,681198,TJ Rumfield,R,L,7,95b4286f-cd35-3ac7-839a-4046ca55ad18,Four-Seam Fastball,FF,Foul,Foul,3,2,0,96.0,2412.0,0.6394212522935463,1.9772732460315998,3.423,1.727,,,,,,,,,Colorado Rockies,Los Angeles Dodgers
823947,2026-05-27,2026,Regular Season,42,6,top,660271,Shohei Ohtani,681198,TJ Rumfield,R,L,8,322f7bf1-18f7-3126-b07f-c234d43f7df1,Sweeper,ST,Swinging Strike,Swinging Strike,3,3,0,84.5,2726.0,0.6162260116428457,1.5883384082497027,3.423,1.727,,,,Strikeout,0,1,3,true,Colorado Rockies,Los Angeles Dodgers
823947,2026-05-27,2026,Regular Season,43,6,top,660271,Shohei Ohtani,696100,Hunter Goodman,R,R,1,0858f873-2a8a-3c55-8c89-8e00b61a64b8,Four-Seam Fastball,FF,Ball,Ball,1,0,1,97.4,2363.0,1.6806819292678412,0.8651467613945836,3.179,1.604,,,,,,,,,Colorado Rockies,Los Angeles Dodgers
823947,2026-05-27,2026,Regular Season,43,6,top,660271,Shohei Ohtani,696100,Hunter Goodman,R,R,2,fd2ccee7-2377-36b6-8290-12bbf09178cf,Sweeper,ST,Foul,Foul,1,1,1,84.7,2594.0,0.39131441400005956,1.418882795287512,3.179,1.604,,,,,,,,,Colorado Rockies,Los Angeles Dodgers
823947,2026-05-27,2026,Regular Season,43,6,top,660271,Shohei Ohtani,696100,Hunter Goodman,R,R,3,691647d6-1efe-3d06-bed3-ab684eb1bc91,Four-Seam Fastball,FF,"In play, out(s)","In play, out(s)",1,1,1,94.7,2435.0,0.6918141163358165,2.9504777692133635,3.179,1.604,,,,Lineout,0,1,3,true,Colorado Rockies,Los Angeles Dodgers
823947,2026-05-27,2026,Regular Season,44,6,top,660271,Shohei Ohtani,687859,Troy Johnston,R,L,1,d7ccc881-5abc-31e3-a3b3-662016808a0a,Sweeper,ST,Called Strike,Called Strike,0,1,2,79.6,2455.0,0.4388568158528905,1.6534836929304013,3.159,1.594,,,,,,,,,Colorado Rockies,Los Angeles Dodgers
823947,2026-05-27,2026,Regular Season,44,6,top,660271,Shohei Ohtani,687859,Troy Johnston,R,L,2,507ab142-0d60-3f06-8f13-520a89df3854,Sweeper,ST,"In play, out(s)","In play, out(s)",0,1,2,82.6,2550.0,0.19881556921113722,1.068394879817494,3.159,1.594,,,,Flyout,0,1,3,true,Colorado Rockies,Los Angeles Dodgers
825077,2026-06-03,2026,Regular Season,4,1,bottom,660271,Shohei Ohtani,672695,Geraldo Perdomo,R,L,1,cbfc116c-3433-3d75-8b6d-c67e8312a464,Four-Seam Fastball,FF,Called Strike,Called Strike,0,1,0,93.4,2468.0,-0.712136990554174,2.2854762470891163,3.317,1.674,,,,,,,,,Los Angeles Dodgers,Arizona Diamondbacks
825077,2026-06-03,2026,Regular Season,4,1,bottom,660271,Shohei Ohtani,672695,Geraldo Perdomo,R,L,2,796f2e19-016d-3263-9cba-65f6982945a0,Four-Seam Fastball,FF,Ball,Ball,1,1,0,99.6,2656.0,2.193575377092901,1.4085526085556033,3.317,1.674,,,,,,,,,Los Angeles Dodgers,Arizona Diamondbacks
825077,2026-06-03,2026,Regular Season,4,1,bottom,660271,Shohei Ohtani,672695,Geraldo Perdomo,R,L,3,6ec6ba3c-53bc-307b-8ccb-66c0f7ef5787,Sweeper,ST,Ball,Ball,2,1,0,85.8,2782.0,2.5790842798964393,0.5169126159375644,3.317,1.674,,,,,,,,,Los Angeles Dodgers,Arizona Diamondbacks
825077,2026-06-03,2026,Regular Season,4,1,bottom,660271,Shohei Ohtani,672695,Geraldo Perdomo,R,L,4,2350f37a-9e4b-3b12-b167-4a21cd458af0,Four-Seam Fastball,FF,Ball,Ball,3,1,0,98.5,2465.0,1.0336604050428349,1.651986989241742,3.317,1.674,,,,,,,,,Los Angeles Dodgers,Arizona Diamondbacks
825077,2026-06-03,2026,Regular Season,4,1,bottom,660271,Shohei Ohtani,672695,Geraldo Perdomo,R,L,5,2656822c-5135-34da-a8e7-52f5ee8d4fec,Four-Seam Fastball,FF,Foul,Foul,3,2,0,96.0,2522.0,0.11674467381720134,1.9739534067408953,3.317,1.674,,,,,,,,,Los Angeles Dodgers,Arizona Diamondbacks
825077,2026-06-03,2026,Regular Season,4,1,bottom,660271,Shohei Ohtani,672695,Geraldo Perdomo,R,L,6,e4cd1a5a-41dd-331e-808f-46355c60105a,Four-Seam Fastball,FF,"In play, out(s)","In play, out(s)",3,2,0,99.8,2626.0,0.3716395527869179,1.9181078003985486,3.317,1.674,,,,Groundout,0,0,0,true,Los Angeles Dodgers,Arizona Diamondbacks
825077,2026-06-03,2026,Regular Season,5,1,bottom,660271,Shohei Ohtani,682998,Corbin Carroll,R,L,1,1ac324bb-9227-3975-ac97-0c4a0b9db642,Four-Seam Fastball,FF,Ball,Ball,1,0,1,99.0,2612.0,-0.6842882158185766,2.865702390590066,3.103,1.566,,,,,,,,,Los Angeles Dodgers,Arizona Diamondbacks
825077,2026-06-03,2026,Regular Season,5,1,bottom,660271,Shohei Ohtani,682998,Corbin Carroll,R,L,2,6c56803c-6f18-3e9b-b44e-302a9693d4a2,Four-Seam Fastball,FF,Swinging Strike,Swinging Strike,1,1,1,98.3,2639.0,0.1392942856547196,2.193809645822876,3.103,1.566,,,,,,,,,Los Angeles Dodgers,Arizona Diamondbacks
825077,2026-06-03,2026,Regular Season,5,1,bottom,660271,Shohei Ohtani,682998,Corbin Carroll,R,L,3,96c3de7f-63ee-3972-b481-7799679a0beb,Four-Seam Fastball,FF,Ball,Ball,2,1,1,98.7,2625.0,1.3939570538980788,1.7004234617249683,3.103,1.566,,,,,,,,,Los Angeles Dodgers,Arizona Diamondbacks
825077,2026-06-03,2026,Regular Season,5,1,bottom,660271,Shohei Ohtani,682998,Corbin Carroll,R,L,4,d0198e99-81a8-3c27-84e8-b67952b2e679,Sweeper,ST,Called Strike,Called Strike,2,2,1,83.8,2633.0,-0.5111585941975052,2.0552288331086017,3.103,1.566,,,,,,,,,Los Angeles Dodgers,Arizona Diamondbacks
825077,2026-06-03,2026,Regular Season,5,1,bottom,660271,Shohei Ohtani,682998,Corbin Carroll,R,L,5,380d9202-4dbc-3737-88ad-d4234464c2eb,Four-Seam Fastball,FF,"In play, out(s)","In play, out(s)",2,2,1,99.3,2654.0,-0.8376895253221593,2.206558101055862,3.103,1.566,,,,Groundout,0,0,0,true,Los Angeles Dodgers,Arizona Diamondbacks
825077,2026-06-03,2026,Regular Season,6,1,bottom,660271,Shohei Ohtani,672515,Gabriel Moreno,R,R,1,be81d94d-e139-3857-9e04-d77f92c7adc3,Four-Seam Fastball,FF,Ball,Ball,1,0,2,96.9,2506.0,-1.0227752098836258,3.0088342397275065,3.072,1.55,,,,,,,,,Los Angeles Dodgers,Arizona Diamondbacks
825077,2026-06-03,2026,Regular Season,6,1,bottom,660271,Shohei Ohtani,672515,Gabriel Moreno,R,R,2,66065ff7-5f47-3cd3-b12e-ecc632a68480,Four-Seam Fastball,FF,Called Strike,Called Strike,1,1,2,97.4,2485.0,-0.16557973514570837,2.355559261791752,3.072,1.55,,,,,,,,,Los Angeles Dodgers,Arizona Diamondbacks
825077,2026-06-03,2026,Regular Season,6,1,bottom,660271,Shohei Ohtani,672515,Gabriel Moreno,R,R,3,73c7901c-2117-3701-838f-bbb008df543f,Sweeper,ST,Ball,Ball,2,1,2,85.1,2724.0,0.18298358145395457,-0.10137281528780596,3.072,1.55,,,,,,,,,Los Angeles Dodgers,Arizona Diamondbacks
825077,2026-06-03,2026,Regular Season,6,1,bottom,660271,Shohei Ohtani,672515,Gabriel Moreno,R,R,4,c87ba9b1-d5e0-3845-b702-d481d0987dc8,Sweeper,ST,Called Strike,Called Strike,2,2,2,85.2,2670.0,-0.426626417280898,2.6775582349460363,3.072,1.55,,,,,,,,,Los Angeles Dodgers,Arizona Diamondbacks
825077,2026-06-03,2026,Regular Season,6,1,bottom,660271,Shohei Ohtani,672515,Gabriel Moreno,R,R,5,3c5807bd-27d5-3916-a21b-40a03e7ae95a,Sweeper,ST,"In play, out(s)","In play, out(s)",2,2,2,86.8,2896.0,0.6262369837585899,1.249943075914544,3.072,1.55,,,,Groundout,0,0,0,true,Los Angeles Dodgers,Arizona Diamondbacks
825077,2026-06-03,2026,Regular Season,13,2,bottom,660271,Shohei Ohtani,571448,Nolan Arenado,R,R,1,71df2059-de4b-3f48-a0bd-2b63bea6b0ca,Curveball,CU,Called Strike,Called Strike,0,1,0,72.1,2564.0,-0.1977238856256403,2.4462578038556533,3.277,1.654,,,,,,,,,Los Angeles Dodgers,Arizona Diamondbacks
825077,2026-06-03,2026,Regular Season,13,2,bottom,660271,Shohei Ohtani,571448,Nolan Arenado,R,R,2,21c6608c-f721-327f-ab1f-e3520e84f3f3,Four-Seam Fastball,FF,Ball,Ball,1,1,0,97.5,2382.0,-1.6425053247280612,5.02197010055033,3.277,1.654,,,,,,,,,Los Angeles Dodgers,Arizona Diamondbacks
825077,2026-06-03,2026,Regular Season,13,2,bottom,660271,Shohei Ohtani,571448,Nolan Arenado,R,R,3,601c73d8-a7dc-3632-9151-68509ffd16ef,Sweeper,ST,Ball,Ball,2,1,0,86.6,2657.0,1.3780926057945242,0.9294602085326379,3.277,1.654,,,,,,,,,Los Angeles Dodgers,Arizona Diamondbacks
825077,2026-06-03,2026,Regular Season,13,2,bottom,660271,Shohei Ohtani,571448,Nolan Arenado,R,R,4,b0263ffd-29c5-330a-a3bc-670fcbd0047c,Sweeper,ST,Foul,Foul,2,2,0,86.0,2553.0,-0.32060372706098544,2.7229730739854965,3.277,1.654,,,,,,,,,Los Angeles Dodgers,Arizona Diamondbacks
825077,2026-06-03,2026,Regular Season,13,2,bottom,660271,Shohei Ohtani,571448,Nolan Arenado,R,R,5,2225f7ff-8a09-3470-9cda-98ae009a1f06,Four-Seam Fastball,FF,Swinging Strike,Swinging Strike,2,3,0,98.8,2353.0,-0.03985969698784351,3.6286134642835015,3.277,1.654,,,,Strikeout,0,2,0,true,Los Angeles Dodgers,Arizona Diamondbacks
825077,2026-06-03,2026,Regular Season,14,2,bottom,660271,Shohei Ohtani,656976,Pavin Smith,R,L,1,124de1ee-a551-38e2-b763-16ca845fb76e,Four-Seam Fastball,FF,Foul,Foul,0,1,1,98.2,2471.0,-0.3826754411749201,3.1912996493106127,3.29,1.66,,,,,,,,,Los Angeles Dodgers,Arizona Diamondbacks
825077,2026-06-03,2026,Regular Season,14,2,bottom,660271,Shohei Ohtani,656976,Pavin Smith,R,L,2,f27c95b8-af5d-33d8-9247-24429c1a4dd4,Curveball,CU,Foul,Foul,0,2,1,77.0,2611.0,0.33112259091226287,2.237042889921455,3.29,1.66,,,,,,,,,Los Angeles Dodgers,Arizona Diamondbacks
825077,2026-06-03,2026,Regular Season,14,2,bottom,660271,Shohei Ohtani,656976,Pavin Smith,R,L,3,c88b5263-a821-37dd-b874-9a8c46501d7a,Sweeper,ST,Ball,Ball,1,2,1,87.1,2819.0,1.4248141495054885,0.5196585021050546,3.29,1.66,,,,,,,,,Los Angeles Dodgers,Arizona Diamondbacks
825077,2026-06-03,2026,Regular Season,14,2,bottom,660271,Shohei Ohtani,656976,Pavin Smith,R,L,4,11404327-5632-32e6-9594-4446dc295fa5,Splitter,FS,Ball,Ball,2,2,1,90.3,1601.0,0.8201635311316017,0.4994765408661024,3.29,1.66,,,,,,,,,Los Angeles Dodgers,Arizona Diamondbacks
825077,2026-06-03,2026,Regular Season,14,2,bottom,660271,Shohei Ohtani,656976,Pavin Smith,R,L,5,2e66b8ee-6d1b-3bc9-bc79-9c26daa6722f,Four-Seam Fastball,FF,Foul,Foul,2,2,1,98.9,2511.0,0.6114952081129317,2.9590405436737175,3.29,1.66,,,,,,,,,Los Angeles Dodgers,Arizona Diamondbacks
825077,2026-06-03,2026,Regular Season,14,2,bottom,660271,Shohei Ohtani,656976,Pavin Smith,R,L,6,0a1b4e76-d980-3cab-b642-bb35429f9d86,Sweeper,ST,Ball,Ball,3,2,1,87.4,2870.0,1.0775346690327414,1.4628442663490429,3.29,1.66,,,,,,,,,Los Angeles Dodgers,Arizona Diamondbacks
825077,2026-06-03,2026,Regular Season,14,2,bottom,660271,Shohei Ohtani,656976,Pavin Smith,R,L,7,a9f66449-e7df-30e7-bbe3-a270240fd3ef,Sweeper,ST,Swinging Strike,Swinging Strike,3,3,1,88.4,2769.0,0.9633447543590128,1.667268891773395,3.29,1.66,,,,Strikeout,0,2,0,true,Los Angeles Dodgers,Arizona Diamondbacks
825077,2026-06-03,2026,Regular Season,15,2,bottom,660271,Shohei Ohtani,814439,Ryan Waldschmidt,R,R,1,ab1058a5-32b1-391f-a8e0-ca8a2f836ba3,Curveball,CU,Called Strike,Called Strike,0,1,2,74.7,2627.0,-0.4277397428523663,1.8660161745586983,3.202,1.616,,,,,,,,,Los Angeles Dodgers,Arizona Diamondbacks
825077,2026-06-03,2026,Regular Season,15,2,bottom,660271,Shohei Ohtani,814439,Ryan Waldschmidt,R,R,2,fa459f05-5fcb-36e2-8c00-44cf4b2f4727,Sweeper,ST,"In play, out(s)","In play, out(s)",0,1,2,85.8,2681.0,0.17343406214594997,2.720283987444367,3.202,1.616,,,,Groundout,0,2,0,true,Los Angeles Dodgers,Arizona Diamondbacks
825077,2026-06-03,2026,Regular Season,23,3,bottom,660271,Shohei Ohtani,545121,Ildemaro Vargas,R,L,1,384b5c2d-f522-3075-8cc4-46f2138721b7,Four-Seam Fastball,FF,Ball,Ball,1,0,0,92.5,2276.0,-0.904933145387784,3.4290627314002986,3.161,1.595,,,,,,,,,Los Angeles Dodgers,Arizona Diamondbacks
825077,2026-06-03,2026,Regular Season,23,3,bottom,660271,Shohei Ohtani,545121,Ildemaro Vargas,R,L,2,0e56d407-835c-3145-8919-3e351c291e62,Four-Seam Fastball,FF,Ball,Ball,2,0,0,95.9,2414.0,-1.167557597952638,3.8627982568116646,3.161,1.595,,,,,,,,,Los Angeles Dodgers,Arizona Diamondbacks
825077,2026-06-03,2026,Regular Season,23,3,bottom,660271,Shohei Ohtani,545121,Ildemaro Vargas,R,L,3,da87bd59-bcac-3796-9bdb-d5abe18834ef,Four-Seam Fastball,FF,Ball,Ball,3,0,0,93.2,2365.0,1.0487654524059113,1.3344946911247957,3.161,1.595,,,,,,,,,Los Angeles Dodgers,Arizona Diamondbacks
825077,2026-06-03,2026,Regular Season,23,3,bottom,660271,Shohei Ohtani,545121,Ildemaro Vargas,R,L,4,b093ad40-56a0-3763-8036-3d40b3074c50,Four-Seam Fastball,FF,Called Strike,Called Strike,3,1,0,93.4,2287.0,0.23249412247426854,2.50033019728382,3.161,1.595,,,,,,,,,Los Angeles Dodgers,Arizona Diamondbacks
825077,2026-06-03,2026,Regular Season,23,3,bottom,660271,Shohei Ohtani,545121,Ildemaro Vargas,R,L,5,73a0985b-4a87-36ca-b3a2-66dc57cd13f6,Four-Seam Fastball,FF,Called Strike,Called Strike,3,2,0,95.9,2392.0,0.7845400262660127,2.400001030247715,3.161,1.595,,,,,,,,,Los Angeles Dodgers,Arizona Diamondbacks
825077,2026-06-03,2026,Regular Season,23,3,bottom,660271,Shohei Ohtani,545121,Ildemaro Vargas,R,L,6,c96ede4e-c44a-3797-a2cd-756080fc073f,Four-Seam Fastball,FF,"In play, out(s)","In play, out(s)",3,2,0,97.7,2437.0,0.028627455066349665,2.3676692247511864,3.161,1.595,,,,Groundout,0,5,0,true,Los Angeles Dodgers,Arizona Diamondbacks
825077,2026-06-03,2026,Regular Season,24,3,bottom,660271,Shohei Ohtani,699912,Jose Fernandez,R,R,1,ab0c27d5-236c-3494-a66a-471f1239facd,Sweeper,ST,Ball,Ball,1,0,1,80.8,2570.0,-2.40428193473395,4.821728865176961,3.352,1.691,,,,,,,,,Los Angeles Dodgers,Arizona Diamondbacks
825077,2026-06-03,2026,Regular Season,24,3,bottom,660271,Shohei Ohtani,699912,Jose Fernandez,R,R,2,4f21c22c-6a4e-3fa2-a129-fb042cf9717f,Sweeper,ST,Called Strike,Called Strike,1,1,1,83.7,2704.0,-0.010560402697386674,2.735949885923005,3.352,1.691,,,,,,,,,Los Angeles Dodgers,Arizona Diamondbacks
825077,2026-06-03,2026,Regular Season,24,3,bottom,660271,Shohei Ohtani,699912,Jose Fernandez,R,R,3,561aeeb2-0c13-3379-a3fe-105b2d5a7c29,Four-Seam Fastball,FF,Swinging Strike,Swinging Strike,1,2,1,98.1,2428.0,0.926255415845919,3.9289360493123042,3.352,1.691,,,,,,,,,Los Angeles Dodgers,Arizona Diamondbacks
825077,2026-06-03,2026,Regular Season,24,3,bottom,660271,Shohei Ohtani,699912,Jose Fernandez,R,R,4,436e17da-195f-360d-95bf-78b162fa274e,Sweeper,ST,Swinging Strike,Swinging Strike,1,3,1,85.9,2794.0,0.7643191510098425,2.6705809311675894,3.352,1.691,,,,Strikeout,0,5,0,true,Los Angeles Dodgers,Arizona Diamondbacks
825077,2026-06-03,2026,Regular Season,25,3,bottom,660271,Shohei Ohtani,694371,Tommy Troy,R,R,1,8646b628-6150-3c05-bfe8-2a0fb7c1f491,Curveball,CU,Ball,Ball,1,0,2,73.4,2601.0,-0.5783044823575277,4.71068601785738,3.068,1.548,,,,,,,,,Los Angeles Dodgers,Arizona Diamondbacks
825077,2026-06-03,2026,Regular Season,25,3,bottom,660271,Shohei Ohtani,694371,Tommy Troy,R,R,2,66b6c652-50e8-3b39-8113-31e1242492c6,Sweeper,ST,Called Strike,Called Strike,1,1,2,83.0,2695.0,0.5519229977213409,1.8976086897426234,3.068,1.548,,,,,,,,,Los Angeles Dodgers,Arizona Diamondbacks
825077,2026-06-03,2026,Regular Season,25,3,bottom,660271,Shohei Ohtani,694371,Tommy Troy,R,R,3,fab784e1-f355-35c8-8bc2-a80d009e61e2,Four-Seam Fastball,FF,Swinging Strike,Swinging Strike,1,2,2,97.2,2447.0,0.19369694763071255,3.476566375008063,3.068,1.548,,,,,,,,,Los Angeles Dodgers,Arizona Diamondbacks
825077,2026-06-03,2026,Regular Season,25,3,bottom,660271,Shohei Ohtani,694371,Tommy Troy,R,R,4,193aff19-9b00-3d9f-951c-bcc1a65114dd,Sweeper,ST,Foul,Foul,1,2,2,83.6,2823.0,0.20050470865063102,2.2717542885347375,3.068,1.548,,,,,,,,,Los Angeles Dodgers,Arizona Diamondbacks
825077,2026-06-03,2026,Regular Season,25,3,bottom,660271,Shohei Ohtani,694371,Tommy Troy,R,R,5,e341de73-1051-3ad0-bc5d-bae99969120e,Curveball,CU,Ball,Ball,2,2,2,77.2,2668.0,-0.38637727215514345,1.5685030353981777,3.068,1.548,,,,,,,,,Los Angeles Dodgers,Arizona Diamondbacks
825077,2026-06-03,2026,Regular Season,25,3,bottom,660271,Shohei Ohtani,694371,Tommy Troy,R,R,6,ab9d5448-61d9-3aca-bd24-996cc63a4d26,Sweeper,ST,"In play, out(s)","In play, out(s)",2,2,2,85.8,2756.0,0.046078374717664065,3.5315417203544404,3.068,1.548,,,,Lineout,0,5,0,true,Los Angeles Dodgers,Arizona Diamondbacks
825077,2026-06-03,2026,Regular Season,31,4,bottom,660271,Shohei Ohtani,672695,Geraldo Perdomo,R,L,1,20eef295-a755-3068-8052-46a049137d22,Four-Seam Fastball,FF,Called Strike,Called Strike,0,1,0,95.4,2424.0,-0.41745799725104493,2.2930967571856695,3.317,1.674,,,,,,,,,Los Angeles Dodgers,Arizona Diamondbacks
825077,2026-06-03,2026,Regular Season,31,4,bottom,660271,Shohei Ohtani,672695,Geraldo Perdomo,R,L,2,06b9bcec-c567-3009-a2e3-a9b505889a59,Splitter,FS,Called Strike,Called Strike,0,2,0,88.4,1582.0,0.7200258734874782,2.989697817099605,3.317,1.674,,,,,,,,,Los Angeles Dodgers,Arizona Diamondbacks
825077,2026-06-03,2026,Regular Season,31,4,bottom,660271,Shohei Ohtani,672695,Geraldo Perdomo,R,L,3,60a7c2f9-9b81-349c-b607-2f2a242d2adf,Four-Seam Fastball,FF,Called Strike,Called Strike,0,3,0,99.4,2551.0,-0.7577167277622356,3.2401938538001547,3.317,1.674,,,,Strikeout,0,5,0,true,Los Angeles Dodgers,Arizona Diamondbacks
825077,2026-06-03,2026,Regular Season,32,4,bottom,660271,Shohei Ohtani,682998,Corbin Carroll,R,L,1,9c3691b6-216b-398f-9aa4-ce1a604d6d9d,Splitter,FS,Ball,Ball,1,0,1,88.7,1590.0,0.7457687229044189,0.8317578300588538,3.103,1.566,,,,,,,,,Los Angeles Dodgers,Arizona Diamondbacks
825077,2026-06-03,2026,Regular Season,32,4,bottom,660271,Shohei Ohtani,682998,Corbin Carroll,R,L,2,da6bca99-d959-3bb0-9137-f8bc254b6a9e,Sweeper,ST,Called Strike,Called Strike,1,1,1,80.5,2583.0,-0.16831439280874602,2.995860880114205,3.103,1.566,,,,,,,,,Los Angeles Dodgers,Arizona Diamondbacks
825077,2026-06-03,2026,Regular Season,32,4,bottom,660271,Shohei Ohtani,682998,Corbin Carroll,R,L,3,b819f33e-22a7-3f0a-af19-094ab6948556,Four-Seam Fastball,FF,"In play, out(s)","In play, out(s)",1,1,1,99.1,2395.0,0.7528081219714731,2.61317180047884,3.103,1.566,,,,Groundout,0,5,0,true,Los Angeles Dodgers,Arizona Diamondbacks
825077,2026-06-03,2026,Regular Season,33,4,bottom,660271,Shohei Ohtani,672515,Gabriel Moreno,R,R,1,abdef6ff-5c45-3548-88fd-3cd48031a761,Curveball,CU,Ball,Ball,1,0,2,68.0,2488.0,0.9493288679367995,1.7814486274946433,3.072,1.55,,,,,,,,,Los Angeles Dodgers,Arizona Diamondbacks
825077,2026-06-03,2026,Regular Season,33,4,bottom,660271,Shohei Ohtani,672515,Gabriel Moreno,R,R,2,8a321961-855e-3cc5-86ce-b474a8c6924d,Sweeper,ST,Called Strike,Called Strike,1,1,2,81.8,2575.0,0.39493225465050474,2.672664074745226,3.072,1.55,,,,,,,,,Los Angeles Dodgers,Arizona Diamondbacks
825077,2026-06-03,2026,Regular Season,33,4,bottom,660271,Shohei Ohtani,672515,Gabriel Moreno,R,R,3,34fda0dd-81d4-3cf6-80b8-394555803e07,Four-Seam Fastball,FF,Ball,Ball,2,1,2,97.7,2449.0,1.609812701441794,1.9831845986413554,3.072,1.55,,,,,,,,,Los Angeles Dodgers,Arizona Diamondbacks
825077,2026-06-03,2026,Regular Season,33,4,bottom,660271,Shohei Ohtani,672515,Gabriel Moreno,R,R,4,02100375-42e1-3ae6-bd4e-2d5f74250e8c,Four-Seam Fastball,FF,Called Strike,Called Strike,2,2,2,97.1,2279.0,0.7260166263744061,2.220404908418634,3.072,1.55,,,,,,,,,Los Angeles Dodgers,Arizona Diamondbacks
825077,2026-06-03,2026,Regular Season,33,4,bottom,660271,Shohei Ohtani,672515,Gabriel Moreno,R,R,5,c88667e8-2e9d-3ac8-bd31-8d096d9d3e77,Curveball,CU,Ball,Ball,3,2,2,73.1,2651.0,0.8833278989489655,0.8475221042539545,3.072,1.55,,,,,,,,,Los Angeles Dodgers,Arizona Diamondbacks
825077,2026-06-03,2026,Regular Season,33,4,bottom,660271,Shohei Ohtani,672515,Gabriel Moreno,R,R,6,62aaaaca-2636-3b16-8140-28c6907d1247,Four-Seam Fastball,FF,Foul,Foul,3,2,2,96.9,2373.0,0.9439382485337794,2.7123671049497537,3.072,1.55,,,,,,,,,Los Angeles Dodgers,Arizona Diamondbacks
825077,2026-06-03,2026,Regular Season,33,4,bottom,660271,Shohei Ohtani,672515,Gabriel Moreno,R,R,7,e06e635c-d87b-3f80-957c-2f8c0be93932,Sweeper,ST,Foul,Foul,3,2,2,86.3,2728.0,0.5744541718524743,1.7012110833086298,3.072,1.55,,,,,,,,,Los Angeles Dodgers,Arizona Diamondbacks
825077,2026-06-03,2026,Regular Season,33,4,bottom,660271,Shohei Ohtani,672515,Gabriel Moreno,R,R,8,bc51b524-29c6-3d2c-b67c-25b70b5d75e8,Four-Seam Fastball,FF,"In play, no out","In play, no out",3,2,2,99.9,2391.0,0.6362619472479862,2.23075681334358,3.072,1.55,,,,Double,0,5,0,false,Los Angeles Dodgers,Arizona Diamondbacks
825077,2026-06-03,2026,Regular Season,34,4,bottom,660271,Shohei Ohtani,571448,Nolan Arenado,R,R,1,edcfea12-acb1-3690-8355-03f3be40ef80,Sweeper,ST,Ball,Ball,1,0,2,88.3,2819.0,1.4569374537027722,1.3831900547580127,3.277,1.654,,672515,,,,,,,Los Angeles Dodgers,Arizona Diamondbacks
825077,2026-06-03,2026,Regular Season,34,4,bottom,660271,Shohei Ohtani,571448,Nolan Arenado,R,R,2,266aa885-e94c-3373-98a7-6828ba3588bf,Sweeper,ST,Ball,Ball,2,0,2,88.5,2887.0,1.4358570123336523,0.6889921390804671,3.277,1.654,,672515,,,,,,,Los Angeles Dodgers,Arizona Diamondbacks
825077,2026-06-03,2026,Regular Season,34,4,bottom,660271,Shohei Ohtani,571448,Nolan Arenado,R,R,3,651f0e49-9920-3b6f-9868-3783f661eba3,Four-Seam Fastball,FF,Ball,Ball,3,0,2,99.6,2505.0,1.3770941620129158,0.3604687492575749,3.277,1.654,,672515,,,,,,,Los Angeles Dodgers,Arizona Diamondbacks
825077,2026-06-03,2026,Regular Season,34,4,bottom,660271,Shohei Ohtani,571448,Nolan Arenado,R,R,4,88acf043-c8b0-3ddd-87f1-358cba1ec34a,Four-Seam Fastball,FF,Called Strike,Called Strike,3,1,2,97.5,2415.0,-0.2678870864368733,1.9552050617817596,3.277,1.654,,672515,,,,,,,Los Angeles Dodgers,Arizona Diamondbacks
825077,2026-06-03,2026,Regular Season,34,4,bottom,660271,Shohei Ohtani,571448,Nolan Arenado,R,R,5,55746993-7188-396f-9b97-a8ab4accfba7,Sweeper,ST,Foul,Foul,3,2,2,85.7,2530.0,0.40876427829404255,2.201316496494428,3.277,1.654,,672515,,,,,,,Los Angeles Dodgers,Arizona Diamondbacks
825077,2026-06-03,2026,Regular Season,34,4,bottom,660271,Shohei Ohtani,571448,Nolan Arenado,R,R,6,9b00f5ca-95f2-3796-b937-8248bf823c3a,Curveball,CU,Foul,Foul,3,2,2,78.2,2729.0,-1.0266908983776424,2.0754648067190007,3.277,1.654,,672515,,,,,,,Los Angeles Dodgers,Arizona Diamondbacks
825077,2026-06-03,2026,Regular Season,34,4,bottom,660271,Shohei Ohtani,571448,Nolan Arenado,R,R,7,333cf947-bd18-33a5-94d6-3042f0b704eb,Four-Seam Fastball,FF,"In play, out(s)","In play, out(s)",3,2,2,100.4,2460.0,0.4523856118252236,2.2327153798886306,3.277,1.654,,672515,,Groundout,0,5,0,true,Los Angeles Dodgers,Arizona Diamondbacks
825077,2026-06-03,2026,Regular Season,39,5,bottom,660271,Shohei Ohtani,656976,Pavin Smith,R,L,1,fc9946b2-b53d-3758-b174-d6a0f0f27015,Sweeper,ST,Ball,Ball,1,0,0,81.2,2575.0,0.884076043912111,1.816739155590294,3.29,1.66,,,,,,,,,Los Angeles Dodgers,Arizona Diamondbacks
825077,2026-06-03,2026,Regular Season,39,5,bottom,660271,Shohei Ohtani,656976,Pavin Smith,R,L,2,043ab94e-7621-375a-98a9-fa8bd0ff24ac,Sweeper,ST,Called Strike,Called Strike,1,1,0,82.1,2560.0,0.5568661035362353,1.834329960646694,3.29,1.66,,,,,,,,,Los Angeles Dodgers,Arizona Diamondbacks
825077,2026-06-03,2026,Regular Season,39,5,bottom,660271,Shohei Ohtani,656976,Pavin Smith,R,L,3,efa99714-e19d-3a21-8466-78d38ee0a7be,Sweeper,ST,Called Strike,Called Strike,1,2,0,85.5,2637.0,0.0361716343614589,2.473921344980951,3.29,1.66,,,,,,,,,Los Angeles Dodgers,Arizona Diamondbacks
825077,2026-06-03,2026,Regular Season,39,5,bottom,660271,Shohei Ohtani,656976,Pavin Smith,R,L,4,b14ab1f2-5328-34bd-a20e-6fdd27529f5d,Curveball,CU,Foul,Foul,1,2,0,80.6,2905.0,0.8222037489519051,1.8191657947660786,3.29,1.66,,,,,,,,,Los Angeles Dodgers,Arizona Diamondbacks
825077,2026-06-03,2026,Regular Season,39,5,bottom,660271,Shohei Ohtani,656976,Pavin Smith,R,L,5,eb935785-5234-3dec-ad81-73d65c87ab2b,Four-Seam Fastball,FF,Ball,Ball,2,2,0,99.0,2474.0,-1.549864736513096,3.6142232387623703,3.29,1.66,,,,,,,,,Los Angeles Dodgers,Arizona Diamondbacks
825077,2026-06-03,2026,Regular Season,39,5,bottom,660271,Shohei Ohtani,656976,Pavin Smith,R,L,6,e2c76bc5-3ad0-37c1-850f-b0fbc6eb5aae,Sweeper,ST,Foul,Foul,2,2,0,86.9,2675.0,0.3301490101586355,2.160802001040932,3.29,1.66,,,,,,,,,Los Angeles Dodgers,Arizona Diamondbacks
825077,2026-06-03,2026,Regular Season,39,5,bottom,660271,Shohei Ohtani,656976,Pavin Smith,R,L,7,4f898c19-5a92-3e3e-a1e3-3cf2d31424c7,Four-Seam Fastball,FF,Swinging Strike,Swinging Strike,2,3,0,98.2,2333.0,-0.46035617459820855,3.1414441963103488,3.29,1.66,,,,Strikeout,0,5,0,true,Los Angeles Dodgers,Arizona Diamondbacks
825077,2026-06-03,2026,Regular Season,40,5,bottom,660271,Shohei Ohtani,814439,Ryan Waldschmidt,R,R,1,b379962f-567a-303e-bd37-6f24268405ba,Sweeper,ST,Swinging Strike,Swinging Strike,0,1,1,84.8,2794.0,0.6240591740528482,1.235477696528744,3.202,1.616,,,,,,,,,Los Angeles Dodgers,Arizona Diamondbacks
825077,2026-06-03,2026,Regular Season,40,5,bottom,660271,Shohei Ohtani,814439,Ryan Waldschmidt,R,R,2,3148e1f2-6f08-3d56-8ed6-244f3be86add,Sweeper,ST,Foul,Foul,0,2,1,83.8,2845.0,-0.49420724491918094,3.099627535984359,3.202,1.616,,,,,,,,,Los Angeles Dodgers,Arizona Diamondbacks
825077,2026-06-03,2026,Regular Season,40,5,bottom,660271,Shohei Ohtani,814439,Ryan Waldschmidt,R,R,3,9558017c-edf1-3e9c-acc5-9ea9b9c2b1c0,Curveball,CU,Called Strike,Called Strike,0,3,1,78.5,2856.0,-0.2111397249188291,2.912728861569024,3.202,1.616,,,,Strikeout,0,5,0,true,Los Angeles Dodgers,Arizona Diamondbacks
825077,2026-06-03,2026,Regular Season,41,5,bottom,660271,Shohei Ohtani,545121,Ildemaro Vargas,R,L,1,4c233b02-150b-3b73-8528-891d482c8423,Four-Seam Fastball,FF,Swinging Strike,Swinging Strike,0,1,2,97.5,2533.0,0.03619976786538129,3.0870646282533367,3.161,1.595,,,,,,,,,Los Angeles Dodgers,Arizona Diamondbacks
825077,2026-06-03,2026,Regular Season,41,5,bottom,660271,Shohei Ohtani,545121,Ildemaro Vargas,R,L,2,9f0797a9-336d-345c-89c8-4bd30dd6cf1f,Four-Seam Fastball,FF,"In play, out(s)","In play, out(s)",0,1,2,98.9,2527.0,-0.14907565044988985,2.803738203664015,3.161,1.595,,,,Flyout,0,5,0,true,Los Angeles Dodgers,Arizona Diamondbacks
825077,2026-06-03,2026,Regular Season,47,6,bottom,660271,Shohei Ohtani,699912,Jose Fernandez,R,R,1,b839501b-cd2f-3a74-aa53-6bd78e7598b0,Four-Seam Fastball,FF,Called Strike,Called Strike,0,1,0,97.1,2359.0,0.721388539949037,3.0856914301873246,3.352,1.691,,,,,,,,,Los Angeles Dodgers,Arizona Diamondbacks
825077,2026-06-03,2026,Regular Season,47,6,bottom,660271,Shohei Ohtani,699912,Jose Fernandez,R,R,2,d10890ec-6b66-3330-a437-1dfecfc0407f,Sweeper,ST,Foul,Foul,0,2,0,85.6,2729.0,0.6550166449720378,2.283141338093014,3.352,1.691,,,,,,,,,Los Angeles Dodgers,Arizona Diamondbacks
825077,2026-06-03,2026,Regular Season,47,6,bottom,660271,Shohei Ohtani,699912,Jose Fernandez,R,R,3,886775f9-0010-36c8-94bc-8da388f28bc6,Sweeper,ST,"In play, out(s)","In play, out(s)",0,2,0,85.0,2826.0,0.6197800303652805,2.298264879501042,3.352,1.691,,,,Groundout,0,5,0,true,Los Angeles Dodgers,Arizona Diamondbacks
825077,2026-06-03,2026,Regular Season,48,6,bottom,660271,Shohei Ohtani,694371,Tommy Troy,R,R,1,160c7138-1bd1-3711-a558-e62634463d12,Four-Seam Fastball,FF,Ball,Ball,1,0,1,98.6,2441.0,0.7963167493166058,3.667865424938398,3.068,1.548,,,,,,,,,Los Angeles Dodgers,Arizona Diamondbacks
825077,2026-06-03,2026,Regular Season,48,6,bottom,660271,Shohei Ohtani,694371,Tommy Troy,R,R,2,2aa2ecde-c4b4-362e-bf4e-db4576d06a88,Sweeper,ST,Ball,Ball,2,0,1,77.7,2560.0,1.435945394203305,1.1325040429833826,3.068,1.548,,,,,,,,,Los Angeles Dodgers,Arizona Diamondbacks
825077,2026-06-03,2026,Regular Season,48,6,bottom,660271,Shohei Ohtani,694371,Tommy Troy,R,R,3,bc6d7e9e-c7bd-3e11-84c1-c58110183b94,Sweeper,ST,Ball,Ball,3,0,1,83.8,2616.0,0.8269319762651418,1.4975212895283663,3.068,1.548,,,,,,,,,Los Angeles Dodgers,Arizona Diamondbacks
825077,2026-06-03,2026,Regular Season,48,6,bottom,660271,Shohei Ohtani,694371,Tommy Troy,R,R,4,822387f8-be93-3701-b52b-3b22b240067b,Four-Seam Fastball,FF,Ball,Ball,4,0,1,94.5,2326.0,1.444683381144095,2.2084054923908223,3.068,1.548,,,,Walk,0,5,0,false,Los Angeles Dodgers,Arizona Diamondbacks
825077,2026-06-03,2026,Regular Season,49,6,bottom,660271,Shohei Ohtani,672695,Geraldo Perdomo,R,L,1,7b6d2531-c022-3914-bf8b-47eccfa94d0a,Sweeper,ST,Called Strike,Called Strike,0,1,1,81.6,2563.0,-0.31144807808520303,2.0985613261201355,3.317,1.674,694371,,,,,,,,Los Angeles Dodgers,Arizona Diamondbacks
825077,2026-06-03,2026,Regular Season,49,6,bottom,660271,Shohei Ohtani,672695,Geraldo Perdomo,R,L,2,2407941c-442d-3a8f-8953-f9d96c598963,Four-Seam Fastball,FF,"In play, no out","In play, no out",0,1,1,97.9,2490.0,-0.7305726483680438,2.4709373736852935,3.317,1.674,694371,,,Single,0,5,0,false,Los Angeles Dodgers,Arizona Diamondbacks
825077,2026-06-03,2026,Regular Season,50,6,bottom,660271,Shohei Ohtani,682998,Corbin Carroll,R,L,1,c3ed9fa8-36fd-342e-938a-d44d371dd3df,Four-Seam Fastball,FF,"In play, out(s)","In play, out(s)",0,0,1,98.6,2328.0,0.020390367081983222,1.7248687573526995,3.103,1.566,672695,694371,,Grounded Into DP,0,5,0,true,Los Angeles Dodgers,Arizona Diamondbacks
823372,2026-06-10,2026,Regular Season,4,1,bottom,660271,Shohei Ohtani,687462,Spencer Horwitz,R,L,1,3465a615-86d9-3c85-90b8-94da5e0b9b48,Four-Seam Fastball,FF,Called Strike,Called Strike,0,1,0,97.1,2427.0,-0.9468290660073265,2.430243515706442,3.133,1.581,,,,,,,,,Los Angeles Dodgers,Pittsburgh Pirates
823372,2026-06-10,2026,Regular Season,4,1,bottom,660271,Shohei Ohtani,687462,Spencer Horwitz,R,L,2,73cc2e8a-958b-309a-bba2-42760d9ca946,Four-Seam Fastball,FF,"In play, no out","In play, no out",0,1,0,98.3,2468.0,0.29804125647762975,2.85969109990835,3.133,1.581,,,,Single,0,0,0,false,Los Angeles Dodgers,Pittsburgh Pirates
823372,2026-06-10,2026,Regular Season,5,1,bottom,660271,Shohei Ohtani,664040,Brandon Lowe,R,L,1,fc79f636-b94c-36b9-80f4-26655d55a392,Curveball,CU,Ball,Ball,1,0,0,72.4,2451.0,-1.1671981574366133,3.5732012062320946,3.088,1.559,687462,,,,,,,,Los Angeles Dodgers,Pittsburgh Pirates
823372,2026-06-10,2026,Regular Season,5,1,bottom,660271,Shohei Ohtani,664040,Brandon Lowe,R,L,2,7beeb434-a0ef-3ec9-a322-80e01189c999,Sweeper,ST,Ball,Ball,2,0,0,82.0,2542.0,-1.3204156687186763,4.181652590990746,3.088,1.559,687462,,,,,,,,Los Angeles Dodgers,Pittsburgh Pirates
823372,2026-06-10,2026,Regular Season,5,1,bottom,660271,Shohei Ohtani,664040,Brandon Lowe,R,L,3,2fa834f0-70ae-31e8-af0c-27a711c10cfc,Four-Seam Fastball,FF,Ball,Ball,3,0,0,96.6,2347.0,-1.604081627205626,2.5792471336233542,3.088,1.559,687462,,,,,,,,Los Angeles Dodgers,Pittsburgh Pirates
823372,2026-06-10,2026,Regular Season,5,1,bottom,660271,Shohei Ohtani,664040,Brandon Lowe,R,L,4,1fd4e5e3-4e10-3d2d-8639-35c0f2d5258d,Four-Seam Fastball,FF,Ball,Ball,4,0,0,94.7,2343.0,1.0043556049700841,2.476968460444949,3.088,1.559,687462,,,Walk,0,0,0,false,Los Angeles Dodgers,Pittsburgh Pirates
823372,2026-06-10,2026,Regular Season,6,1,bottom,660271,Shohei Ohtani,668804,Bryan Reynolds,R,L,1,9d78ac5a-0df2-3b58-bb30-d538aa915183,Sweeper,ST,Swinging Strike,Swinging Strike,0,1,0,86.8,2684.0,0.9136666209602653,1.2311472848177452,3.284,1.657,664040,687462,,,,,,,Los Angeles Dodgers,Pittsburgh Pirates
823372,2026-06-10,2026,Regular Season,6,1,bottom,660271,Shohei Ohtani,668804,Bryan Reynolds,R,L,2,ff20af71-d463-345a-9044-be511416dd75,Sweeper,ST,Ball,Ball,1,1,0,87.2,2747.0,0.9296348379855183,1.5402977621624026,3.284,1.657,664040,687462,,,,,,,Los Angeles Dodgers,Pittsburgh Pirates
823372,2026-06-10,2026,Regular Season,6,1,bottom,660271,Shohei Ohtani,668804,Bryan Reynolds,R,L,3,879be789-19b4-37f0-87a5-cddec7270377,Four-Seam Fastball,FF,Called Strike,Called Strike,1,2,0,99.8,2492.0,0.025097904727310952,1.6863900629574342,3.284,1.657,664040,687462,,,,,,,Los Angeles Dodgers,Pittsburgh Pirates
823372,2026-06-10,2026,Regular Season,6,1,bottom,660271,Shohei Ohtani,668804,Bryan Reynolds,R,L,4,b46e02af-c10b-3bf9-bd89-90c0d0cd18a2,Sweeper,ST,Ball,Ball,2,2,0,86.8,2752.0,0.7249939306150509,0.8552347340236064,3.284,1.657,664040,687462,,,,,,,Los Angeles Dodgers,Pittsburgh Pirates
823372,2026-06-10,2026,Regular Season,6,1,bottom,660271,Shohei Ohtani,668804,Bryan Reynolds,R,L,5,78c5ffe4-9117-3501-af58-8a6b240325f9,Four-Seam Fastball,FF,Swinging Strike,Swinging Strike,2,3,0,100.2,2565.0,1.0086599346235705,2.0945559816650836,3.284,1.657,664040,687462,,Strikeout,0,0,0,true,Los Angeles Dodgers,Pittsburgh Pirates
823372,2026-06-10,2026,Regular Season,7,1,bottom,660271,Shohei Ohtani,656811,Ryan O'Hearn,R,L,1,45b800ef-094d-3d11-a2e4-438a47778051,Curveball,CU,Ball,Ball,1,0,1,77.5,2633.0,-0.9961157899821984,3.748583000610345,3.289,1.66,664040,687462,,,,,,,Los Angeles Dodgers,Pittsburgh Pirates
823372,2026-06-10,2026,Regular Season,7,1,bottom,660271,Shohei Ohtani,656811,Ryan O'Hearn,R,L,2,2bd1c3de-39dd-3b89-9697-54ad845b232a,Sweeper,ST,Called Strike,Called Strike,1,1,1,86.3,2704.0,-0.7494104346468005,3.0112920279782993,3.289,1.66,664040,687462,,,,,,,Los Angeles Dodgers,Pittsburgh Pirates
823372,2026-06-10,2026,Regular Season,7,1,bottom,660271,Shohei Ohtani,656811,Ryan O'Hearn,R,L,3,97f47464-a0f2-3127-8acc-1e488561b1fa,Four-Seam Fastball,FF,Ball,Ball,2,1,1,99.0,2464.0,-0.2628700113253875,1.4783906620879024,3.289,1.66,664040,687462,,,,,,,Los Angeles Dodgers,Pittsburgh Pirates
823372,2026-06-10,2026,Regular Season,7,1,bottom,660271,Shohei Ohtani,656811,Ryan O'Hearn,R,L,4,7834a74b-ccd9-30bb-b75d-2f45aeb21652,Four-Seam Fastball,FF,Foul,Foul,2,2,1,99.3,2457.0,-0.5038173231779998,2.1302151236338838,3.289,1.66,664040,687462,,,,,,,Los Angeles Dodgers,Pittsburgh Pirates
823372,2026-06-10,2026,Regular Season,7,1,bottom,660271,Shohei Ohtani,656811,Ryan O'Hearn,R,L,5,61a99faa-d14e-3920-a778-b917cf7b4390,Four-Seam Fastball,FF,Swinging Strike,Swinging Strike,2,3,1,99.4,2526.0,-0.4534695855590318,1.9164797014860484,3.289,1.66,664040,687462,,Strikeout,0,0,0,true,Los Angeles Dodgers,Pittsburgh Pirates
823372,2026-06-10,2026,Regular Season,8,1,bottom,660271,Shohei Ohtani,693304,Nick Gonzales,R,R,1,1037510d-beb2-3093-ac50-3a018a6e1f72,Sweeper,ST,Ball,Ball,1,0,2,86.9,2834.0,1.1294887025891658,1.3571901598526526,3.051,1.54,664040,687462,,,,,,,Los Angeles Dodgers,Pittsburgh Pirates
823372,2026-06-10,2026,Regular Season,8,1,bottom,660271,Shohei Ohtani,693304,Nick Gonzales,R,R,2,a24a0bec-eb85-38c6-bfef-f6d74c114802,Four-Seam Fastball,FF,"In play, out(s)","In play, out(s)",1,0,2,99.1,2456.0,0.29151904012388147,2.1658184829387928,3.051,1.54,664040,687462,,Flyout,0,0,0,true,Los Angeles Dodgers,Pittsburgh Pirates
823372,2026-06-10,2026,Regular Season,12,2,bottom,660271,Shohei Ohtani,682848,Endy Rodríguez,R,L,1,055bd1ca-350f-3822-b698-bdf99bf586b4,Four-Seam Fastball,FF,"In play, out(s)","In play, out(s)",0,0,0,97.3,2335.0,-0.06756937304850762,2.9901184108059096,3.197,1.614,,,,Flyout,0,0,0,true,Los Angeles Dodgers,Pittsburgh Pirates
823372,2026-06-10,2026,Regular Season,13,2,bottom,660271,Shohei Ohtani,682997,Tyler Callihan,R,L,1,97d5d966-55ac-37e4-9bbe-4315ce76107d,Four-Seam Fastball,FF,Ball,Ball,1,0,1,95.6,2292.0,-1.943868280700193,2.1656908847241647,3.168,1.599,,,,,,,,,Los Angeles Dodgers,Pittsburgh Pirates
823372,2026-06-10,2026,Regular Season,13,2,bottom,660271,Shohei Ohtani,682997,Tyler Callihan,R,L,2,1c3d27bd-533f-3ded-a1bb-15a31d933513,Sweeper,ST,Called Strike,Called Strike,1,1,1,84.2,2549.0,-0.1687656727048075,2.1668917621861894,3.168,1.599,,,,,,,,,Los Angeles Dodgers,Pittsburgh Pirates
823372,2026-06-10,2026,Regular Season,13,2,bottom,660271,Shohei Ohtani,682997,Tyler Callihan,R,L,3,bbf2f8be-0ee5-313f-9194-5a3a90b11c15,Four-Seam Fastball,FF,Foul,Foul,1,2,1,98.2,2392.0,0.5232368938629011,0.9967946118372261,3.168,1.599,,,,,,,,,Los Angeles Dodgers,Pittsburgh Pirates
823372,2026-06-10,2026,Regular Season,13,2,bottom,660271,Shohei Ohtani,682997,Tyler Callihan,R,L,4,01f1cff8-c586-331e-8307-c1b5ea4a0477,Splitter,FS,Ball,Ball,2,2,1,90.9,1592.0,-0.05049029835945539,-0.1005457341596286,3.168,1.599,,,,,,,,,Los Angeles Dodgers,Pittsburgh Pirates
823372,2026-06-10,2026,Regular Season,13,2,bottom,660271,Shohei Ohtani,682997,Tyler Callihan,R,L,5,9b5a800b-7570-3712-8589-a94b4bb8ce7f,Four-Seam Fastball,FF,Foul,Foul,2,2,1,99.2,2526.0,-0.10772218932746198,1.610493273011561,3.168,1.599,,,,,,,,,Los Angeles Dodgers,Pittsburgh Pirates
823372,2026-06-10,2026,Regular Season,13,2,bottom,660271,Shohei Ohtani,682997,Tyler Callihan,R,L,6,6fc53e37-404c-3791-a22f-91fc152ea66a,Curveball,CU,Ball,Ball,3,2,1,75.6,2538.0,-1.9669290744671437,2.8693281683451044,3.168,1.599,,,,,,,,,Los Angeles Dodgers,Pittsburgh Pirates
823372,2026-06-10,2026,Regular Season,13,2,bottom,660271,Shohei Ohtani,682997,Tyler Callihan,R,L,7,ddd57390-37ee-346e-b62e-61df8624fc4c,Sweeper,ST,Ball,Ball,4,2,1,87.3,2694.0,-1.1952428592941986,1.8004877386852796,3.168,1.599,,,,Walk,0,0,0,false,Los Angeles Dodgers,Pittsburgh Pirates
823372,2026-06-10,2026,Regular Season,14,2,bottom,660271,Shohei Ohtani,663968,Jake Mangum,R,L,1,24387ea3-0a6e-3635-a10d-e971e3577a86,Four-Seam Fastball,FF,Ball,Ball,1,0,1,98.3,2322.0,0.8968254450051262,2.186111040564738,3.18,1.605,682997,,,,,,,,Los Angeles Dodgers,Pittsburgh Pirates
823372,2026-06-10,2026,Regular Season,14,2,bottom,660271,Shohei Ohtani,663968,Jake Mangum,R,L,2,3a1a8456-c8eb-37d0-8045-28d398618622,Four-Seam Fastball,FF,"In play, out(s)","In play, out(s)",1,0,1,97.6,2301.0,0.44570267157727295,1.7192916386307382,3.18,1.605,682997,,,Groundout,0,0,0,true,Los Angeles Dodgers,Pittsburgh Pirates
823372,2026-06-10,2026,Regular Season,15,2,bottom,660271,Shohei Ohtani,669707,Jared Triolo,R,R,1,4f273931-f0ee-33a2-b8c3-c89cd9d51b8a,Sweeper,ST,Ball,Ball,1,0,2,85.6,2743.0,0.8066196630572027,1.976069015661595,3.343,1.687,,682997,,,,,,,Los Angeles Dodgers,Pittsburgh Pirates
823372,2026-06-10,2026,Regular Season,15,2,bottom,660271,Shohei Ohtani,669707,Jared Triolo,R,R,2,c0448984-06c8-389e-86eb-0d7cc91f912b,Four-Seam Fastball,FF,Ball,Ball,2,0,2,99.0,2401.0,-1.1918514963726283,1.5777527095599992,3.343,1.687,,682997,,,,,,,Los Angeles Dodgers,Pittsburgh Pirates
823372,2026-06-10,2026,Regular Season,15,2,bottom,660271,Shohei Ohtani,669707,Jared Triolo,R,R,3,f354f5d1-3015-3000-a5ac-bf9b3ca415d8,Sweeper,ST,Swinging Strike,Swinging Strike,2,1,2,84.3,2608.0,1.2001662851171144,2.102298541971218,3.343,1.687,,682997,,,,,,,Los Angeles Dodgers,Pittsburgh Pirates
823372,2026-06-10,2026,Regular Season,15,2,bottom,660271,Shohei Ohtani,669707,Jared Triolo,R,R,4,7d28311f-1f99-3be2-963c-2c1e7b7fb68c,Four-Seam Fastball,FF,Called Strike,Called Strike,2,2,2,99.2,2454.0,0.16974790374861426,2.2598159093562167,3.343,1.687,,682997,,,,,,,Los Angeles Dodgers,Pittsburgh Pirates
823372,2026-06-10,2026,Regular Season,15,2,bottom,660271,Shohei Ohtani,669707,Jared Triolo,R,R,5,1da82cd6-93e5-3e06-9483-d08fabb73a3d,Four-Seam Fastball,FF,Foul,Foul,2,2,2,99.8,2471.0,-0.6875536751700005,2.8487426548516526,3.343,1.687,,682997,,,,,,,Los Angeles Dodgers,Pittsburgh Pirates
823372,2026-06-10,2026,Regular Season,15,2,bottom,660271,Shohei Ohtani,669707,Jared Triolo,R,R,6,e6be8a7d-6c97-39cb-b92b-02eabb3f5984,Sweeper,ST,"In play, out(s)","In play, out(s)",2,2,2,85.5,2859.0,-0.6298206488206732,2.601011191767362,3.343,1.687,,682997,,Flyout,0,0,0,true,Los Angeles Dodgers,Pittsburgh Pirates
823372,2026-06-10,2026,Regular Season,20,3,bottom,660271,Shohei Ohtani,687462,Spencer Horwitz,R,L,1,bbca2cde-40ce-34f7-8b1a-553cf61d7127,Four-Seam Fastball,FF,"In play, out(s)","In play, out(s)",0,0,0,98.3,2444.0,0.20756832139104361,2.170946287674439,3.133,1.581,,,,Flyout,0,0,0,true,Los Angeles Dodgers,Pittsburgh Pirates
823372,2026-06-10,2026,Regular Season,21,3,bottom,660271,Shohei Ohtani,664040,Brandon Lowe,R,L,1,9e345880-b066-33ce-a2a8-ee6ae93618d6,Four-Seam Fastball,FF,Called Strike,Called Strike,0,1,1,96.7,2459.0,0.3619350857523025,3.2615872599454563,3.088,1.559,,,,,,,,,Los Angeles Dodgers,Pittsburgh Pirates
823372,2026-06-10,2026,Regular Season,21,3,bottom,660271,Shohei Ohtani,664040,Brandon Lowe,R,L,2,5c3ad7ce-3231-31dd-b60f-532668ecaa97,Four-Seam Fastball,FF,Foul,Foul,0,2,1,99.9,2437.0,0.4865081505731031,1.9908994780228972,3.088,1.559,,,,,,,,,Los Angeles Dodgers,Pittsburgh Pirates
823372,2026-06-10,2026,Regular Season,21,3,bottom,660271,Shohei Ohtani,664040,Brandon Lowe,R,L,3,7c3f2b05-f222-33b9-9c51-91fdd4dd69bd,Four-Seam Fastball,FF,Ball,Ball,1,2,1,99.5,2404.0,-1.4842343752336056,3.0902365195797046,3.088,1.559,,,,,,,,,Los Angeles Dodgers,Pittsburgh Pirates
823372,2026-06-10,2026,Regular Season,21,3,bottom,660271,Shohei Ohtani,664040,Brandon Lowe,R,L,4,ba139290-014a-3375-b10c-d16fda2ffa6d,Splitter,FS,"In play, out(s)","In play, out(s)",1,2,1,91.2,1513.0,-0.43240246692152207,2.136086702227139,3.088,1.559,,,,Groundout,0,0,0,true,Los Angeles Dodgers,Pittsburgh Pirates
823372,2026-06-10,2026,Regular Season,22,3,bottom,660271,Shohei Ohtani,668804,Bryan Reynolds,R,L,1,ccff6809-0fd2-3e03-9f9b-c6423b3be76b,Four-Seam Fastball,FF,Ball,Ball,1,0,2,100.0,2593.0,1.2712296510942342,1.42867938554648,3.284,1.657,,,,,,,,,Los Angeles Dodgers,Pittsburgh Pirates
823372,2026-06-10,2026,Regular Season,22,3,bottom,660271,Shohei Ohtani,668804,Bryan Reynolds,R,L,2,83ed39d4-fb01-3dae-a507-c932890bef2f,Curveball,CU,Foul Tip,Foul Tip,1,1,2,74.9,2772.0,0.47683471029671864,1.8777796856751927,3.284,1.657,,,,,,,,,Los Angeles Dodgers,Pittsburgh Pirates
823372,2026-06-10,2026,Regular Season,22,3,bottom,660271,Shohei Ohtani,668804,Bryan Reynolds,R,L,3,447522be-1615-3bd5-8bd5-9a88364b3a5b,Sweeper,ST,Hit By Pitch,Hit By Pitch,2,1,2,87.9,2884.0,2.032978732270107,0.5968582478400296,3.284,1.657,,,,Hit By Pitch,0,0,0,false,Los Angeles Dodgers,Pittsburgh Pirates
823372,2026-06-10,2026,Regular Season,23,3,bottom,660271,Shohei Ohtani,656811,Ryan O'Hearn,R,L,1,c76b6f20-02bb-3c40-8e14-191a343d1896,Sweeper,ST,Ball,Ball,1,0,2,83.7,2666.0,-2.6299917704864155,3.239395415309177,3.289,1.66,668804,,,,,,,,Los Angeles Dodgers,Pittsburgh Pirates
823372,2026-06-10,2026,Regular Season,23,3,bottom,660271,Shohei Ohtani,656811,Ryan O'Hearn,R,L,2,d32ee4f7-a90a-3e1d-a5b1-96fda194d3f4,Four-Seam Fastball,FF,Called Strike,Called Strike,1,1,2,99.6,2515.0,0.1938006560559485,1.8425839778498045,3.289,1.66,668804,,,,,,,,Los Angeles Dodgers,Pittsburgh Pirates
823372,2026-06-10,2026,Regular Season,23,3,bottom,660271,Shohei Ohtani,656811,Ryan O'Hearn,R,L,3,7037623a-04b5-3a8b-b4d2-5841fb753459,Four-Seam Fastball,FF,Ball,Ball,2,1,2,99.8,2603.0,0.5510828052621605,1.3555911973560337,3.289,1.66,668804,,,,,,,,Los Angeles Dodgers,Pittsburgh Pirates
823372,2026-06-10,2026,Regular Season,23,3,bottom,660271,Shohei Ohtani,656811,Ryan O'Hearn,R,L,4,830f42a8-31c8-3935-a2ab-36bcbef140e3,Sweeper,ST,Ball,Ball,3,1,2,85.4,2852.0,0.9155466958120541,0.844284093308276,3.289,1.66,668804,,,,,,,,Los Angeles Dodgers,Pittsburgh Pirates
823372,2026-06-10,2026,Regular Season,23,3,bottom,660271,Shohei Ohtani,656811,Ryan O'Hearn,R,L,5,e2785bf1-9ee3-33fa-bc5e-dcc48f333959,Four-Seam Fastball,FF,"In play, out(s)","In play, out(s)",3,1,2,100.3,2641.0,0.36020191115087724,1.544357714605964,3.289,1.66,668804,,,Lineout,0,0,0,true,Los Angeles Dodgers,Pittsburgh Pirates
823372,2026-06-10,2026,Regular Season,30,4,bottom,660271,Shohei Ohtani,693304,Nick Gonzales,R,R,1,d3e12da9-fdab-3c37-be35-2eea53162a75,Sinker,SI,Ball,Ball,1,0,0,95.5,2147.0,-1.1882369714814263,2.4480855201797302,3.051,1.54,,,,,,,,,Los Angeles Dodgers,Pittsburgh Pirates
823372,2026-06-10,2026,Regular Season,30,4,bottom,660271,Shohei Ohtani,693304,Nick Gonzales,R,R,2,c3b66d91-a55a-31b6-9728-155b71a1ef09,Sweeper,ST,Foul,Foul,1,1,0,83.6,2737.0,-0.017626828604031433,2.773309725479563,3.051,1.54,,,,,,,,,Los Angeles Dodgers,Pittsburgh Pirates
823372,2026-06-10,2026,Regular Season,30,4,bottom,660271,Shohei Ohtani,693304,Nick Gonzales,R,R,3,8352b6ea-3654-38a5-bc09-75a0867c833e,Sweeper,ST,Ball,Ball,2,1,0,86.9,2807.0,0.6114743232310956,1.088408550477971,3.051,1.54,,,,,,,,,Los Angeles Dodgers,Pittsburgh Pirates
823372,2026-06-10,2026,Regular Season,30,4,bottom,660271,Shohei Ohtani,693304,Nick Gonzales,R,R,4,07927eb4-d694-311a-83bb-0b6eb2dc4435,Four-Seam Fastball,FF,Swinging Strike,Swinging Strike,2,2,0,97.4,2480.0,-0.2531827028866677,2.7661984286276597,3.051,1.54,,,,,,,,,Los Angeles Dodgers,Pittsburgh Pirates
823372,2026-06-10,2026,Regular Season,30,4,bottom,660271,Shohei Ohtani,693304,Nick Gonzales,R,R,5,15542d24-0859-3830-9369-cd013a1fbad3,Four-Seam Fastball,FF,Called Strike,Called Strike,2,3,0,98.8,2542.0,-0.7224681921426753,2.227860800063655,3.051,1.54,,,,Strikeout,0,2,0,true,Los Angeles Dodgers,Pittsburgh Pirates
823372,2026-06-10,2026,Regular Season,31,4,bottom,660271,Shohei Ohtani,682848,Endy Rodríguez,R,L,1,6745ab0a-3aa6-34cf-9e70-f7b37b04eb6c,Curveball,CU,Ball,Ball,1,0,1,75.0,2629.0,-0.9625416760648415,3.8775717840932096,3.197,1.614,,,,,,,,,Los Angeles Dodgers,Pittsburgh Pirates
823372,2026-06-10,2026,Regular Season,31,4,bottom,660271,Shohei Ohtani,682848,Endy Rodríguez,R,L,2,b332143d-27fb-381f-b028-563d66140a35,Four-Seam Fastball,FF,Foul,Foul,1,1,1,97.4,2451.0,-0.34987786550230116,2.7804029915267257,3.197,1.614,,,,,,,,,Los Angeles Dodgers,Pittsburgh Pirates
823372,2026-06-10,2026,Regular Season,31,4,bottom,660271,Shohei Ohtani,682848,Endy Rodríguez,R,L,3,fad165ee-ce29-3434-8ba3-7b5c50a6b82d,Four-Seam Fastball,FF,"In play, out(s)","In play, out(s)",1,1,1,98.6,2525.0,0.6469305148802582,1.9680942784776623,3.197,1.614,,,,Groundout,0,2,0,true,Los Angeles Dodgers,Pittsburgh Pirates
823372,2026-06-10,2026,Regular Season,32,4,bottom,660271,Shohei Ohtani,682997,Tyler Callihan,R,L,1,09aac146-a2a3-3bb8-ba3b-7b16d6b0951e,Four-Seam Fastball,FF,"In play, run(s)","In play, run(s)",0,0,2,97.8,2523.0,0.261925441551203,2.316618014070773,3.168,1.599,,,,Home Run,1,2,1,false,Los Angeles Dodgers,Pittsburgh Pirates
823372,2026-06-10,2026,Regular Season,33,4,bottom,660271,Shohei Ohtani,663968,Jake Mangum,R,L,1,1e5bbdc5-2a7a-352a-ae66-6913d40870b6,Four-Seam Fastball,FF,Ball,Ball,1,0,2,98.6,2313.0,-0.9996589591692653,2.734501493867038,3.18,1.605,,,,,,,,,Los Angeles Dodgers,Pittsburgh Pirates
823372,2026-06-10,2026,Regular Season,33,4,bottom,660271,Shohei Ohtani,663968,Jake Mangum,R,L,2,5f91101a-0a55-33f1-9741-d10b996dc1d1,Four-Seam Fastball,FF,Foul,Foul,1,1,2,97.3,2478.0,1.306156494772763,1.398558066111706,3.18,1.605,,,,,,,,,Los Angeles Dodgers,Pittsburgh Pirates
823372,2026-06-10,2026,Regular Season,33,4,bottom,660271,Shohei Ohtani,663968,Jake Mangum,R,L,3,9b991a1c-5832-3818-8beb-84fb027bafd1,Sweeper,ST,Ball,Ball,2,1,2,86.2,2671.0,-0.15843335371298484,1.0030945025645106,3.18,1.605,,,,,,,,,Los Angeles Dodgers,Pittsburgh Pirates
823372,2026-06-10,2026,Regular Season,33,4,bottom,660271,Shohei Ohtani,663968,Jake Mangum,R,L,4,f16d480b-ae2a-3745-b585-037835ccde85,Sweeper,ST,"In play, no out","In play, no out",2,1,2,86.3,2640.0,-0.27923644661830177,2.295423148373573,3.18,1.605,,,,Double,0,2,1,false,Los Angeles Dodgers,Pittsburgh Pirates
823372,2026-06-10,2026,Regular Season,34,4,bottom,660271,Shohei Ohtani,669707,Jared Triolo,R,R,1,9fc45c29-52a0-3f3c-95da-58dd38dad3d5,Four-Seam Fastball,FF,Foul,Foul,0,1,2,100.0,2587.0,0.08375800461351711,2.9316868652722596,3.343,1.687,,663968,,,,,,,Los Angeles Dodgers,Pittsburgh Pirates
823372,2026-06-10,2026,Regular Season,34,4,bottom,660271,Shohei Ohtani,669707,Jared Triolo,R,R,2,a9da70d0-906a-3c9b-b864-5ed46489f69a,Four-Seam Fastball,FF,Called Strike,Called Strike,0,2,2,100.7,2551.0,0.14414812868100624,1.8764583815102638,3.343,1.687,,663968,,,,,,,Los Angeles Dodgers,Pittsburgh Pirates
823372,2026-06-10,2026,Regular Season,34,4,bottom,660271,Shohei Ohtani,669707,Jared Triolo,R,R,3,ea539c50-eaba-3c6a-ad46-3ba2858d9cf6,Sweeper,ST,Swinging Strike,Swinging Strike,0,3,2,88.5,2850.0,0.50457666917585,1.5207573042510065,3.343,1.687,,663968,,Strikeout,0,2,1,true,Los Angeles Dodgers,Pittsburgh Pirates
823372,2026-06-10,2026,Regular Season,38,5,bottom,660271,Shohei Ohtani,687462,Spencer Horwitz,R,L,1,f812244b-b410-3f48-8ee1-e3855ed06ccb,Sweeper,ST,Ball,Ball,1,0,0,85.3,2629.0,0.2822597707522208,1.7310824571555585,3.133,1.581,,,,,,,,,Los Angeles Dodgers,Pittsburgh Pirates
823372,2026-06-10,2026,Regular Season,38,5,bottom,660271,Shohei Ohtani,687462,Spencer Horwitz,R,L,2,eac63553-09d9-3da2-a914-d84c69569140,Sweeper,ST,Called Strike,Called Strike,1,1,0,85.4,2624.0,-0.057728271392187065,2.503414013626873,3.133,1.581,,,,,,,,,Los Angeles Dodgers,Pittsburgh Pirates
823372,2026-06-10,2026,Regular Season,38,5,bottom,660271,Shohei Ohtani,687462,Spencer Horwitz,R,L,3,be76f74b-a8d8-3a34-8716-1d26ba25b369,Sweeper,ST,Called Strike,Called Strike,1,2,0,85.7,2756.0,0.3311703769955765,2.629842230522667,3.133,1.581,,,,,,,,,Los Angeles Dodgers,Pittsburgh Pirates
823372,2026-06-10,2026,Regular Season,38,5,bottom,660271,Shohei Ohtani,687462,Spencer Horwitz,R,L,4,6df53b6b-bff0-3924-9ac2-7ac2ba9b4de7,Four-Seam Fastball,FF,Ball,Ball,2,2,0,99.7,2477.0,-1.3896343794585246,3.447258157584251,3.133,1.581,,,,,,,,,Los Angeles Dodgers,Pittsburgh Pirates
823372,2026-06-10,2026,Regular Season,38,5,bottom,660271,Shohei Ohtani,687462,Spencer Horwitz,R,L,5,08dada0f-238c-3557-97b6-5fc9cc3bdb3a,Four-Seam Fastball,FF,Foul,Foul,2,2,0,99.8,2437.0,-0.8748922091403508,3.0859011466344985,3.133,1.581,,,,,,,,,Los Angeles Dodgers,Pittsburgh Pirates
823372,2026-06-10,2026,Regular Season,38,5,bottom,660271,Shohei Ohtani,687462,Spencer Horwitz,R,L,6,781c7f0a-13a3-38b4-bb43-fe60d258705c,Sweeper,ST,"In play, out(s)","In play, out(s)",2,2,0,88.5,2771.0,-0.7666491942512151,2.85938850843525,3.133,1.581,,,,Groundout,0,2,1,true,Los Angeles Dodgers,Pittsburgh Pirates
823372,2026-06-10,2026,Regular Season,39,5,bottom,660271,Shohei Ohtani,664040,Brandon Lowe,R,L,1,1429b4a8-c8c9-31b6-8a7c-959469174082,Four-Seam Fastball,FF,Ball,Ball,1,0,1,99.5,2430.0,-0.9673286514941676,2.3136251475073104,3.088,1.559,,,,,,,,,Los Angeles Dodgers,Pittsburgh Pirates
823372,2026-06-10,2026,Regular Season,39,5,bottom,660271,Shohei Ohtani,664040,Brandon Lowe,R,L,2,fef07aa6-67cc-3d30-91e1-e2cdf2453a9b,Four-Seam Fastball,FF,Swinging Strike,Swinging Strike,1,1,1,98.9,2502.0,-0.12943825050705268,3.1907595352321425,3.088,1.559,,,,,,,,,Los Angeles Dodgers,Pittsburgh Pirates
823372,2026-06-10,2026,Regular Season,39,5,bottom,660271,Shohei Ohtani,664040,Brandon Lowe,R,L,3,0d5eb00c-8e35-384a-991f-46d9340ec4dc,Four-Seam Fastball,FF,"In play, out(s)","In play, out(s)",1,1,1,98.9,2533.0,0.07310510467197136,2.067793241965976,3.088,1.559,,,,Groundout,0,2,1,true,Los Angeles Dodgers,Pittsburgh Pirates
823372,2026-06-10,2026,Regular Season,40,5,bottom,660271,Shohei Ohtani,668804,Bryan Reynolds,R,L,1,0781573e-5082-31c7-884f-fa1f0b6a28ea,Splitter,FS,"In play, out(s)","In play, out(s)",0,0,2,87.9,1589.0,-0.5513351671660552,2.5270371834846665,3.284,1.657,,,,Lineout,0,2,1,true,Los Angeles Dodgers,Pittsburgh Pirates
823372,2026-06-10,2026,Regular Season,48,6,bottom,660271,Shohei Ohtani,656811,Ryan O'Hearn,R,L,1,2038f2e4-d634-39cf-9cc4-9e4efc5d39eb,Four-Seam Fastball,FF,Ball,Ball,1,0,0,97.8,2373.0,-2.82360546098478,4.721372978733536,3.289,1.66,,,,,,,,,Los Angeles Dodgers,Pittsburgh Pirates
823372,2026-06-10,2026,Regular Season,48,6,bottom,660271,Shohei Ohtani,656811,Ryan O'Hearn,R,L,2,ce7b6a56-9fda-399d-ac31-7e7dd1a5ba2a,Four-Seam Fastball,FF,"In play, no out","In play, no out",1,0,0,97.9,2377.0,-0.38758554193307077,2.684039583103268,3.289,1.66,,,,Single,0,6,1,false,Los Angeles Dodgers,Pittsburgh Pirates
823372,2026-06-10,2026,Regular Season,49,6,bottom,660271,Shohei Ohtani,693304,Nick Gonzales,R,R,1,f437171f-fc74-3177-963c-30549ecbf9ec,Sweeper,ST,Ball,Ball,1,0,0,81.8,2582.0,-1.5487511799528926,2.6962328313737,3.051,1.54,656811,,,,,,,,Los Angeles Dodgers,Pittsburgh Pirates
823372,2026-06-10,2026,Regular Season,49,6,bottom,660271,Shohei Ohtani,693304,Nick Gonzales,R,R,2,377d2a1d-21e8-36a9-9a0e-d134fb54515c,Sweeper,ST,"In play, out(s)","In play, out(s)",1,0,0,83.5,2620.0,0.3857619570254373,1.8690143886319934,3.051,1.54,656811,,,Forceout,0,6,1,true,Los Angeles Dodgers,Pittsburgh Pirates
823372,2026-06-10,2026,Regular Season,50,6,bottom,660271,Shohei Ohtani,682848,Endy Rodríguez,R,L,1,aef53e95-6ad8-3d13-a43e-34195bf2a607,Sweeper,ST,Ball,Ball,1,0,1,82.3,2501.0,0.05875832351493703,1.5094352362767796,3.197,1.614,693304,,,,,,,,Los Angeles Dodgers,Pittsburgh Pirates
823372,2026-06-10,2026,Regular Season,50,6,bottom,660271,Shohei Ohtani,682848,Endy Rodríguez,R,L,2,760159eb-04ec-33bf-8eec-f13537acc897,Sweeper,ST,Called Strike,Called Strike,1,1,1,82.3,2473.0,-0.3763923967392997,2.1896180464711352,3.197,1.614,693304,,,,,,,,Los Angeles Dodgers,Pittsburgh Pirates
823372,2026-06-10,2026,Regular Season,50,6,bottom,660271,Shohei Ohtani,682848,Endy Rodríguez,R,L,3,1fbf4064-9ddd-301a-9dce-071e9510c75e,Sweeper,ST,Swinging Strike (Blocked),Swinging Strike (Blocked),1,2,1,86.5,2607.0,1.549558934052273,0.7304853509942677,3.197,1.614,693304,,,,,,,,Los Angeles Dodgers,Pittsburgh Pirates
823372,2026-06-10,2026,Regular Season,50,6,bottom,660271,Shohei Ohtani,682848,Endy Rodríguez,R,L,4,364d4e0a-be76-3e09-93d5-10a4cb69f84e,Four-Seam Fastball,FF,"In play, out(s)","In play, out(s)",1,2,1,97.5,2378.0,-0.6257995941371182,2.9299075271846626,3.197,1.614,693304,,,Grounded Into DP,0,6,1,true,Los Angeles Dodgers,Pittsburgh Pirates
823372,2026-06-10,2026,Regular Season,55,7,bottom,660271,Shohei Ohtani,682997,Tyler Callihan,R,L,1,cced718d-2e97-3e49-b0e5-af8e64973d5a,Sweeper,ST,Ball,Ball,1,0,0,85.8,2709.0,1.3779632236699424,1.667741246618383,3.168,1.599,,,,,,,,,Los Angeles Dodgers,Pittsburgh Pirates
823372,2026-06-10,2026,Regular Season,55,7,bottom,660271,Shohei Ohtani,682997,Tyler Callihan,R,L,2,0ce46c33-3610-30c1-9cac-a0d48327f3d6,Four-Seam Fastball,FF,Ball,Ball,2,0,0,98.4,2566.0,-0.22059580655126054,1.5697494390855173,3.168,1.599,,,,,,,,,Los Angeles Dodgers,Pittsburgh Pirates
823372,2026-06-10,2026,Regular Season,55,7,bottom,660271,Shohei Ohtani,682997,Tyler Callihan,R,L,3,2d5d7c59-adb5-32f8-addf-618b2d853d5c,Sweeper,ST,Called Strike,Called Strike,2,1,0,83.5,2723.0,-0.3556060107183509,3.114744871969078,3.168,1.599,,,,,,,,,Los Angeles Dodgers,Pittsburgh Pirates
823372,2026-06-10,2026,Regular Season,55,7,bottom,660271,Shohei Ohtani,682997,Tyler Callihan,R,L,4,98a034d0-95c3-3a11-9cf6-534f0d47cf96,Sweeper,ST,Foul,Foul,2,2,0,85.8,2654.0,0.212787778816987,2.187426882257778,3.168,1.599,,,,,,,,,Los Angeles Dodgers,Pittsburgh Pirates
823372,2026-06-10,2026,Regular Season,55,7,bottom,660271,Shohei Ohtani,682997,Tyler Callihan,R,L,5,a4691a23-ce76-3d3e-aaad-5503452c64bd,Curveball,CU,Ball,Ball,3,2,0,77.5,2722.0,-1.2418190984854949,2.747145057590956,3.168,1.599,,,,,,,,,Los Angeles Dodgers,Pittsburgh Pirates
823372,2026-06-10,2026,Regular Season,55,7,bottom,660271,Shohei Ohtani,682997,Tyler Callihan,R,L,6,3891022c-89d9-365b-b655-3b30ad0d2f83,Four-Seam Fastball,FF,Foul,Foul,3,2,0,98.1,2495.0,0.3744737871912016,2.529256616790341,3.168,1.599,,,,,,,,,Los Angeles Dodgers,Pittsburgh Pirates
823372,2026-06-10,2026,Regular Season,55,7,bottom,660271,Shohei Ohtani,682997,Tyler Callihan,R,L,7,6dc1d828-1734-3656-a1b3-cabcc9247ab0,Sweeper,ST,Foul,Foul,3,2,0,87.0,2685.0,-0.5981923800559913,2.548599140789987,3.168,1.599,,,,,,,,,Los Angeles Dodgers,Pittsburgh Pirates
823372,2026-06-10,2026,Regular Season,55,7,bottom,660271,Shohei Ohtani,682997,Tyler Callihan,R,L,8,5ba366af-7df9-3727-af72-56ae061ff2f7,Curveball,CU,Ball,Ball,4,2,0,76.5,2655.0,-1.2424402719972405,4.643283538776789,3.168,1.599,,,,Walk,0,6,1,false,Los Angeles Dodgers,Pittsburgh Pirates
823372,2026-06-10,2026,Regular Season,56,7,bottom,660271,Shohei Ohtani,663968,Jake Mangum,R,L,1,44ebf946-d2dc-341f-a659-599f64d4ee32,Four-Seam Fastball,FF,Foul,Foul,0,1,0,98.2,2407.0,-0.2576383404479367,2.9110599275408373,3.18,1.605,682997,,,,,,,,Los Angeles Dodgers,Pittsburgh Pirates
823372,2026-06-10,2026,Regular Season,56,7,bottom,660271,Shohei Ohtani,663968,Jake Mangum,R,L,2,efaedec8-eee0-3445-8ab2-d41a6242eea6,Curveball,CU,"In play, no out","In play, no out",0,1,0,74.2,2620.0,0.23116229549241585,2.312193173869769,3.18,1.605,682997,,,Single,0,6,1,false,Los Angeles Dodgers,Pittsburgh Pirates
823372,2026-06-10,2026,Regular Season,57,7,bottom,660271,Shohei Ohtani,669707,Jared Triolo,R,R,1,8d27c4d4-8adc-31eb-94ae-7da72db396a0,Sweeper,ST,Called Strike,Called Strike,0,1,0,84.5,2718.0,-0.30310814241004863,2.043757000661062,3.343,1.687,663968,682997,,,,,,,Los Angeles Dodgers,Pittsburgh Pirates
823372,2026-06-10,2026,Regular Season,57,7,bottom,660271,Shohei Ohtani,669707,Jared Triolo,R,R,2,95b741e6-629f-3dc4-9dcb-a4d6e0eb873e,Sweeper,ST,Swinging Strike,Swinging Strike,0,2,0,85.3,2901.0,1.440386273299077,1.498999778182275,3.343,1.687,663968,682997,,,,,,,Los Angeles Dodgers,Pittsburgh Pirates
823372,2026-06-10,2026,Regular Season,57,7,bottom,660271,Shohei Ohtani,669707,Jared Triolo,R,R,3,871489e4-2467-35d0-b3f2-6dbcc1013ab1,Sweeper,ST,Called Strike,Called Strike,0,3,0,86.4,2902.0,0.5826354315283522,2.0676243084330825,3.343,1.687,663968,682997,,Strikeout,0,6,1,true,Los Angeles Dodgers,Pittsburgh Pirates
823372,2026-06-10,2026,Regular Season,58,7,bottom,660271,Shohei Ohtani,687462,Spencer Horwitz,R,L,1,c054dbab-410e-3ab4-b3cf-75c2fbacbfe3,Splitter,FS,Ball,Ball,1,0,1,88.3,1144.0,-0.8509681361628011,2.124382199029371,3.133,1.581,663968,682997,,,,,,,Los Angeles Dodgers,Pittsburgh Pirates
823372,2026-06-10,2026,Regular Season,58,7,bottom,660271,Shohei Ohtani,687462,Spencer Horwitz,R,L,2,a4195f22-71cd-39d8-ac96-2ac58917e44d,Four-Seam Fastball,FF,Foul,Foul,1,1,1,99.5,2447.0,-0.4113984942950759,2.344234685643729,3.133,1.581,663968,682997,,,,,,,Los Angeles Dodgers,Pittsburgh Pirates
823372,2026-06-10,2026,Regular Season,58,7,bottom,660271,Shohei Ohtani,687462,Spencer Horwitz,R,L,3,e9c2c5d7-b84f-3a11-a552-37b93c1873c9,Sweeper,ST,Swinging Strike,Swinging Strike,1,2,1,86.2,2742.0,1.02703198595112,1.4952997342455472,3.133,1.581,663968,682997,,,,,,,Los Angeles Dodgers,Pittsburgh Pirates
823372,2026-06-10,2026,Regular Season,58,7,bottom,660271,Shohei Ohtani,687462,Spencer Horwitz,R,L,4,ebb6118a-baf9-32c1-8229-54bc391128b6,Sweeper,ST,Called Strike,Called Strike,1,3,1,86.3,2778.0,-0.48820207808818056,1.7072930735560239,3.133,1.581,663968,682997,,Strikeout,0,6,1,true,Los Angeles Dodgers,Pittsburgh Pirates
823372,2026-06-10,2026,Regular Season,59,7,bottom,660271,Shohei Ohtani,664040,Brandon Lowe,R,L,1,c3638b08-83d8-3c05-9d18-6fc6f67e254a,Four-Seam Fastball,FF,Ball,Ball,1,0,2,98.7,2438.0,-0.8259716393925484,2.3266087903808543,3.088,1.559,663968,682997,,,,,,,Los Angeles Dodgers,Pittsburgh Pirates
823372,2026-06-10,2026,Regular Season,59,7,bottom,660271,Shohei Ohtani,664040,Brandon Lowe,R,L,2,d16dfcb0-3f79-3913-ba36-2cdcb74177df,Sweeper,ST,Ball In Dirt,Ball In Dirt,2,0,2,84.2,2733.0,-1.3145071745279846,0.9993346322740166,3.088,1.559,663968,682997,,,,,,,Los Angeles Dodgers,Pittsburgh Pirates
823372,2026-06-10,2026,Regular Season,59,7,bottom,660271,Shohei Ohtani,664040,Brandon Lowe,R,L,3,dbbb43cd-5419-3d58-b3b3-c663a5c49f16,Four-Seam Fastball,FF,Ball,Ball,3,0,2,98.5,2436.0,-0.6544101994266504,1.5334358979434413,3.088,1.559,663968,682997,,,,,,,Los Angeles Dodgers,Pittsburgh Pirates
823372,2026-06-10,2026,Regular Season,59,7,bottom,660271,Shohei Ohtani,664040,Brandon Lowe,R,L,4,a7659ec4-073f-3d00-af8a-3528f2dd4d84,Four-Seam Fastball,FF,"In play, run(s)","In play, run(s)",3,0,2,96.8,2381.0,-0.37602619167478124,2.1364459817432024,3.088,1.559,663968,682997,,Double,2,6,3,false,Los Angeles Dodgers,Pittsburgh Pirates
823940,2026-06-17,2026,Regular Season,1,1,top,660271,Shohei Ohtani,650490,Yandy Díaz,R,R,1,67dce799-a1bf-351e-a3b0-16b9c5326e2c,Sweeper,ST,Ball,Ball,1,0,0,84.0,2596.0,1.8903107796131442,0.9144513061123469,3.228,1.629,,,,,,,,,Tampa Bay Rays,Los Angeles Dodgers
823940,2026-06-17,2026,Regular Season,1,1,top,660271,Shohei Ohtani,650490,Yandy Díaz,R,R,2,c42ef317-d068-39bc-a007-357caef39877,Sinker,SI,Foul,Foul,1,1,0,94.8,2158.0,0.42444941856584445,3.0473394318149283,3.228,1.629,,,,,,,,,Tampa Bay Rays,Los Angeles Dodgers
823940,2026-06-17,2026,Regular Season,1,1,top,660271,Shohei Ohtani,650490,Yandy Díaz,R,R,3,b462859b-e7d7-34e1-85fd-896af34c47f4,Four-Seam Fastball,FF,Called Strike,Called Strike,1,2,0,97.6,2423.0,0.42771431803890086,2.6523716181544863,3.228,1.629,,,,,,,,,Tampa Bay Rays,Los Angeles Dodgers
823940,2026-06-17,2026,Regular Season,1,1,top,660271,Shohei Ohtani,650490,Yandy Díaz,R,R,4,cc3540fe-4961-362b-ba21-6a100db6930e,Four-Seam Fastball,FF,Foul,Foul,1,2,0,98.5,2472.0,-0.6251485688347944,3.0586902853324953,3.228,1.629,,,,,,,,,Tampa Bay Rays,Los Angeles Dodgers
823940,2026-06-17,2026,Regular Season,1,1,top,660271,Shohei Ohtani,650490,Yandy Díaz,R,R,5,9cfe6201-d80a-3b6c-83a7-3243cf568476,Slider,SL,Foul,Foul,1,2,0,89.4,2610.0,-0.2806491327562392,2.1171179038409127,3.228,1.629,,,,,,,,,Tampa Bay Rays,Los Angeles Dodgers
823940,2026-06-17,2026,Regular Season,1,1,top,660271,Shohei Ohtani,650490,Yandy Díaz,R,R,6,26ba9e62-0add-3486-a46c-e76af6d8dfe4,Four-Seam Fastball,FF,Swinging Strike,Swinging Strike,1,3,0,98.4,2512.0,0.2547401510446884,2.864334083307183,3.228,1.629,,,,Strikeout,0,0,0,true,Tampa Bay Rays,Los Angeles Dodgers
823940,2026-06-17,2026,Regular Season,2,1,top,660271,Shohei Ohtani,666018,Jonathan Aranda,R,L,1,312010ff-a14f-3484-a225-1701681ce10c,Four-Seam Fastball,FF,Ball,Ball,1,0,1,97.9,2386.0,-1.1145149814765651,2.749734386058655,3.189,1.61,,,,,,,,,Tampa Bay Rays,Los Angeles Dodgers
823940,2026-06-17,2026,Regular Season,2,1,top,660271,Shohei Ohtani,666018,Jonathan Aranda,R,L,2,36340c99-b721-365d-90da-ee1a1845e1b8,Four-Seam Fastball,FF,Swinging Strike,Swinging Strike,1,1,1,99.0,2428.0,-0.7161562926115302,2.862782282877752,3.189,1.61,,,,,,,,,Tampa Bay Rays,Los Angeles Dodgers
823940,2026-06-17,2026,Regular Season,2,1,top,660271,Shohei Ohtani,666018,Jonathan Aranda,R,L,3,0a03bb40-58f5-38bd-b14d-89439683f207,Splitter,FS,"In play, out(s)","In play, out(s)",1,1,1,90.5,1645.0,-0.19720219231024838,2.2670852112492654,3.189,1.61,,,,Groundout,0,0,0,true,Tampa Bay Rays,Los Angeles Dodgers
823940,2026-06-17,2026,Regular Season,3,1,top,660271,Shohei Ohtani,656775,Cedric Mullins,R,L,1,25e0a259-355a-37ba-9640-88f0988e966a,Curveball,CU,Called Strike,Called Strike,0,1,2,77.7,2694.0,-0.6862663820950485,2.3644369561338854,3.005,1.517,,,,,,,,,Tampa Bay Rays,Los Angeles Dodgers
823940,2026-06-17,2026,Regular Season,3,1,top,660271,Shohei Ohtani,656775,Cedric Mullins,R,L,2,72726be2-4c7d-3cb0-8319-fa3cbb9f94db,Four-Seam Fastball,FF,Foul,Foul,0,2,2,97.8,2444.0,-0.24971720956073623,3.1751853522056965,3.005,1.517,,,,,,,,,Tampa Bay Rays,Los Angeles Dodgers
823940,2026-06-17,2026,Regular Season,3,1,top,660271,Shohei Ohtani,656775,Cedric Mullins,R,L,3,09d90427-eb8f-3152-9eac-82d6d1a37438,Slider,SL,Foul,Foul,0,2,2,90.8,2590.0,0.24611190574020234,1.5161247084794323,3.005,1.517,,,,,,,,,Tampa Bay Rays,Los Angeles Dodgers
823940,2026-06-17,2026,Regular Season,3,1,top,660271,Shohei Ohtani,656775,Cedric Mullins,R,L,4,e203dc4b-cf98-36ba-b81c-f6a8c417e19b,Four-Seam Fastball,FF,"In play, out(s)","In play, out(s)",0,2,2,99.0,2507.0,-0.3121106699109497,2.3958058394816764,3.005,1.517,,,,Lineout,0,0,0,true,Tampa Bay Rays,Los Angeles Dodgers
823940,2026-06-17,2026,Regular Season,7,2,top,660271,Shohei Ohtani,691406,Junior Caminero,R,R,1,0d2446aa-114c-3045-8a9d-1d9203387fb4,Curveball,CU,Called Strike,Called Strike,0,1,0,75.8,2648.0,-0.9092679831606814,3.2672659758101186,3.244,1.637,,,,,,,,,Tampa Bay Rays,Los Angeles Dodgers
823940,2026-06-17,2026,Regular Season,7,2,top,660271,Shohei Ohtani,691406,Junior Caminero,R,R,2,5a05431e-df10-3e4c-add5-2c3f364529ab,Four-Seam Fastball,FF,Ball,Ball,1,1,0,98.0,2438.0,1.6623274732498616,2.0356927623278414,3.244,1.637,,,,,,,,,Tampa Bay Rays,Los Angeles Dodgers
823940,2026-06-17,2026,Regular Season,7,2,top,660271,Shohei Ohtani,691406,Junior Caminero,R,R,3,1cf069b7-0e7f-3ce3-bc85-cbd635b7f3a4,Sweeper,ST,"In play, no out","In play, no out",1,1,0,84.1,2554.0,-0.6460232388939232,2.409709486356149,3.244,1.637,,,,Single,0,0,0,false,Tampa Bay Rays,Los Angeles Dodgers
823940,2026-06-17,2026,Regular Season,8,2,top,660271,Shohei Ohtani,680700,Richie Palacios,R,L,1,8b5e9b2a-8cfe-3a5a-87e5-435d8bfc37d1,Four-Seam Fastball,FF,Ball,Ball,1,0,0,97.5,2307.0,0.19544328922700346,1.5889358508864386,3.04,1.534,691406,,,,,,,,Tampa Bay Rays,Los Angeles Dodgers
823940,2026-06-17,2026,Regular Season,8,2,top,660271,Shohei Ohtani,680700,Richie Palacios,R,L,2,f94f7ccb-87f6-31d7-ad70-c45794d423fe,Four-Seam Fastball,FF,"In play, out(s)","In play, out(s)",1,0,0,98.1,2458.0,0.8800741058192634,2.3808927061373493,3.04,1.534,691406,,,Pop Out,0,0,0,true,Tampa Bay Rays,Los Angeles Dodgers
823940,2026-06-17,2026,Regular Season,9,2,top,660271,Shohei Ohtani,802415,Chandler Simpson,R,L,1,d2d14aac-e90e-3ad9-8f93-69dea36834c5,Four-Seam Fastball,FF,Ball,Ball,1,0,1,98.3,2380.0,1.021348846419756,1.870034913937483,3.178,1.604,691406,,,,,,,,Tampa Bay Rays,Los Angeles Dodgers
823940,2026-06-17,2026,Regular Season,9,2,top,660271,Shohei Ohtani,802415,Chandler Simpson,R,L,2,58fa8780-3872-3db0-8583-99591b980db9,Curveball,CU,Foul,Foul,1,1,1,76.4,2639.0,-0.07045780479253126,2.057414346932657,3.178,1.604,691406,,,,,,,,Tampa Bay Rays,Los Angeles Dodgers
823940,2026-06-17,2026,Regular Season,9,2,top,660271,Shohei Ohtani,802415,Chandler Simpson,R,L,3,737b67e3-f48e-3b9b-b517-a4810be0398e,Four-Seam Fastball,FF,Foul,Foul,1,2,1,98.8,2490.0,-0.026065442073117295,2.875756849761119,3.178,1.604,691406,,,,,,,,Tampa Bay Rays,Los Angeles Dodgers
823940,2026-06-17,2026,Regular Season,9,2,top,660271,Shohei Ohtani,802415,Chandler Simpson,R,L,4,21f1a6b6-0a60-31b9-9e9d-880879725972,Splitter,FS,"In play, out(s)","In play, out(s)",1,2,1,92.2,1607.0,-0.6381376459345122,2.252481785314692,3.178,1.604,691406,,,Flyout,0,0,0,true,Tampa Bay Rays,Los Angeles Dodgers
823940,2026-06-17,2026,Regular Season,10,2,top,660271,Shohei Ohtani,683748,Victor Mesa Jr.,R,L,1,5df0a855-c267-3bb5-83e3-4d0e8acef463,Four-Seam Fastball,FF,Called Strike,Called Strike,0,1,2,98.1,2609.0,0.45813691026823294,1.9893126526931735,3.158,1.594,691406,,,,,,,,Tampa Bay Rays,Los Angeles Dodgers
823940,2026-06-17,2026,Regular Season,10,2,top,660271,Shohei Ohtani,683748,Victor Mesa Jr.,R,L,2,4bc5b464-631e-3515-a1d4-fe298886dc91,Curveball,CU,"In play, out(s)","In play, out(s)",0,1,2,75.8,2798.0,0.41108593090758094,2.1641120181747753,3.158,1.594,691406,,,Pop Out,0,0,0,true,Tampa Bay Rays,Los Angeles Dodgers
823940,2026-06-17,2026,Regular Season,16,3,top,660271,Shohei Ohtani,676439,Hunter Feduccia,R,L,1,b88098d1-f849-3928-a19a-2ba54ab5b930,Four-Seam Fastball,FF,Foul,Foul,0,1,0,97.4,2386.0,-0.4187428387925853,2.710702317916352,3.262,1.646,,,,,,,,,Tampa Bay Rays,Los Angeles Dodgers
823940,2026-06-17,2026,Regular Season,16,3,top,660271,Shohei Ohtani,676439,Hunter Feduccia,R,L,2,bf29a71b-422a-35d7-89c2-92180d8bd4e2,Splitter,FS,Ball,Ball,1,1,0,90.0,1727.0,-1.574860619385126,2.621656619686273,3.262,1.646,,,,,,,,,Tampa Bay Rays,Los Angeles Dodgers
823940,2026-06-17,2026,Regular Season,16,3,top,660271,Shohei Ohtani,676439,Hunter Feduccia,R,L,3,f04b2c45-f881-3d8b-9f0a-491208a09230,Four-Seam Fastball,FF,Foul,Foul,1,2,0,98.5,2331.0,0.07964412751809284,3.1422474122854354,3.262,1.646,,,,,,,,,Tampa Bay Rays,Los Angeles Dodgers
823940,2026-06-17,2026,Regular Season,16,3,top,660271,Shohei Ohtani,676439,Hunter Feduccia,R,L,4,51e970a0-b335-3468-b82c-97eea5c37ac8,Sweeper,ST,Swinging Strike,Swinging Strike,1,3,0,87.9,2608.0,-0.11007673524820416,1.3360640419898915,3.262,1.646,,,,Strikeout,0,0,0,true,Tampa Bay Rays,Los Angeles Dodgers
823940,2026-06-17,2026,Regular Season,17,3,top,660271,Shohei Ohtani,670764,Taylor Walls,R,L,1,6301b844-0845-3e7d-a0b3-8becd546b4c8,Four-Seam Fastball,FF,"In play, out(s)","In play, out(s)",0,0,1,98.8,2486.0,-0.7445206563172342,2.790282152327986,3.056,1.542,,,,Flyout,0,0,0,true,Tampa Bay Rays,Los Angeles Dodgers
823940,2026-06-17,2026,Regular Season,18,3,top,660271,Shohei Ohtani,650490,Yandy Díaz,R,R,1,f81c1c6a-f81b-39c5-a92e-1b2f3cec5c04,Four-Seam Fastball,FF,Ball,Ball,1,0,2,98.9,2493.0,1.1400469637772743,2.5059455705106646,3.228,1.629,,,,,,,,,Tampa Bay Rays,Los Angeles Dodgers
823940,2026-06-17,2026,Regular Season,18,3,top,660271,Shohei Ohtani,650490,Yandy Díaz,R,R,2,14d811e9-28a3-3345-afec-c29b533e3ddf,Four-Seam Fastball,FF,Foul,Foul,1,1,2,98.0,2329.0,-0.44747374325286804,2.8254071808014256,3.228,1.629,,,,,,,,,Tampa Bay Rays,Los Angeles Dodgers
823940,2026-06-17,2026,Regular Season,18,3,top,660271,Shohei Ohtani,650490,Yandy Díaz,R,R,3,756c50f2-3435-32a0-ae33-be324dbed9dd,Curveball,CU,Hit By Pitch,Hit By Pitch,2,1,2,76.7,2600.0,-2.3020125467618087,4.94531984183512,3.228,1.629,,,,Hit By Pitch,0,0,0,false,Tampa Bay Rays,Los Angeles Dodgers
823940,2026-06-17,2026,Regular Season,19,3,top,660271,Shohei Ohtani,666018,Jonathan Aranda,R,L,1,26def7ba-37e9-3a3c-bb59-05298747bbe5,Curveball,CU,Called Strike,Called Strike,0,1,2,75.8,2635.0,-0.12269177757604563,2.819300697664061,3.189,1.61,650490,,,,,,,,Tampa Bay Rays,Los Angeles Dodgers
823940,2026-06-17,2026,Regular Season,19,3,top,660271,Shohei Ohtani,666018,Jonathan Aranda,R,L,2,4c8af698-1130-3748-a962-3707b66ad692,Four-Seam Fastball,FF,Foul,Foul,0,2,2,98.9,2455.0,0.4598732330396727,2.365887623243177,3.189,1.61,650490,,,,,,,,Tampa Bay Rays,Los Angeles Dodgers
823940,2026-06-17,2026,Regular Season,19,3,top,660271,Shohei Ohtani,666018,Jonathan Aranda,R,L,3,5167edf9-abca-3e20-bf3d-f507eb676408,Sweeper,ST,"In play, no out","In play, no out",0,2,2,85.6,2721.0,-0.020340369070661397,1.9928428618042962,3.189,1.61,650490,,,Single,0,0,0,false,Tampa Bay Rays,Los Angeles Dodgers
823940,2026-06-17,2026,Regular Season,20,3,top,660271,Shohei Ohtani,656775,Cedric Mullins,R,L,1,08d5c5df-7599-3f76-9dc3-9531341adf0c,Splitter,FS,Ball,Ball,1,0,2,90.3,1371.0,-1.8242680289866033,2.854119430239705,3.005,1.517,666018,650490,,,,,,,Tampa Bay Rays,Los Angeles Dodgers
823940,2026-06-17,2026,Regular Season,20,3,top,660271,Shohei Ohtani,656775,Cedric Mullins,R,L,2,fc5acfc2-aa85-39bc-82e8-78df8be1f132,Four-Seam Fastball,FF,Foul,Foul,1,1,2,99.4,2346.0,0.290612688768738,2.1659341699697086,3.005,1.517,666018,650490,,,,,,,Tampa Bay Rays,Los Angeles Dodgers
823940,2026-06-17,2026,Regular Season,20,3,top,660271,Shohei Ohtani,656775,Cedric Mullins,R,L,3,6a96bfa6-4da9-35c8-97ba-388fd5d13554,Four-Seam Fastball,FF,"In play, out(s)","In play, out(s)",1,1,2,100.3,2463.0,0.32175012218951343,2.7315037360531096,3.005,1.517,666018,650490,,Groundout,0,0,0,true,Tampa Bay Rays,Los Angeles Dodgers
823940,2026-06-17,2026,Regular Season,25,4,top,660271,Shohei Ohtani,691406,Junior Caminero,R,R,1,eb82dee0-028c-337a-a2ff-7c336fa33338,Four-Seam Fastball,FF,Ball,Ball,1,0,0,97.1,2459.0,0.8404628232291159,3.90977068735434,3.244,1.637,,,,,,,,,Tampa Bay Rays,Los Angeles Dodgers
823940,2026-06-17,2026,Regular Season,25,4,top,660271,Shohei Ohtani,691406,Junior Caminero,R,R,2,97772ba0-4968-3705-98c6-3117e15d1f89,Four-Seam Fastball,FF,Swinging Strike,Swinging Strike,1,1,0,97.8,2359.0,0.1789747782036752,2.4636108290980485,3.244,1.637,,,,,,,,,Tampa Bay Rays,Los Angeles Dodgers
823940,2026-06-17,2026,Regular Season,25,4,top,660271,Shohei Ohtani,691406,Junior Caminero,R,R,3,c1d1a4e1-24b8-3c5a-bf04-5553252f2afa,Curveball,CU,Swinging Strike,Swinging Strike,1,2,0,76.3,2621.0,-0.33699245454899546,3.357693084338673,3.244,1.637,,,,,,,,,Tampa Bay Rays,Los Angeles Dodgers
823940,2026-06-17,2026,Regular Season,25,4,top,660271,Shohei Ohtani,691406,Junior Caminero,R,R,4,71ca9564-2118-3cea-b223-9c99531a8315,Splitter,FS,Ball,Ball,2,2,0,91.3,1816.0,0.29160083382865726,0.44657302039014685,3.244,1.637,,,,,,,,,Tampa Bay Rays,Los Angeles Dodgers
823940,2026-06-17,2026,Regular Season,25,4,top,660271,Shohei Ohtani,691406,Junior Caminero,R,R,5,9f7cb06b-1ec3-3f74-9ac4-deb3c580bab8,Curveball,CU,Swinging Strike,Swinging Strike,2,3,0,78.6,2697.0,-0.8594930724636101,1.7955756637542135,3.244,1.637,,,,Strikeout,0,0,0,true,Tampa Bay Rays,Los Angeles Dodgers
823940,2026-06-17,2026,Regular Season,26,4,top,660271,Shohei Ohtani,680700,Richie Palacios,R,L,1,7cb83012-0801-36bd-a043-4cfca3d44c57,Four-Seam Fastball,FF,Called Strike,Called Strike,0,1,1,96.7,2369.0,-0.13564764201461846,1.6591658997249519,3.04,1.534,,,,,,,,,Tampa Bay Rays,Los Angeles Dodgers
823940,2026-06-17,2026,Regular Season,26,4,top,660271,Shohei Ohtani,680700,Richie Palacios,R,L,2,e06e8728-1f34-3e75-8fe0-42413c845e2d,Slider,SL,Ball,Ball,1,1,1,87.7,2566.0,1.5181579582507354,-0.9269711886826576,3.04,1.534,,,,,,,,,Tampa Bay Rays,Los Angeles Dodgers
823940,2026-06-17,2026,Regular Season,26,4,top,660271,Shohei Ohtani,680700,Richie Palacios,R,L,3,02d2e784-5faf-32a2-8d9a-704a42a7ebd9,Four-Seam Fastball,FF,Foul,Foul,1,2,1,98.4,2390.0,0.5242237376931851,3.234635572044123,3.04,1.534,,,,,,,,,Tampa Bay Rays,Los Angeles Dodgers
823940,2026-06-17,2026,Regular Season,26,4,top,660271,Shohei Ohtani,680700,Richie Palacios,R,L,4,e103034c-c529-3b8d-bad3-603febf1d0f7,Curveball,CU,Swinging Strike (Blocked),Swinging Strike (Blocked),1,3,1,78.3,2699.0,0.595945574422714,0.9566125717618154,3.04,1.534,,,,Strikeout,0,0,0,true,Tampa Bay Rays,Los Angeles Dodgers
823940,2026-06-17,2026,Regular Season,27,4,top,660271,Shohei Ohtani,802415,Chandler Simpson,R,L,1,c9a8b253-3d01-3aec-b3ef-5a0b8e202f5a,Four-Seam Fastball,FF,Foul,Foul,0,1,2,98.5,2450.0,0.6679471158225855,2.4175414815578242,3.178,1.604,,,,,,,,,Tampa Bay Rays,Los Angeles Dodgers
823940,2026-06-17,2026,Regular Season,27,4,top,660271,Shohei Ohtani,802415,Chandler Simpson,R,L,2,c0be8f51-c551-3151-b255-5c13c182c382,Curveball,CU,Ball,Ball,1,1,2,76.8,2663.0,0.35854951893173476,0.6673330074416405,3.178,1.604,,,,,,,,,Tampa Bay Rays,Los Angeles Dodgers
823940,2026-06-17,2026,Regular Season,27,4,top,660271,Shohei Ohtani,802415,Chandler Simpson,R,L,3,3bf00030-7c82-3d9c-b3d3-19433469d1ac,Four-Seam Fastball,FF,"In play, out(s)","In play, out(s)",1,1,2,98.2,2440.0,-0.05623405750168942,3.2005260947757983,3.178,1.604,,,,Groundout,0,0,0,true,Tampa Bay Rays,Los Angeles Dodgers
823940,2026-06-17,2026,Regular Season,36,5,top,660271,Shohei Ohtani,683748,Victor Mesa Jr.,R,L,1,7003dac1-b3e3-3670-b391-b7983a1e559b,Four-Seam Fastball,FF,Swinging Strike,Swinging Strike,0,1,0,94.9,2310.0,0.12942581027383288,3.0078361734874925,3.158,1.594,,,,,,,,,Tampa Bay Rays,Los Angeles Dodgers
823940,2026-06-17,2026,Regular Season,36,5,top,660271,Shohei Ohtani,683748,Victor Mesa Jr.,R,L,2,3ab2de7d-f35d-3338-b82f-9d686f8dd5e1,Four-Seam Fastball,FF,Ball,Ball,1,1,0,97.9,2387.0,2.309121743196132,2.6481976222756716,3.158,1.594,,,,,,,,,Tampa Bay Rays,Los Angeles Dodgers
823940,2026-06-17,2026,Regular Season,36,5,top,660271,Shohei Ohtani,683748,Victor Mesa Jr.,R,L,3,eb99c4f6-c94c-3c7a-a2fb-3acaa28454f4,Four-Seam Fastball,FF,Swinging Strike,Swinging Strike,1,2,0,97.6,2437.0,-0.38352700358229097,3.5178684718910147,3.158,1.594,,,,,,,,,Tampa Bay Rays,Los Angeles Dodgers
823940,2026-06-17,2026,Regular Season,36,5,top,660271,Shohei Ohtani,683748,Victor Mesa Jr.,R,L,4,500b160c-f4d9-3490-bde2-cbc3fb6aeba3,Curveball,CU,Ball,Ball,2,2,0,75.3,2622.0,-1.7858101341345878,1.7846500205357831,3.158,1.594,,,,,,,,,Tampa Bay Rays,Los Angeles Dodgers
823940,2026-06-17,2026,Regular Season,36,5,top,660271,Shohei Ohtani,683748,Victor Mesa Jr.,R,L,5,2bf814ce-3700-3058-8152-5e14f21c6c9c,Curveball,CU,Ball,Ball,3,2,0,75.7,2709.0,-1.5641961278430712,3.674977152804123,3.158,1.594,,,,,,,,,Tampa Bay Rays,Los Angeles Dodgers
823940,2026-06-17,2026,Regular Season,36,5,top,660271,Shohei Ohtani,683748,Victor Mesa Jr.,R,L,6,323e027b-b233-3d0c-9ae3-fb8bd4ddd9f5,Four-Seam Fastball,FF,Ball,Ball,4,2,0,97.3,2394.0,1.1085918554807719,1.9100028109328926,3.158,1.594,,,,Walk,0,0,2,false,Tampa Bay Rays,Los Angeles Dodgers
823940,2026-06-17,2026,Regular Season,37,5,top,660271,Shohei Ohtani,676439,Hunter Feduccia,R,L,1,41db1d7c-0909-3da2-9961-a043e6ee16b0,Curveball,CU,Ball,Ball,1,0,0,73.8,2633.0,-0.7309646622546013,3.8108517472261956,3.262,1.646,683748,,,,,,,,Tampa Bay Rays,Los Angeles Dodgers
823940,2026-06-17,2026,Regular Season,37,5,top,660271,Shohei Ohtani,676439,Hunter Feduccia,R,L,2,fb8aa1f6-be4a-36a2-a766-393aa5313a2c,Four-Seam Fastball,FF,Ball,Ball,2,0,0,97.9,2383.0,0.42568699643916197,1.5596657958542757,3.262,1.646,683748,,,,,,,,Tampa Bay Rays,Los Angeles Dodgers
823940,2026-06-17,2026,Regular Season,37,5,top,660271,Shohei Ohtani,676439,Hunter Feduccia,R,L,3,b0a0b130-da7e-35fa-bc15-ed72f1ae560a,Four-Seam Fastball,FF,"In play, no out","In play, no out",2,0,0,97.1,2356.0,-0.07318444275286859,1.8945463614319675,3.262,1.646,683748,,,Double,0,0,2,false,Tampa Bay Rays,Los Angeles Dodgers
823940,2026-06-17,2026,Regular Season,38,5,top,660271,Shohei Ohtani,670764,Taylor Walls,R,L,1,1583422c-881b-33d6-86e2-af8b21397a6c,Four-Seam Fastball,FF,"In play, run(s)","In play, run(s)",0,0,0,99.6,2328.0,0.2964499855409705,3.0178215572198472,3.056,1.542,,676439,683748,Sac Fly,1,1,2,true,Tampa Bay Rays,Los Angeles Dodgers
823940,2026-06-17,2026,Regular Season,39,5,top,660271,Shohei Ohtani,650490,Yandy Díaz,R,R,1,3b085515-2124-3109-bb61-0204f1a08207,Curveball,CU,Called Strike,Called Strike,0,1,1,77.9,2575.0,-0.5007688884486995,3.3005622932624092,3.228,1.629,,,676439,,,,,,Tampa Bay Rays,Los Angeles Dodgers
823940,2026-06-17,2026,Regular Season,39,5,top,660271,Shohei Ohtani,650490,Yandy Díaz,R,R,2,587e1325-30a1-3480-b36c-c33cb5036ab0,Four-Seam Fastball,FF,Foul,Foul,0,2,1,99.1,2250.0,0.09295617570199681,3.21720883218748,3.228,1.629,,,676439,,,,,,Tampa Bay Rays,Los Angeles Dodgers
823940,2026-06-17,2026,Regular Season,39,5,top,660271,Shohei Ohtani,650490,Yandy Díaz,R,R,3,37e66634-3c74-3924-bf43-2708ca90a52d,Sweeper,ST,"In play, run(s)","In play, run(s)",0,2,1,87.5,2742.0,0.2692751959167555,1.6129524631574408,3.228,1.629,,,676439,Single,1,2,2,false,Tampa Bay Rays,Los Angeles Dodgers
823940,2026-06-17,2026,Regular Season,40,5,top,660271,Shohei Ohtani,666018,Jonathan Aranda,R,L,1,96d86c38-46bf-3002-a51c-d9b3200abdc9,Four-Seam Fastball,FF,"In play, no out","In play, no out",0,0,1,99.7,2391.0,-0.7783159161452315,2.722549321110224,3.189,1.61,650490,,,Single,0,2,2,false,Tampa Bay Rays,Los Angeles Dodgers
823940,2026-06-17,2026,Regular Season,41,5,top,660271,Shohei Ohtani,656775,Cedric Mullins,R,L,1,dc6789dc-b833-37d5-98ca-c2f21497ba61,Splitter,FS,Called Strike,Called Strike,0,1,1,89.5,1766.0,-0.22174189217487075,2.7965056467776526,3.005,1.517,666018,650490,,,,,,,Tampa Bay Rays,Los Angeles Dodgers
823940,2026-06-17,2026,Regular Season,41,5,top,660271,Shohei Ohtani,656775,Cedric Mullins,R,L,2,9cc07007-1ac2-3c20-b253-06ee78bd4b93,Four-Seam Fastball,FF,Foul,Foul,0,2,1,98.9,2502.0,-0.44212780676166646,2.3242060869299412,3.005,1.517,666018,650490,,,,,,,Tampa Bay Rays,Los Angeles Dodgers
823940,2026-06-17,2026,Regular Season,41,5,top,660271,Shohei Ohtani,656775,Cedric Mullins,R,L,3,76e60d68-284b-3b3d-a042-54d1c50a3ad5,Slider,SL,Ball,Ball,1,2,1,88.0,2539.0,-1.63041994780908,2.047145231239466,3.005,1.517,666018,650490,,,,,,,Tampa Bay Rays,Los Angeles Dodgers
823940,2026-06-17,2026,Regular Season,41,5,top,660271,Shohei Ohtani,656775,Cedric Mullins,R,L,4,e924ca97-f184-3a7f-8d25-363bd0bfbac2,Curveball,CU,"In play, no out","In play, no out",1,2,1,78.6,2709.0,-0.19515123798029949,1.3920261556360092,3.005,1.517,666018,650490,,Single,0,2,2,false,Tampa Bay Rays,Los Angeles Dodgers
823940,2026-06-17,2026,Regular Season,42,5,top,660271,Shohei Ohtani,691406,Junior Caminero,R,R,1,753b7239-752d-30b5-a2e8-dac2ea258a59,Curveball,CU,Ball,Ball,1,0,1,78.3,2711.0,0.33833495273203584,1.1736208351179822,3.244,1.637,656775,666018,650490,,,,,,Tampa Bay Rays,Los Angeles Dodgers
823940,2026-06-17,2026,Regular Season,42,5,top,660271,Shohei Ohtani,691406,Junior Caminero,R,R,2,0ef60d85-55fb-3124-8f2f-9344cd7ce3a6,Four-Seam Fastball,FF,Foul,Foul,1,1,1,101.0,2388.0,-0.08739064007977361,2.3946544256862676,3.244,1.637,656775,666018,650490,,,,,,Tampa Bay Rays,Los Angeles Dodgers
823940,2026-06-17,2026,Regular Season,42,5,top,660271,Shohei Ohtani,691406,Junior Caminero,R,R,3,8a26478d-1b18-3910-8fb1-c49104f7b2f1,Sinker,SI,Called Strike,Called Strike,1,2,1,98.9,1971.0,-0.18108078492452193,1.84499297398982,3.244,1.637,656775,666018,650490,,,,,,Tampa Bay Rays,Los Angeles Dodgers
823940,2026-06-17,2026,Regular Season,42,5,top,660271,Shohei Ohtani,691406,Junior Caminero,R,R,4,55b9e962-988b-30fa-a9a3-04d5e14260ff,Sweeper,ST,"In play, run(s)","In play, run(s)",1,2,1,87.6,2815.0,0.2803810098455539,2.3907206845453897,3.244,1.637,656775,666018,650490,Forceout,1,3,2,true,Tampa Bay Rays,Los Angeles Dodgers
823940,2026-06-17,2026,Regular Season,43,5,top,660271,Shohei Ohtani,680700,Richie Palacios,R,L,1,020df3ea-01f1-36fe-985b-5db65efe9578,Curveball,CU,Ball,Ball,1,0,2,78.0,2577.0,-1.4906098525908635,3.033548858170173,3.04,1.534,691406,,666018,,,,,,Tampa Bay Rays,Los Angeles Dodgers
823940,2026-06-17,2026,Regular Season,43,5,top,660271,Shohei Ohtani,680700,Richie Palacios,R,L,2,e9d97a2a-84ca-32bb-ba33-5f83825cdcfd,Four-Seam Fastball,FF,Foul,Foul,1,1,2,99.6,2322.0,0.44071007761965364,2.8616107760311,3.04,1.534,691406,,666018,,,,,,Tampa Bay Rays,Los Angeles Dodgers
823940,2026-06-17,2026,Regular Season,43,5,top,660271,Shohei Ohtani,680700,Richie Palacios,R,L,3,90281b23-95f9-3a75-9a36-94ca86c341e9,Four-Seam Fastball,FF,"In play, run(s)","In play, run(s)",1,1,2,99.7,2271.0,0.9023311690732531,2.3524754757586157,3.04,1.534,691406,,666018,Single,1,4,2,false,Tampa Bay Rays,Los Angeles Dodgers
823940,2026-06-17,2026,Regular Season,44,5,top,660271,Shohei Ohtani,802415,Chandler Simpson,R,L,1,26ffe0b3-6315-3d82-89a0-ec9a42cfa5c2,Four-Seam Fastball,FF,"In play, out(s)","In play, out(s)",0,0,2,100.2,2413.0,1.340433407952566,2.479987812921859,3.178,1.604,680700,,691406,Bunt Groundout,0,4,2,true,Tampa Bay Rays,Los Angeles Dodgers
823940,2026-06-17,2026,Regular Season,52,6,top,660271,Shohei Ohtani,683748,Victor Mesa Jr.,R,L,1,510187af-9ba5-35e9-ad6e-ac4ddb829491,Sweeper,ST,Foul,Foul,0,1,0,81.8,2492.0,-0.7272155292616382,3.2170747359198977,3.158,1.594,,,,,,,,,Tampa Bay Rays,Los Angeles Dodgers
823940,2026-06-17,2026,Regular Season,52,6,top,660271,Shohei Ohtani,683748,Victor Mesa Jr.,R,L,2,e2bbab54-33a0-349f-9982-fc49c0efe200,Four-Seam Fastball,FF,Ball,Ball,1,1,0,97.0,2258.0,-1.061174728692444,3.4846814230570184,3.158,1.594,,,,,,,,,Tampa Bay Rays,Los Angeles Dodgers
823940,2026-06-17,2026,Regular Season,52,6,top,660271,Shohei Ohtani,683748,Victor Mesa Jr.,R,L,3,d8f72ded-cd9a-32f7-82da-3d886a2fbf54,Slider,SL,Ball,Ball,2,1,0,86.1,2387.0,-0.37423415678479566,0.833029290776605,3.158,1.594,,,,,,,,,Tampa Bay Rays,Los Angeles Dodgers
823940,2026-06-17,2026,Regular Season,52,6,top,660271,Shohei Ohtani,683748,Victor Mesa Jr.,R,L,4,aaad105f-1a82-3eaa-b5a4-3301f803c529,Four-Seam Fastball,FF,Foul,Foul,2,2,0,97.1,2332.0,-0.3230489256953399,2.8581590648166757,3.158,1.594,,,,,,,,,Tampa Bay Rays,Los Angeles Dodgers
823940,2026-06-17,2026,Regular Season,52,6,top,660271,Shohei Ohtani,683748,Victor Mesa Jr.,R,L,5,56a8f1dd-a958-3d2d-b003-62690fa24935,Sweeper,ST,Foul,Foul,2,2,0,86.6,2721.0,0.7390974090065948,1.8266037130594028,3.158,1.594,,,,,,,,,Tampa Bay Rays,Los Angeles Dodgers
823940,2026-06-17,2026,Regular Season,52,6,top,660271,Shohei Ohtani,683748,Victor Mesa Jr.,R,L,6,e84e6689-5c4f-3471-8164-b6e3478c2a8c,Splitter,FS,"In play, out(s)","In play, out(s)",2,2,0,90.2,1626.0,-0.37577569117898746,2.0378212966668707,3.158,1.594,,,,Groundout,0,4,3,true,Tampa Bay Rays,Los Angeles Dodgers
823940,2026-06-17,2026,Regular Season,53,6,top,660271,Shohei Ohtani,676439,Hunter Feduccia,R,L,1,56dc54ce-d603-316f-ae06-f659c1a04d6f,Splitter,FS,Ball,Ball,1,0,1,89.3,1561.0,-0.04825645274333883,1.325329741159756,3.262,1.646,,,,,,,,,Tampa Bay Rays,Los Angeles Dodgers
823940,2026-06-17,2026,Regular Season,53,6,top,660271,Shohei Ohtani,676439,Hunter Feduccia,R,L,2,d3527b54-9f2d-308b-bcde-e7da456e88a1,Sweeper,ST,Called Strike,Called Strike,1,1,1,81.6,2533.0,-0.7562267900855216,2.3637215582928888,3.262,1.646,,,,,,,,,Tampa Bay Rays,Los Angeles Dodgers
823940,2026-06-17,2026,Regular Season,53,6,top,660271,Shohei Ohtani,676439,Hunter Feduccia,R,L,3,bb313949-721c-3ce8-ab47-0f000e50f6d9,Four-Seam Fastball,FF,Called Strike,Called Strike,1,2,1,97.2,2387.0,-0.6394389369129239,2.64641021349243,3.262,1.646,,,,,,,,,Tampa Bay Rays,Los Angeles Dodgers
823940,2026-06-17,2026,Regular Season,53,6,top,660271,Shohei Ohtani,676439,Hunter Feduccia,R,L,4,f24b0fb6-96f8-316a-b519-2aab9564913e,Curveball,CU,Ball,Ball,2,2,1,79.0,2679.0,-0.997320585781648,2.378495882721398,3.262,1.646,,,,,,,,,Tampa Bay Rays,Los Angeles Dodgers
823940,2026-06-17,2026,Regular Season,53,6,top,660271,Shohei Ohtani,676439,Hunter Feduccia,R,L,5,c4cce142-cfe6-3d47-b942-190f196c6b94,Four-Seam Fastball,FF,Swinging Strike,Swinging Strike,2,3,1,98.1,2380.0,-0.8633697999032385,3.3027188388992683,3.262,1.646,,,,Strikeout,0,4,3,true,Tampa Bay Rays,Los Angeles Dodgers
823940,2026-06-17,2026,Regular Season,54,6,top,660271,Shohei Ohtani,670764,Taylor Walls,R,L,1,bdca2b47-216f-32aa-8162-388b6705eaf3,Four-Seam Fastball,FF,Ball,Ball,1,0,2,98.2,2344.0,-0.7583208731592653,3.593935950789689,3.056,1.542,,,,,,,,,Tampa Bay Rays,Los Angeles Dodgers
823940,2026-06-17,2026,Regular Season,54,6,top,660271,Shohei Ohtani,670764,Taylor Walls,R,L,2,ee3351d7-38f1-3d57-9f5b-ec470fabc8e0,Sweeper,ST,Called Strike,Called Strike,1,1,2,81.4,2630.0,-0.5501600430789043,3.131045411884294,3.056,1.542,,,,,,,,,Tampa Bay Rays,Los Angeles Dodgers
823940,2026-06-17,2026,Regular Season,54,6,top,660271,Shohei Ohtani,670764,Taylor Walls,R,L,3,df67c35d-e26c-3fa3-9437-1284be2fab8c,Splitter,FS,Ball,Ball,2,1,2,88.1,1529.0,-1.0562455409137914,2.3318922125691106,3.056,1.542,,,,,,,,,Tampa Bay Rays,Los Angeles Dodgers
823940,2026-06-17,2026,Regular Season,54,6,top,660271,Shohei Ohtani,670764,Taylor Walls,R,L,4,83a2e2db-58c8-3cb0-b0dd-5af35fdc7d1c,Four-Seam Fastball,FF,"In play, out(s)","In play, out(s)",2,1,2,97.3,2383.0,-0.46666448977715863,2.8734433245565194,3.056,1.542,,,,Groundout,0,4,3,true,Tampa Bay Rays,Los Angeles Dodgers
823691,2026-06-24,2026,Regular Season,4,1,bottom,660271,Shohei Ohtani,663616,Trevor Larnach,R,L,1,20779693-89b6-3e2a-bf5e-ad56d7377573,Four-Seam Fastball,FF,"In play, out(s)","In play, out(s)",0,0,0,99.7,2617.0,-1.1808485465178153,1.67133393700159,3.324,1.677,,,,Groundout,0,0,0,true,Los Angeles Dodgers,Minnesota Twins
823691,2026-06-24,2026,Regular Season,5,1,bottom,660271,Shohei Ohtani,621439,Byron Buxton,R,R,1,8574b0d5-274e-314d-b197-f95f3e266ff7,Four-Seam Fastball,FF,Ball,Ball,1,0,1,99.0,2510.0,0.8743349206591097,1.8057953258932071,3.258,1.644,,,,,,,,,Los Angeles Dodgers,Minnesota Twins
823691,2026-06-24,2026,Regular Season,5,1,bottom,660271,Shohei Ohtani,621439,Byron Buxton,R,R,2,97300664-c9e0-346a-b2d2-c5b047956828,Splitter,FS,Called Strike,Called Strike,1,1,1,89.6,1590.0,-0.7706464735956271,3.5296393715512933,3.258,1.644,,,,,,,,,Los Angeles Dodgers,Minnesota Twins
823691,2026-06-24,2026,Regular Season,5,1,bottom,660271,Shohei Ohtani,621439,Byron Buxton,R,R,3,9b9ff8b9-311e-39ed-9469-44272ea3ed78,Sweeper,ST,Called Strike,Called Strike,1,2,1,86.7,2702.0,0.07133012588280244,1.9503070378045508,3.258,1.644,,,,,,,,,Los Angeles Dodgers,Minnesota Twins
823691,2026-06-24,2026,Regular Season,5,1,bottom,660271,Shohei Ohtani,621439,Byron Buxton,R,R,4,ab898c8d-0434-3270-9c31-8b71961cac45,Sweeper,ST,"In play, out(s)","In play, out(s)",1,2,1,88.3,2802.0,0.7080593600121843,1.9709493549815784,3.258,1.644,,,,Flyout,0,0,0,true,Los Angeles Dodgers,Minnesota Twins
823691,2026-06-24,2026,Regular Season,6,1,bottom,660271,Shohei Ohtani,665019,Kody Clemens,R,L,1,bf589269-1166-31b6-b027-ef3a122dd730,Sinker,SI,Ball,Ball,1,0,2,99.5,2201.0,-2.0319869932685655,1.771494389076298,3.211,1.621,,,,,,,,,Los Angeles Dodgers,Minnesota Twins
823691,2026-06-24,2026,Regular Season,6,1,bottom,660271,Shohei Ohtani,665019,Kody Clemens,R,L,2,ad445bad-423c-3ee3-bea3-7bfcbcbe85e5,Four-Seam Fastball,FF,Ball,Ball,2,0,2,99.5,2451.0,-0.7188196069426799,1.7597667044478658,3.211,1.621,,,,,,,,,Los Angeles Dodgers,Minnesota Twins
823691,2026-06-24,2026,Regular Season,6,1,bottom,660271,Shohei Ohtani,665019,Kody Clemens,R,L,3,b9f25b42-715a-3a54-9e34-5ad15974fb1f,Sweeper,ST,Ball,Ball,3,0,2,84.2,2647.0,-1.7983139231321634,3.1917032490111854,3.211,1.621,,,,,,,,,Los Angeles Dodgers,Minnesota Twins
823691,2026-06-24,2026,Regular Season,6,1,bottom,660271,Shohei Ohtani,665019,Kody Clemens,R,L,4,3cd8c95f-6de3-3da6-b371-bdcf4aafc7fe,Four-Seam Fastball,FF,Ball,Ball,4,0,2,97.8,2432.0,1.037134085267863,1.7790048826054021,3.211,1.621,,,,Walk,0,0,0,false,Los Angeles Dodgers,Minnesota Twins
823691,2026-06-24,2026,Regular Season,7,1,bottom,660271,Shohei Ohtani,605137,Josh Bell,R,L,1,da02f6d0-abb2-33c1-8ec7-0ab0c560436f,Curveball,CU,Ball,Ball,1,0,2,77.1,2631.0,-1.351101552519835,3.640996773136199,3.335,1.683,665019,,,,,,,,Los Angeles Dodgers,Minnesota Twins
823691,2026-06-24,2026,Regular Season,7,1,bottom,660271,Shohei Ohtani,605137,Josh Bell,R,L,2,984b61b4-e168-3140-940e-0ef237e76d8a,Four-Seam Fastball,FF,Swinging Strike,Swinging Strike,1,1,2,100.1,2445.0,-0.06897477908940017,2.1820113713879934,3.335,1.683,665019,,,,,,,,Los Angeles Dodgers,Minnesota Twins
823691,2026-06-24,2026,Regular Season,7,1,bottom,660271,Shohei Ohtani,605137,Josh Bell,R,L,3,e107fc97-8582-33e2-a28f-95cc78b8cc2f,Four-Seam Fastball,FF,"In play, out(s)","In play, out(s)",1,1,2,99.9,2474.0,0.4944279987374631,2.062827840688901,3.335,1.683,665019,,,Flyout,0,0,0,true,Los Angeles Dodgers,Minnesota Twins
823691,2026-06-24,2026,Regular Season,13,2,bottom,660271,Shohei Ohtani,605170,Victor Caratini,R,L,1,e91149cf-4854-32e5-8e5f-a1cabf675257,Curveball,CU,Ball,Ball,1,0,0,75.0,2565.0,-2.3746428722785247,4.0069857104357505,3.201,1.615,,,,,,,,,Los Angeles Dodgers,Minnesota Twins
823691,2026-06-24,2026,Regular Season,13,2,bottom,660271,Shohei Ohtani,605170,Victor Caratini,R,L,2,08bdf9e9-2531-3e0e-ae9c-f8b5c2e4874c,Four-Seam Fastball,FF,"In play, no out","In play, no out",1,0,0,98.4,2546.0,-0.20528249535956036,2.237874563500206,3.201,1.615,,,,Single,0,1,0,false,Los Angeles Dodgers,Minnesota Twins
823691,2026-06-24,2026,Regular Season,14,2,bottom,660271,Shohei Ohtani,668904,Royce Lewis,R,R,1,82f2d695-4455-390a-8cb4-d615d2142e65,Sweeper,ST,Swinging Strike,Swinging Strike,0,1,0,84.7,2768.0,0.3507204503442572,2.066273562472514,3.205,1.618,605170,,,,,,,,Los Angeles Dodgers,Minnesota Twins
823691,2026-06-24,2026,Regular Season,14,2,bottom,660271,Shohei Ohtani,668904,Royce Lewis,R,R,2,58e6f336-6683-3da7-8b4c-863c81a3bff6,Four-Seam Fastball,FF,Called Strike,Called Strike,0,2,0,99.1,2653.0,0.43277183889870374,1.787360616349786,3.205,1.618,605170,,,,,,,,Los Angeles Dodgers,Minnesota Twins
823691,2026-06-24,2026,Regular Season,14,2,bottom,660271,Shohei Ohtani,668904,Royce Lewis,R,R,3,883d3444-38e5-309a-a5e2-5f49c2befa25,Sweeper,ST,Swinging Strike,Swinging Strike,0,3,0,85.3,2897.0,0.11888914145414586,1.2915188599949547,3.205,1.618,605170,,,Strikeout,0,1,0,true,Los Angeles Dodgers,Minnesota Twins
823691,2026-06-24,2026,Regular Season,15,2,bottom,660271,Shohei Ohtani,686797,Brooks Lee,R,L,1,5f8662cc-219c-34d4-8925-b87d9a4dee2d,Splitter,FS,Swinging Strike,Swinging Strike,0,1,1,90.1,1667.0,0.007663641892292941,1.9443792592550255,3.209,1.619,605170,,,,,,,,Los Angeles Dodgers,Minnesota Twins
823691,2026-06-24,2026,Regular Season,15,2,bottom,660271,Shohei Ohtani,686797,Brooks Lee,R,L,2,f1d9b829-5a23-3317-ad45-7f6c12bfe165,Four-Seam Fastball,FF,Called Strike,Called Strike,0,2,1,99.7,2619.0,-0.511379447176208,1.6787957143724856,3.209,1.619,605170,,,,,,,,Los Angeles Dodgers,Minnesota Twins
823691,2026-06-24,2026,Regular Season,15,2,bottom,660271,Shohei Ohtani,686797,Brooks Lee,R,L,3,a73526f1-2151-3016-843f-602dd8addaa0,Splitter,FS,Ball In Dirt,Ball In Dirt,1,2,1,92.0,1767.0,0.532847483212722,0.4812418232752021,3.209,1.619,605170,,,,,,,,Los Angeles Dodgers,Minnesota Twins
823691,2026-06-24,2026,Regular Season,15,2,bottom,660271,Shohei Ohtani,686797,Brooks Lee,R,L,4,16c78451-edaf-3e15-b37b-69027f6efce1,Four-Seam Fastball,FF,Ball,Ball,2,2,1,100.3,2504.0,-1.2664326172085876,2.6009494152327295,3.209,1.619,605170,,,,,,,,Los Angeles Dodgers,Minnesota Twins
823691,2026-06-24,2026,Regular Season,15,2,bottom,660271,Shohei Ohtani,686797,Brooks Lee,R,L,5,37cc57b3-36a7-375b-9d94-e8831ad1dd0a,Splitter,FS,"In play, no out","In play, no out",2,2,1,90.6,1661.0,-0.9297502571402171,3.4052147833311497,3.209,1.619,605170,,,Single,0,1,0,false,Los Angeles Dodgers,Minnesota Twins
823691,2026-06-24,2026,Regular Season,16,2,bottom,660271,Shohei Ohtani,656484,Tristan Gray,R,L,1,8224dfb2-74e6-3176-ab0b-0c333ca51755,Splitter,FS,Called Strike,Called Strike,0,1,1,89.5,1480.0,-0.6581232376527023,3.3569186600912597,3.259,1.645,686797,605170,,,,,,,Los Angeles Dodgers,Minnesota Twins
823691,2026-06-24,2026,Regular Season,16,2,bottom,660271,Shohei Ohtani,656484,Tristan Gray,R,L,2,f565b377-deae-3895-a32d-0f9ca24af47c,Splitter,FS,"In play, no out","In play, no out",0,1,1,91.3,1529.0,-0.5481875562795234,1.9653793877580905,3.259,1.645,686797,605170,,Single,0,1,0,false,Los Angeles Dodgers,Minnesota Twins
823691,2026-06-24,2026,Regular Season,17,2,bottom,660271,Shohei Ohtani,668952,Ryan Kreidler,R,R,1,fdef9990-3434-3ad2-b001-5ba71af93359,Four-Seam Fastball,FF,Ball,Ball,1,0,1,101.7,2569.0,-1.5635869595291816,2.375192628454847,3.34,1.686,656484,686797,605170,,,,,,Los Angeles Dodgers,Minnesota Twins
823691,2026-06-24,2026,Regular Season,17,2,bottom,660271,Shohei Ohtani,668952,Ryan Kreidler,R,R,2,f0903666-4bef-35f5-afef-0409a0fe5020,Sweeper,ST,Swinging Strike,Swinging Strike,1,1,1,88.7,2759.0,0.5195673128078524,1.926219449606181,3.34,1.686,,656484,686797,,,,,,Los Angeles Dodgers,Minnesota Twins
823691,2026-06-24,2026,Regular Season,17,2,bottom,660271,Shohei Ohtani,668952,Ryan Kreidler,R,R,3,949bdb6f-b14d-3e88-b066-13b4c61fc285,Sweeper,ST,Called Strike,Called Strike,1,2,1,89.0,2807.0,-0.4348315349914256,1.6796631115009497,3.34,1.686,,656484,686797,,,,,,Los Angeles Dodgers,Minnesota Twins
823691,2026-06-24,2026,Regular Season,17,2,bottom,660271,Shohei Ohtani,668952,Ryan Kreidler,R,R,4,01760cd0-9490-3c45-9381-420a29f20836,Sweeper,ST,Foul,Foul,1,2,1,88.9,2847.0,0.6415502809431332,2.2980654719464324,3.34,1.686,,656484,686797,,,,,,Los Angeles Dodgers,Minnesota Twins
823691,2026-06-24,2026,Regular Season,17,2,bottom,660271,Shohei Ohtani,668952,Ryan Kreidler,R,R,5,95f38073-b14b-32b9-8599-d54b606b2733,Four-Seam Fastball,FF,"In play, run(s)","In play, run(s)",1,2,1,101.4,2560.0,-0.9165265433179293,2.4460728007770935,3.34,1.686,,656484,686797,Single,2,1,3,true,Los Angeles Dodgers,Minnesota Twins
823691,2026-06-24,2026,Regular Season,18,2,bottom,660271,Shohei Ohtani,663616,Trevor Larnach,R,L,1,c2be5ae1-c0c3-3b94-8b8a-81f71d969107,Curveball,CU,Called Strike,Called Strike,0,1,2,76.6,2720.0,-0.01641850119533129,2.4878233732359365,3.324,1.677,,,,,,,,,Los Angeles Dodgers,Minnesota Twins
823691,2026-06-24,2026,Regular Season,18,2,bottom,660271,Shohei Ohtani,663616,Trevor Larnach,R,L,2,47f6a999-ce84-37ca-8082-cf07dead4be8,Sweeper,ST,Ball,Ball,1,1,2,87.7,2761.0,-0.27393143491072747,1.5086275604433925,3.324,1.677,,,,,,,,,Los Angeles Dodgers,Minnesota Twins
823691,2026-06-24,2026,Regular Season,18,2,bottom,660271,Shohei Ohtani,663616,Trevor Larnach,R,L,3,6a80bf8c-87a3-3773-a6ee-2d587345d9ff,Sinker,SI,Swinging Strike,Swinging Strike,1,2,2,97.6,2390.0,0.5788249892959038,2.1883899843179644,3.324,1.677,,,,,,,,,Los Angeles Dodgers,Minnesota Twins
823691,2026-06-24,2026,Regular Season,18,2,bottom,660271,Shohei Ohtani,663616,Trevor Larnach,R,L,4,d0295966-9afc-3a95-beb6-1b5271972a15,Slider,SL,Ball,Ball,2,2,2,90.6,2629.0,0.10752737980455593,0.48661566492749153,3.324,1.677,,,,,,,,,Los Angeles Dodgers,Minnesota Twins
823691,2026-06-24,2026,Regular Season,18,2,bottom,660271,Shohei Ohtani,663616,Trevor Larnach,R,L,5,5807b6e3-c1da-32e1-9d9a-b4aeae1412e6,Sweeper,ST,Swinging Strike,Swinging Strike,2,3,2,88.5,2840.0,0.7205810609276747,1.6480297496706662,3.324,1.677,,,,Strikeout,0,1,3,true,Los Angeles Dodgers,Minnesota Twins
823691,2026-06-24,2026,Regular Season,27,3,bottom,660271,Shohei Ohtani,621439,Byron Buxton,R,R,1,92300953-ab6d-3e18-9474-6dd90ed266af,Four-Seam Fastball,FF,Swinging Strike,Swinging Strike,0,1,0,100.0,2528.0,-0.1886098695403429,3.0041704296587697,3.258,1.644,,,,,,,,,Los Angeles Dodgers,Minnesota Twins
823691,2026-06-24,2026,Regular Season,27,3,bottom,660271,Shohei Ohtani,621439,Byron Buxton,R,R,2,4516ca7f-a27d-39e2-a531-0304d76ecd19,Four-Seam Fastball,FF,Ball,Ball,1,1,0,100.9,2717.0,1.0088934481450393,1.5278505331518186,3.258,1.644,,,,,,,,,Los Angeles Dodgers,Minnesota Twins
823691,2026-06-24,2026,Regular Season,27,3,bottom,660271,Shohei Ohtani,621439,Byron Buxton,R,R,3,a079458f-6cd0-3217-baea-81b293ddc8ee,Sweeper,ST,Ball,Ball,2,1,0,90.1,2736.0,-0.3468633218306199,1.5481979924176241,3.258,1.644,,,,,,,,,Los Angeles Dodgers,Minnesota Twins
823691,2026-06-24,2026,Regular Season,27,3,bottom,660271,Shohei Ohtani,621439,Byron Buxton,R,R,4,17a0a1bd-7f34-3c40-a6e6-2d95d21d2d7c,Sweeper,ST,Swinging Strike,Swinging Strike,2,2,0,89.8,2742.0,0.722367896124661,0.5520242663330089,3.258,1.644,,,,,,,,,Los Angeles Dodgers,Minnesota Twins
823691,2026-06-24,2026,Regular Season,27,3,bottom,660271,Shohei Ohtani,621439,Byron Buxton,R,R,5,f54004ef-2684-38d4-8b46-0fdb27b1be54,Four-Seam Fastball,FF,Called Strike,Called Strike,2,3,0,101.4,2613.0,-0.4782074219802497,1.7060903001085865,3.258,1.644,,,,Strikeout,0,4,3,true,Los Angeles Dodgers,Minnesota Twins
823691,2026-06-24,2026,Regular Season,28,3,bottom,660271,Shohei Ohtani,665019,Kody Clemens,R,L,1,ebc3ee54-d0f7-38d7-b8fb-fc35bd270415,Four-Seam Fastball,FF,Foul,Foul,0,1,1,101.2,2620.0,0.12364476892692217,1.8961199101693584,3.211,1.621,,,,,,,,,Los Angeles Dodgers,Minnesota Twins
823691,2026-06-24,2026,Regular Season,28,3,bottom,660271,Shohei Ohtani,665019,Kody Clemens,R,L,2,48b4b547-c0aa-3896-91be-1c3c9fdcfe79,Four-Seam Fastball,FF,Ball,Ball,1,1,1,96.6,2494.0,-0.9943793161604253,1.886766249301942,3.211,1.621,,,,,,,,,Los Angeles Dodgers,Minnesota Twins
823691,2026-06-24,2026,Regular Season,28,3,bottom,660271,Shohei Ohtani,665019,Kody Clemens,R,L,3,c8aa1ea2-5bef-36c7-b448-a68e82060e51,Sweeper,ST,Swinging Strike,Swinging Strike,1,2,1,89.3,2762.0,0.8433409458812561,1.2980824439487173,3.211,1.621,,,,,,,,,Los Angeles Dodgers,Minnesota Twins
823691,2026-06-24,2026,Regular Season,28,3,bottom,660271,Shohei Ohtani,665019,Kody Clemens,R,L,4,f62dfdd6-12bb-39cb-912c-044ce81347d5,Four-Seam Fastball,FF,Ball,Ball,2,2,1,100.5,2464.0,-1.0020387612626822,1.8011468953328338,3.211,1.621,,,,,,,,,Los Angeles Dodgers,Minnesota Twins
823691,2026-06-24,2026,Regular Season,28,3,bottom,660271,Shohei Ohtani,665019,Kody Clemens,R,L,5,59c4f0c5-d3ea-33a5-b204-3407a23dcb0b,Sweeper,ST,Swinging Strike,Swinging Strike,2,3,1,88.5,2764.0,-0.3052365575400454,1.3994915343317937,3.211,1.621,,,,Strikeout,0,4,3,true,Los Angeles Dodgers,Minnesota Twins
823691,2026-06-24,2026,Regular Season,29,3,bottom,660271,Shohei Ohtani,605137,Josh Bell,R,L,1,f76b2a62-48de-33b0-92ab-cb07ec4f6d16,Sweeper,ST,Called Strike,Called Strike,0,1,2,88.4,2781.0,-0.5877442616915154,2.5835471677739745,3.335,1.683,,,,,,,,,Los Angeles Dodgers,Minnesota Twins
823691,2026-06-24,2026,Regular Season,29,3,bottom,660271,Shohei Ohtani,605137,Josh Bell,R,L,2,f800552f-bed5-3048-b88a-9f845f967439,Splitter,FS,Swinging Strike,Swinging Strike,0,2,2,92.0,1518.0,-1.2893798224890172,0.40877888657729117,3.335,1.683,,,,,,,,,Los Angeles Dodgers,Minnesota Twins
823691,2026-06-24,2026,Regular Season,29,3,bottom,660271,Shohei Ohtani,605137,Josh Bell,R,L,3,48d1f1fd-f7b5-3785-82dc-2b71b40a5911,Splitter,FS,Swinging Strike (Blocked),Swinging Strike (Blocked),0,3,2,91.5,1721.0,-0.2890877832284907,0.2459336751663904,3.335,1.683,,,,Strikeout,0,4,3,true,Los Angeles Dodgers,Minnesota Twins
823691,2026-06-24,2026,Regular Season,33,4,bottom,660271,Shohei Ohtani,605170,Victor Caratini,R,L,1,81e6875e-74cf-3648-8bbe-b736e8ea4b25,Four-Seam Fastball,FF,"In play, out(s)","In play, out(s)",0,0,0,100.0,2351.0,-0.27960131062300314,2.7362511478120193,3.201,1.615,,,,Flyout,0,4,3,true,Los Angeles Dodgers,Minnesota Twins
823691,2026-06-24,2026,Regular Season,34,4,bottom,660271,Shohei Ohtani,668904,Royce Lewis,R,R,1,9c0c8c36-d227-3387-bb83-a9bd97dcade8,Sinker,SI,Swinging Strike,Swinging Strike,0,1,1,98.6,2312.0,-0.9333757590538381,2.159347544071685,3.205,1.618,,,,,,,,,Los Angeles Dodgers,Minnesota Twins
823691,2026-06-24,2026,Regular Season,34,4,bottom,660271,Shohei Ohtani,668904,Royce Lewis,R,R,2,67ba8f3e-8d5b-3237-b225-59b0a55d712a,Sweeper,ST,Called Strike,Called Strike,0,2,1,88.7,2800.0,-0.6981335470534459,1.847452513848125,3.205,1.618,,,,,,,,,Los Angeles Dodgers,Minnesota Twins
823691,2026-06-24,2026,Regular Season,34,4,bottom,660271,Shohei Ohtani,668904,Royce Lewis,R,R,3,0fab2ced-f9a9-3410-a942-13df59acdeae,Sinker,SI,Swinging Strike,Swinging Strike,0,3,1,99.0,2354.0,-1.2480928469487562,1.6366453634772384,3.205,1.618,,,,Strikeout,0,4,3,true,Los Angeles Dodgers,Minnesota Twins
823691,2026-06-24,2026,Regular Season,35,4,bottom,660271,Shohei Ohtani,686797,Brooks Lee,R,L,1,715482de-2d7a-3f61-b8a2-d77b11939d25,Sinker,SI,Ball,Ball,1,0,2,99.7,2340.0,-1.4971122463007422,2.1536175430839064,3.209,1.619,,,,,,,,,Los Angeles Dodgers,Minnesota Twins
823691,2026-06-24,2026,Regular Season,35,4,bottom,660271,Shohei Ohtani,686797,Brooks Lee,R,L,2,6592a548-9e9b-3a5a-81d6-0ef0521748bd,Sweeper,ST,Swinging Strike,Swinging Strike,1,1,2,88.0,2808.0,-0.1624269155483817,1.8283934156293598,3.209,1.619,,,,,,,,,Los Angeles Dodgers,Minnesota Twins
823691,2026-06-24,2026,Regular Season,35,4,bottom,660271,Shohei Ohtani,686797,Brooks Lee,R,L,3,d8c7b1bf-a470-338d-b935-0c86766bf80f,Sinker,SI,Ball,Ball,2,1,2,98.8,2241.0,-1.8850222341917198,2.377086002846752,3.209,1.619,,,,,,,,,Los Angeles Dodgers,Minnesota Twins
823691,2026-06-24,2026,Regular Season,35,4,bottom,660271,Shohei Ohtani,686797,Brooks Lee,R,L,4,320445d1-8dd7-3316-972e-d2d46f1fb132,Cutter,FC,Ball,Ball,3,1,2,93.7,2563.0,-0.7545496209476922,1.237635143063017,3.209,1.619,,,,,,,,,Los Angeles Dodgers,Minnesota Twins
823691,2026-06-24,2026,Regular Season,35,4,bottom,660271,Shohei Ohtani,686797,Brooks Lee,R,L,5,2fbee9d8-7193-36ed-acaa-12663430d589,Sinker,SI,Ball,Ball,4,1,2,97.5,2373.0,-1.4710170194932346,4.330477192935056,3.209,1.619,,,,Walk,0,4,3,false,Los Angeles Dodgers,Minnesota Twins
823691,2026-06-24,2026,Regular Season,36,4,bottom,660271,Shohei Ohtani,656484,Tristan Gray,R,L,1,ee6c3035-16a1-3796-8f13-82d485ee7413,Sweeper,ST,"In play, no out","In play, no out",0,0,2,86.0,2754.0,-0.07999933651996015,2.1428065120686064,3.259,1.645,686797,,,Double,0,4,3,false,Los Angeles Dodgers,Minnesota Twins
823691,2026-06-24,2026,Regular Season,37,4,bottom,660271,Shohei Ohtani,668952,Ryan Kreidler,R,R,1,8364fe03-ef22-3b22-ab68-43138b5ccaac,Sinker,SI,Ball,Ball,1,0,2,99.9,2276.0,-1.2465257768463989,2.7997001850545256,3.34,1.686,,656484,686797,,,,,,Los Angeles Dodgers,Minnesota Twins
823691,2026-06-24,2026,Regular Season,37,4,bottom,660271,Shohei Ohtani,668952,Ryan Kreidler,R,R,2,989b90bf-9181-3c01-95aa-f772a28e53ab,Sweeper,ST,"In play, out(s)","In play, out(s)",1,0,2,89.1,2930.0,-0.12674716139306483,1.923929984880575,3.34,1.686,,656484,686797,Groundout,0,4,3,true,Los Angeles Dodgers,Minnesota Twins
823691,2026-06-24,2026,Regular Season,43,5,bottom,660271,Shohei Ohtani,663616,Trevor Larnach,R,L,1,d2af9e53-df62-37ff-a8da-d774fb73ed72,Curveball,CU,Ball,Ball,1,0,0,76.0,2610.0,0.08281884015814502,1.6989946660527537,3.324,1.677,,,,,,,,,Los Angeles Dodgers,Minnesota Twins
823691,2026-06-24,2026,Regular Season,43,5,bottom,660271,Shohei Ohtani,663616,Trevor Larnach,R,L,2,68bc9564-b5f3-3cf7-b079-cc6bf034ad41,Four-Seam Fastball,FF,"In play, out(s)","In play, out(s)",1,0,0,100.0,2631.0,0.3785527987079052,2.3610325541919934,3.324,1.677,,,,Groundout,0,4,3,true,Los Angeles Dodgers,Minnesota Twins
823691,2026-06-24,2026,Regular Season,44,5,bottom,660271,Shohei Ohtani,621439,Byron Buxton,R,R,1,55fc039a-44d6-3f5d-b6fb-104cd97cba78,Sinker,SI,"In play, out(s)","In play, out(s)",0,0,1,98.4,2381.0,-0.3156796655458637,2.429439262940523,3.258,1.644,,,,Groundout,0,4,3,true,Los Angeles Dodgers,Minnesota Twins
823691,2026-06-24,2026,Regular Season,45,5,bottom,660271,Shohei Ohtani,665019,Kody Clemens,R,L,1,ca6ec5d8-252b-302f-b6cc-a45daaacf8fc,Four-Seam Fastball,FF,Called Strike,Called Strike,0,1,2,101.2,2554.0,-0.1883794601170603,2.3997113626435076,3.211,1.621,,,,,,,,,Los Angeles Dodgers,Minnesota Twins
823691,2026-06-24,2026,Regular Season,45,5,bottom,660271,Shohei Ohtani,665019,Kody Clemens,R,L,2,acef855a-6d59-30b0-ba8e-f6ed5e794ef5,Four-Seam Fastball,FF,Foul Tip,Foul Tip,0,2,2,100.2,2534.0,-0.29527031342132964,2.7232596554920803,3.211,1.621,,,,,,,,,Los Angeles Dodgers,Minnesota Twins
823691,2026-06-24,2026,Regular Season,45,5,bottom,660271,Shohei Ohtani,665019,Kody Clemens,R,L,3,82800dd5-b759-39f1-a878-42ecd5dac8ed,Curveball,CU,Ball,Ball,1,2,2,82.5,2836.0,-2.255095948382392,2.94993367318215,3.211,1.621,,,,,,,,,Los Angeles Dodgers,Minnesota Twins
823691,2026-06-24,2026,Regular Season,45,5,bottom,660271,Shohei Ohtani,665019,Kody Clemens,R,L,4,4c2220af-ce98-388e-9b1b-458ac39f5c77,Sinker,SI,Foul,Foul,1,2,2,99.4,2330.0,-1.1873854779228512,2.0330046839868468,3.211,1.621,,,,,,,,,Los Angeles Dodgers,Minnesota Twins
823691,2026-06-24,2026,Regular Season,45,5,bottom,660271,Shohei Ohtani,665019,Kody Clemens,R,L,5,bf4e98ca-7cd0-3739-b9a0-d557b33352eb,Splitter,FS,Ball,Ball,2,2,2,92.0,1566.0,0.5540773327192625,-7.45619047379346E-4,3.211,1.621,,,,,,,,,Los Angeles Dodgers,Minnesota Twins
823691,2026-06-24,2026,Regular Season,45,5,bottom,660271,Shohei Ohtani,665019,Kody Clemens,R,L,6,c4494e05-9d70-3c6d-b549-32dfcbfa2bda,Sweeper,ST,Foul,Foul,2,2,2,86.9,2854.0,0.0958210932653181,2.094449762443854,3.211,1.621,,,,,,,,,Los Angeles Dodgers,Minnesota Twins
823691,2026-06-24,2026,Regular Season,45,5,bottom,660271,Shohei Ohtani,665019,Kody Clemens,R,L,7,1dc94dee-1358-3124-87bd-4cfcae033df3,Four-Seam Fastball,FF,"In play, out(s)","In play, out(s)",2,2,2,100.6,2553.0,0.19463422746384598,2.902560863080091,3.211,1.621,,,,Groundout,0,4,3,true,Los Angeles Dodgers,Minnesota Twins
823691,2026-06-24,2026,Regular Season,49,6,bottom,660271,Shohei Ohtani,605137,Josh Bell,R,L,1,f10489b3-0078-3c9f-a03e-adbf44e14dd1,Splitter,FS,Ball,Ball,1,0,0,91.2,1840.0,1.925827769674959,1.0724884406307968,3.335,1.683,,,,,,,,,Los Angeles Dodgers,Minnesota Twins
823691,2026-06-24,2026,Regular Season,49,6,bottom,660271,Shohei Ohtani,605137,Josh Bell,R,L,2,de41677c-556b-3e3f-a38d-5a045b3d5906,Four-Seam Fastball,FF,Ball,Ball,2,0,0,100.7,2520.0,-0.014101567716379703,1.5538420255882794,3.335,1.683,,,,,,,,,Los Angeles Dodgers,Minnesota Twins
823691,2026-06-24,2026,Regular Season,49,6,bottom,660271,Shohei Ohtani,605137,Josh Bell,R,L,3,0cfff8e2-8f90-3a23-8132-d24d88fdb3c8,Four-Seam Fastball,FF,Ball,Ball,3,0,0,99.7,2578.0,-1.2463706800365937,3.3560583872749543,3.335,1.683,,,,,,,,,Los Angeles Dodgers,Minnesota Twins
823691,2026-06-24,2026,Regular Season,49,6,bottom,660271,Shohei Ohtani,605137,Josh Bell,R,L,4,7000e21f-90cf-3194-ad11-0a11bf11c518,Four-Seam Fastball,FF,Foul,Foul,3,1,0,98.7,2565.0,0.3395661219498388,2.0999194210445293,3.335,1.683,,,,,,,,,Los Angeles Dodgers,Minnesota Twins
823691,2026-06-24,2026,Regular Season,49,6,bottom,660271,Shohei Ohtani,605137,Josh Bell,R,L,5,732db839-f21a-3315-90e0-06941d3f4854,Sweeper,ST,Swinging Strike,Swinging Strike,3,2,0,86.2,2719.0,0.0514197506993218,2.4816728817570364,3.335,1.683,,,,,,,,,Los Angeles Dodgers,Minnesota Twins
823691,2026-06-24,2026,Regular Season,49,6,bottom,660271,Shohei Ohtani,605137,Josh Bell,R,L,6,e701fb52-aac3-3f35-b338-8c81d2d674c5,Sweeper,ST,Foul,Foul,3,2,0,88.7,2775.0,0.2606754350201281,2.831113305101496,3.335,1.683,,,,,,,,,Los Angeles Dodgers,Minnesota Twins
823691,2026-06-24,2026,Regular Season,49,6,bottom,660271,Shohei Ohtani,605137,Josh Bell,R,L,7,bcca4b4a-991e-3aa3-bc4a-78e5bfb33f83,Four-Seam Fastball,FF,Swinging Strike,Swinging Strike,3,3,0,99.1,2598.0,-0.807637991619464,2.8351738451513153,3.335,1.683,,,,Strikeout,0,4,3,true,Los Angeles Dodgers,Minnesota Twins
823691,2026-06-24,2026,Regular Season,50,6,bottom,660271,Shohei Ohtani,605170,Victor Caratini,R,L,1,efbd26b1-0163-3875-8939-ab1ac1c02f8b,Sinker,SI,Ball,Ball,1,0,1,99.5,2336.0,-0.9573835858217234,2.9437895047845486,3.201,1.615,,,,,,,,,Los Angeles Dodgers,Minnesota Twins
823691,2026-06-24,2026,Regular Season,50,6,bottom,660271,Shohei Ohtani,605170,Victor Caratini,R,L,2,76370676-bef2-394e-95c4-8b4de07303ff,Sweeper,ST,Ball,Ball,2,0,1,86.2,2811.0,-1.0923224632177297,1.515169733383921,3.201,1.615,,,,,,,,,Los Angeles Dodgers,Minnesota Twins
823691,2026-06-24,2026,Regular Season,50,6,bottom,660271,Shohei Ohtani,605170,Victor Caratini,R,L,3,542842d0-d281-34b5-a529-ffd6a2c8344a,Cutter,FC,Ball,Ball,3,0,1,94.6,2524.0,-0.24689634983564662,1.148886711556343,3.201,1.615,,,,,,,,,Los Angeles Dodgers,Minnesota Twins
823691,2026-06-24,2026,Regular Season,50,6,bottom,660271,Shohei Ohtani,605170,Victor Caratini,R,L,4,96183a97-f44f-3c4d-a46d-d8b775c0d4ac,Four-Seam Fastball,FF,Called Strike,Called Strike,3,1,1,98.6,2554.0,0.3905968163191081,2.7169441520220743,3.201,1.615,,,,,,,,,Los Angeles Dodgers,Minnesota Twins
823691,2026-06-24,2026,Regular Season,50,6,bottom,660271,Shohei Ohtani,605170,Victor Caratini,R,L,5,088ffa63-96f2-3cde-9504-096cfc08a3db,Four-Seam Fastball,FF,Called Strike,Called Strike,3,2,1,99.1,2582.0,0.5782077565874769,2.1469643255941517,3.201,1.615,,,,,,,,,Los Angeles Dodgers,Minnesota Twins
823691,2026-06-24,2026,Regular Season,50,6,bottom,660271,Shohei Ohtani,605170,Victor Caratini,R,L,6,ab50090c-5376-372e-84e9-abf08cb68b72,Sweeper,ST,Swinging Strike,Swinging Strike,3,3,1,89.2,2769.0,0.4980677316243992,1.7759742323699046,3.201,1.615,,,,Strikeout,0,4,3,true,Los Angeles Dodgers,Minnesota Twins
823691,2026-06-24,2026,Regular Season,51,6,bottom,660271,Shohei Ohtani,668904,Royce Lewis,R,R,1,075f22e5-d97d-33c6-b0f0-71c5caaaaf6e,Sweeper,ST,Called Strike,Called Strike,0,1,2,85.4,2806.0,-0.5400654847457202,2.7524655893648866,3.205,1.618,,,,,,,,,Los Angeles Dodgers,Minnesota Twins
823691,2026-06-24,2026,Regular Season,51,6,bottom,660271,Shohei Ohtani,668904,Royce Lewis,R,R,2,4515ba49-26ab-352a-a1fa-ba477fd847d9,Sweeper,ST,Called Strike,Called Strike,0,2,2,87.5,2964.0,-0.5406927773578605,3.1357885578022575,3.205,1.618,,,,,,,,,Los Angeles Dodgers,Minnesota Twins
823691,2026-06-24,2026,Regular Season,51,6,bottom,660271,Shohei Ohtani,668904,Royce Lewis,R,R,3,68a112d4-b5f5-38f0-8dbb-62155a091b33,Curveball,CU,Foul,Foul,0,2,2,80.4,2812.0,-0.20674385862339245,1.8480530911096762,3.205,1.618,,,,,,,,,Los Angeles Dodgers,Minnesota Twins
823691,2026-06-24,2026,Regular Season,51,6,bottom,660271,Shohei Ohtani,668904,Royce Lewis,R,R,4,c076ad47-5ec1-301f-a2ca-84ceb33034b0,Four-Seam Fastball,FF,Ball,Ball,1,2,2,100.6,2542.0,1.7168470443234538,0.18430858169060876,3.205,1.618,,,,,,,,,Los Angeles Dodgers,Minnesota Twins
823691,2026-06-24,2026,Regular Season,51,6,bottom,660271,Shohei Ohtani,668904,Royce Lewis,R,R,5,50c23a6f-9302-35ef-b630-a77d4b9cee54,Sinker,SI,Foul,Foul,1,2,2,98.4,2312.0,0.09955747582563203,1.9313530705097066,3.205,1.618,,,,,,,,,Los Angeles Dodgers,Minnesota Twins
823691,2026-06-24,2026,Regular Season,51,6,bottom,660271,Shohei Ohtani,668904,Royce Lewis,R,R,6,99c0594d-e3b8-3f87-bb04-6653b3881d02,Sweeper,ST,Ball,Ball,2,2,2,86.9,2927.0,0.7416431805222117,0.5223025577096471,3.205,1.618,,,,,,,,,Los Angeles Dodgers,Minnesota Twins
823691,2026-06-24,2026,Regular Season,51,6,bottom,660271,Shohei Ohtani,668904,Royce Lewis,R,R,7,87cf6592-67b5-33d7-9027-80f34c4c44de,Four-Seam Fastball,FF,"In play, out(s)","In play, out(s)",2,2,2,98.8,2592.0,0.6102334357254042,3.0928999435479163,3.205,1.618,,,,Groundout,0,4,3,true,Los Angeles Dodgers,Minnesota Twins
823933,2026-07-03,2026,Regular Season,1,1,top,660271,Shohei Ohtani,665487,Fernando Tatis Jr.,R,R,1,0c1c5baa-2f10-3d7a-b4b6-a7447a9ec8b2,Sinker,SI,Ball,Ball,1,0,0,96.2,2233.0,0.9074577927078469,2.495921472832813,3.346,1.689,,,,,,,,,San Diego Padres,Los Angeles Dodgers
823933,2026-07-03,2026,Regular Season,1,1,top,660271,Shohei Ohtani,665487,Fernando Tatis Jr.,R,R,2,e1ad235e-eb33-3af7-ac1f-2f09ae864b99,Sweeper,ST,Ball,Ball,2,0,0,82.9,2757.0,1.415727652086097,1.978944020192441,3.346,1.689,,,,,,,,,San Diego Padres,Los Angeles Dodgers
823933,2026-07-03,2026,Regular Season,1,1,top,660271,Shohei Ohtani,665487,Fernando Tatis Jr.,R,R,3,912a28c2-f525-3e4a-aa0b-80a288215abd,Sinker,SI,Ball,Ball,3,0,0,95.0,2208.0,-0.18140744276369375,4.002352826246817,3.346,1.689,,,,,,,,,San Diego Padres,Los Angeles Dodgers
823933,2026-07-03,2026,Regular Season,1,1,top,660271,Shohei Ohtani,665487,Fernando Tatis Jr.,R,R,4,c4190d2f-fe6b-34d6-ba6d-11fd1951081d,Four-Seam Fastball,FF,Ball,Ball,4,0,0,94.4,2353.0,1.0905405539147017,1.1866288852400784,3.346,1.689,,,,Walk,0,0,0,false,San Diego Padres,Los Angeles Dodgers
823933,2026-07-03,2026,Regular Season,2,1,top,660271,Shohei Ohtani,630105,Jake Cronenworth,R,L,1,15a86b83-fcc3-3c22-a514-6c66db75fea8,Four-Seam Fastball,FF,Ball,Ball,1,0,0,98.3,2475.0,1.03277971619772,3.147433621216371,3.172,1.601,665487,,,,,,,,San Diego Padres,Los Angeles Dodgers
823933,2026-07-03,2026,Regular Season,2,1,top,660271,Shohei Ohtani,630105,Jake Cronenworth,R,L,2,eace2422-c967-3995-a8d7-ae6d4078a839,Four-Seam Fastball,FF,Ball,Ball,2,0,0,97.8,2420.0,1.0298931477329893,2.0757314513033402,3.172,1.601,665487,,,,,,,,San Diego Padres,Los Angeles Dodgers
823933,2026-07-03,2026,Regular Season,2,1,top,660271,Shohei Ohtani,630105,Jake Cronenworth,R,L,3,14881038-8dce-34fb-8bb4-796c780ed4f7,Four-Seam Fastball,FF,Called Strike,Called Strike,2,1,0,97.3,2374.0,0.013212070890356187,2.210075086838836,3.172,1.601,665487,,,,,,,,San Diego Padres,Los Angeles Dodgers
823933,2026-07-03,2026,Regular Season,2,1,top,660271,Shohei Ohtani,630105,Jake Cronenworth,R,L,4,ac718363-4897-3afb-955e-432c88d8b6c0,Four-Seam Fastball,FF,Foul,Foul,2,2,0,98.5,2465.0,-0.28453452233489895,2.5438622417228896,3.172,1.601,665487,,,,,,,,San Diego Padres,Los Angeles Dodgers
823933,2026-07-03,2026,Regular Season,2,1,top,660271,Shohei Ohtani,630105,Jake Cronenworth,R,L,5,2f5aa567-4742-3660-91be-0ce739bc32bc,Sweeper,ST,Foul,Foul,2,2,0,87.1,2727.0,-0.3940431294205396,1.8246794473333259,3.172,1.601,665487,,,,,,,,San Diego Padres,Los Angeles Dodgers
823933,2026-07-03,2026,Regular Season,2,1,top,660271,Shohei Ohtani,630105,Jake Cronenworth,R,L,6,93e1649c-6fb0-3aca-9695-685369264ffd,Four-Seam Fastball,FF,Ball,Ball,3,2,0,99.9,2587.0,-0.5840738513523971,1.189409542408418,3.172,1.601,665487,,,,,,,,San Diego Padres,Los Angeles Dodgers
823933,2026-07-03,2026,Regular Season,2,1,top,660271,Shohei Ohtani,630105,Jake Cronenworth,R,L,7,c62bf406-2975-347a-b248-97677626a7d5,Four-Seam Fastball,FF,Ball,Ball,4,2,0,98.8,2601.0,0.9852813809367486,2.3034371089779424,3.172,1.601,665487,,,Walk,0,0,0,false,San Diego Padres,Los Angeles Dodgers
823933,2026-07-03,2026,Regular Season,3,1,top,660271,Shohei Ohtani,592518,Manny Machado,R,R,1,5004e750-4ba0-33c1-8f68-2c58bcf91d2a,Sweeper,ST,Called Strike,Called Strike,0,1,0,86.0,2795.0,0.10150105950282105,2.815647230423672,3.314,1.672,630105,665487,,,,,,,San Diego Padres,Los Angeles Dodgers
823933,2026-07-03,2026,Regular Season,3,1,top,660271,Shohei Ohtani,592518,Manny Machado,R,R,2,e262a235-fb72-399f-bbd9-f4d9ae4419bc,Four-Seam Fastball,FF,Ball,Ball,1,1,0,100.1,2660.0,0.14007360311926753,1.1491282252673976,3.314,1.672,630105,665487,,,,,,,San Diego Padres,Los Angeles Dodgers
823933,2026-07-03,2026,Regular Season,3,1,top,660271,Shohei Ohtani,592518,Manny Machado,R,R,3,c38bf868-a4b5-3e56-9e34-40582df771c2,Sinker,SI,Foul,Foul,1,2,0,96.9,2349.0,-0.3725241937770409,2.4955077828777563,3.314,1.672,630105,665487,,,,,,,San Diego Padres,Los Angeles Dodgers
823933,2026-07-03,2026,Regular Season,3,1,top,660271,Shohei Ohtani,592518,Manny Machado,R,R,4,ee102364-635f-34c2-b303-43123da32385,Curveball,CU,Ball,Ball,2,2,0,77.3,2742.0,-0.517232784450147,4.589373036200603,3.314,1.672,630105,665487,,,,,,,San Diego Padres,Los Angeles Dodgers
823933,2026-07-03,2026,Regular Season,3,1,top,660271,Shohei Ohtani,592518,Manny Machado,R,R,5,f782a8d0-7b66-32d9-8b8b-d2edc5da166a,Sinker,SI,Swinging Strike,Swinging Strike,2,3,0,97.5,2312.0,-0.2767877601161056,3.271634248461478,3.314,1.672,630105,665487,,Strikeout,0,0,0,true,San Diego Padres,Los Angeles Dodgers
823933,2026-07-03,2026,Regular Season,4,1,top,660271,Shohei Ohtani,657757,Gavin Sheets,R,L,1,833f893d-18d3-303e-aa23-308ff3848e60,Sweeper,ST,Called Strike,Called Strike,0,1,1,84.9,2829.0,-0.27211078818261075,2.432230356501294,3.351,1.691,630105,665487,,,,,,,San Diego Padres,Los Angeles Dodgers
823933,2026-07-03,2026,Regular Season,4,1,top,660271,Shohei Ohtani,657757,Gavin Sheets,R,L,2,5101901f-c64b-35ea-9c2b-f328e21ae36d,Four-Seam Fastball,FF,Ball,Ball,1,1,1,100.3,2561.0,-0.8382060151399385,3.143990905475455,3.351,1.691,630105,665487,,,,,,,San Diego Padres,Los Angeles Dodgers
823933,2026-07-03,2026,Regular Season,4,1,top,660271,Shohei Ohtani,657757,Gavin Sheets,R,L,3,9c8e299b-ea0b-3fdf-8f08-20b1e14422c8,Four-Seam Fastball,FF,Foul,Foul,1,2,1,100.2,2551.0,0.42792373260965866,1.9490415350169867,3.351,1.691,630105,665487,,,,,,,San Diego Padres,Los Angeles Dodgers
823933,2026-07-03,2026,Regular Season,4,1,top,660271,Shohei Ohtani,657757,Gavin Sheets,R,L,4,a95cbca5-6bf3-3adc-915f-4b77ba2ba623,Four-Seam Fastball,FF,Foul,Foul,1,2,1,99.7,2600.0,-0.34663052518551085,3.7976133802173844,3.351,1.691,630105,665487,,,,,,,San Diego Padres,Los Angeles Dodgers
823933,2026-07-03,2026,Regular Season,4,1,top,660271,Shohei Ohtani,657757,Gavin Sheets,R,L,5,ba299b62-e5aa-32cd-8c7e-0b5991cc462d,Curveball,CU,Ball,Ball,2,2,1,72.4,2558.0,-3.667658563488511,3.7837909742084954,3.351,1.691,630105,665487,,,,,,,San Diego Padres,Los Angeles Dodgers
823933,2026-07-03,2026,Regular Season,4,1,top,660271,Shohei Ohtani,657757,Gavin Sheets,R,L,6,96a98b4f-f511-3e7a-927e-867fd7fa90c0,Sweeper,ST,"In play, run(s)","In play, run(s)",2,2,1,87.2,2793.0,-0.07528220648548538,3.1670489554245496,3.351,1.691,630105,665487,,Single,1,1,0,false,San Diego Padres,Los Angeles Dodgers
823933,2026-07-03,2026,Regular Season,5,1,top,660271,Shohei Ohtani,664034,Ty France,R,R,1,088891a0-7635-3d2f-8e12-491aa63fdda3,Four-Seam Fastball,FF,Ball,Ball,1,0,1,99.5,2495.0,0.8858188050890425,0.9025338157280987,3.103,1.566,657757,,630105,,,,,,San Diego Padres,Los Angeles Dodgers
823933,2026-07-03,2026,Regular Season,5,1,top,660271,Shohei Ohtani,664034,Ty France,R,R,2,d26b0cc4-f920-3d5d-8423-c15d30837693,Four-Seam Fastball,FF,Swinging Strike,Swinging Strike,1,1,1,99.4,2476.0,0.3376966418568279,2.6636988913930786,3.103,1.566,657757,,630105,,,,,,San Diego Padres,Los Angeles Dodgers
823933,2026-07-03,2026,Regular Season,5,1,top,660271,Shohei Ohtani,664034,Ty France,R,R,3,cb4c8a6e-c58a-3463-beef-57ca3fd186a1,Sweeper,ST,Foul,Foul,1,2,1,83.8,2889.0,0.8511404775389394,2.5847962257572608,3.103,1.566,657757,,630105,,,,,,San Diego Padres,Los Angeles Dodgers
823933,2026-07-03,2026,Regular Season,5,1,top,660271,Shohei Ohtani,664034,Ty France,R,R,4,9069de4a-5a53-32df-a641-b54016250458,Four-Seam Fastball,FF,Swinging Strike,Swinging Strike,1,3,1,99.2,2548.0,0.6532650912684913,2.376412313503041,3.103,1.566,657757,,630105,Strikeout,0,1,0,true,San Diego Padres,Los Angeles Dodgers
823933,2026-07-03,2026,Regular Season,6,1,top,660271,Shohei Ohtani,701538,Jackson Merrill,R,L,1,1c6c825d-1fd3-3e9a-a958-f46283f0cf21,Four-Seam Fastball,FF,Swinging Strike,Swinging Strike,0,1,2,99.8,2508.0,0.3406717797856475,2.2093504103510737,3.32,1.676,657757,,630105,,,,,,San Diego Padres,Los Angeles Dodgers
823933,2026-07-03,2026,Regular Season,6,1,top,660271,Shohei Ohtani,701538,Jackson Merrill,R,L,2,a8bd1253-4fd5-32ad-9663-e388e8cf7ddb,Four-Seam Fastball,FF,Called Strike,Called Strike,0,2,2,100.5,2539.0,-0.3705831406776633,2.1309077023457053,3.32,1.676,657757,,630105,,,,,,San Diego Padres,Los Angeles Dodgers
823933,2026-07-03,2026,Regular Season,6,1,top,660271,Shohei Ohtani,701538,Jackson Merrill,R,L,3,f959a344-5d3c-300b-b1d9-9fb3f09b9551,Four-Seam Fastball,FF,Swinging Strike,Swinging Strike,0,3,2,99.5,2511.0,-0.85505907678234,3.1859434566637703,3.32,1.676,657757,,630105,Strikeout,0,1,0,true,San Diego Padres,Los Angeles Dodgers
823933,2026-07-03,2026,Regular Season,10,2,top,660271,Shohei Ohtani,593428,Xander Bogaerts,R,R,1,a8001b54-fc83-316c-8145-dd2768535fde,Sinker,SI,Foul,Foul,0,1,0,95.4,2230.0,-0.5487110667429453,3.2896265001614244,3.285,1.658,,,,,,,,,San Diego Padres,Los Angeles Dodgers
823933,2026-07-03,2026,Regular Season,10,2,top,660271,Shohei Ohtani,593428,Xander Bogaerts,R,R,2,02c0eb41-88ec-3a1a-ae40-942834f4e8d7,Sweeper,ST,"In play, out(s)","In play, out(s)",0,1,0,87.5,2780.0,-0.06314784377071406,2.5411820158843463,3.285,1.658,,,,Groundout,0,1,0,true,San Diego Padres,Los Angeles Dodgers
823933,2026-07-03,2026,Regular Season,11,2,top,660271,Shohei Ohtani,823550,Sung-Mun Song,R,L,1,c32b30f3-637f-3cea-a4b6-94fbec1b2f54,Four-Seam Fastball,FF,Called Strike,Called Strike,0,1,1,98.0,2505.0,0.6054164633264792,1.8047277160227129,3.189,1.61,,,,,,,,,San Diego Padres,Los Angeles Dodgers
823933,2026-07-03,2026,Regular Season,11,2,top,660271,Shohei Ohtani,823550,Sung-Mun Song,R,L,2,f3bf96e0-165f-37f9-bf71-de471c1259c0,Splitter,FS,Ball,Ball,1,1,1,88.1,1494.0,1.2623134116936714,0.7362795363487066,3.189,1.61,,,,,,,,,San Diego Padres,Los Angeles Dodgers
823933,2026-07-03,2026,Regular Season,11,2,top,660271,Shohei Ohtani,823550,Sung-Mun Song,R,L,3,5c8b2f26-729d-3112-acdc-50c661ba1028,Four-Seam Fastball,FF,Foul,Foul,1,2,1,99.2,2456.0,-0.5604373485104547,2.547268493297099,3.189,1.61,,,,,,,,,San Diego Padres,Los Angeles Dodgers
823933,2026-07-03,2026,Regular Season,11,2,top,660271,Shohei Ohtani,823550,Sung-Mun Song,R,L,4,021b4fc2-77e6-3bc3-8121-0b66bbc9e702,Splitter,FS,Foul,Foul,1,2,1,88.7,1501.0,-0.7532567007078926,1.7332418918038324,3.189,1.61,,,,,,,,,San Diego Padres,Los Angeles Dodgers
823933,2026-07-03,2026,Regular Season,11,2,top,660271,Shohei Ohtani,823550,Sung-Mun Song,R,L,5,ea3395b3-4ac7-3a36-8651-c77540ea4e2a,Four-Seam Fastball,FF,Ball,Ball,2,2,1,98.9,2481.0,-2.1021322240234213,3.9663259441011816,3.189,1.61,,,,,,,,,San Diego Padres,Los Angeles Dodgers
823933,2026-07-03,2026,Regular Season,11,2,top,660271,Shohei Ohtani,823550,Sung-Mun Song,R,L,6,c8944adc-887c-3047-82c9-86cac9965fc0,Sweeper,ST,Swinging Strike,Swinging Strike,2,3,1,86.3,2636.0,-0.3891147992968326,3.0309751348842036,3.189,1.61,,,,Strikeout,0,1,0,true,San Diego Padres,Los Angeles Dodgers
823933,2026-07-03,2026,Regular Season,12,2,top,660271,Shohei Ohtani,660710,Rodolfo Durán,R,R,1,008f87e1-a1b7-396d-ad5d-718e03882488,Sweeper,ST,Ball,Ball,1,0,2,82.4,2666.0,-1.0015278160347731,3.893591499782377,3.031,1.53,,,,,,,,,San Diego Padres,Los Angeles Dodgers
823933,2026-07-03,2026,Regular Season,12,2,top,660271,Shohei Ohtani,660710,Rodolfo Durán,R,R,2,53ce629d-63d4-3951-bbca-7223f87de351,Sweeper,ST,Ball,Ball,2,0,2,85.1,2685.0,-0.8382397905985857,3.038200163968152,3.031,1.53,,,,,,,,,San Diego Padres,Los Angeles Dodgers
823933,2026-07-03,2026,Regular Season,12,2,top,660271,Shohei Ohtani,660710,Rodolfo Durán,R,R,3,54ff6cca-728d-3b3f-a47d-b976ff0acc0e,Sinker,SI,Called Strike,Called Strike,2,1,2,97.3,2209.0,0.025608010911841055,2.2589344686004122,3.031,1.53,,,,,,,,,San Diego Padres,Los Angeles Dodgers
823933,2026-07-03,2026,Regular Season,12,2,top,660271,Shohei Ohtani,660710,Rodolfo Durán,R,R,4,fe4bd7ed-186d-3d6c-8056-bdef461c9fb5,Four-Seam Fastball,FF,Ball,Ball,3,1,2,98.2,2547.0,1.1513843609404675,2.156601635211696,3.031,1.53,,,,,,,,,San Diego Padres,Los Angeles Dodgers
823933,2026-07-03,2026,Regular Season,12,2,top,660271,Shohei Ohtani,660710,Rodolfo Durán,R,R,5,bcf7c496-40c5-37a5-bdcd-fe38b6b72cc0,Sinker,SI,Called Strike,Called Strike,3,2,2,95.9,2234.0,0.6033153776591478,2.9877700587008085,3.031,1.53,,,,,,,,,San Diego Padres,Los Angeles Dodgers
823933,2026-07-03,2026,Regular Season,12,2,top,660271,Shohei Ohtani,660710,Rodolfo Durán,R,R,6,d555de2b-caac-394e-be19-cbad34c9a505,Sinker,SI,Foul,Foul,3,2,2,97.3,2266.0,-0.8010861861540624,2.6001383646071354,3.031,1.53,,,,,,,,,San Diego Padres,Los Angeles Dodgers
823933,2026-07-03,2026,Regular Season,12,2,top,660271,Shohei Ohtani,660710,Rodolfo Durán,R,R,7,6e7a98e6-0c04-3faf-bd9a-f67bf4a839b5,Sweeper,ST,Swinging Strike,Swinging Strike,3,3,2,88.1,2690.0,0.05872028030302075,2.266429105110663,3.031,1.53,,,,Strikeout,0,1,0,true,San Diego Padres,Los Angeles Dodgers
823933,2026-07-03,2026,Regular Season,16,3,top,660271,Shohei Ohtani,665487,Fernando Tatis Jr.,R,R,1,3c2e1141-3d49-3d9b-b2f0-1730af08a3a9,Sweeper,ST,Ball,Ball,1,0,0,85.2,2662.0,1.2906743474794715,2.107473484666453,3.346,1.689,,,,,,,,,San Diego Padres,Los Angeles Dodgers
823933,2026-07-03,2026,Regular Season,16,3,top,660271,Shohei Ohtani,665487,Fernando Tatis Jr.,R,R,2,d41de42e-99ef-33ce-be2a-194bab4dfccd,Sweeper,ST,Called Strike,Called Strike,1,1,0,85.1,2721.0,-0.3094189998721279,2.582068206853019,3.346,1.689,,,,,,,,,San Diego Padres,Los Angeles Dodgers
823933,2026-07-03,2026,Regular Season,16,3,top,660271,Shohei Ohtani,665487,Fernando Tatis Jr.,R,R,3,e8d60a4f-cc80-3ac2-a62a-aa701fbdd7f2,Sweeper,ST,Foul,Foul,1,2,0,86.7,2855.0,1.1177901375841444,2.357272147838378,3.346,1.689,,,,,,,,,San Diego Padres,Los Angeles Dodgers
823933,2026-07-03,2026,Regular Season,16,3,top,660271,Shohei Ohtani,665487,Fernando Tatis Jr.,R,R,4,42d6c203-47bd-376d-82da-d2c5594fdd4b,Sweeper,ST,Swinging Strike,Swinging Strike,1,3,0,87.2,2893.0,0.9256484937575059,1.9057364856437142,3.346,1.689,,,,Strikeout,0,1,0,true,San Diego Padres,Los Angeles Dodgers
823933,2026-07-03,2026,Regular Season,17,3,top,660271,Shohei Ohtani,630105,Jake Cronenworth,R,L,1,2432708e-b9fe-3969-9b80-20074bf3060c,Sweeper,ST,Called Strike,Called Strike,0,1,1,86.6,2866.0,0.6218247344688805,1.6733831450890353,3.172,1.601,,,,,,,,,San Diego Padres,Los Angeles Dodgers
823933,2026-07-03,2026,Regular Season,17,3,top,660271,Shohei Ohtani,630105,Jake Cronenworth,R,L,2,da170f7a-16c0-329b-bd04-5e20cf0f89e4,Four-Seam Fastball,FF,Ball,Ball,1,1,1,99.1,2600.0,1.5363010773184398,1.6244478706626193,3.172,1.601,,,,,,,,,San Diego Padres,Los Angeles Dodgers
823933,2026-07-03,2026,Regular Season,17,3,top,660271,Shohei Ohtani,630105,Jake Cronenworth,R,L,3,39d787aa-69f9-3ee6-9fe6-c1d693ba5bc9,Four-Seam Fastball,FF,Ball,Ball,2,1,1,99.4,2575.0,-1.1744025761143941,2.5992545810900416,3.172,1.601,,,,,,,,,San Diego Padres,Los Angeles Dodgers
823933,2026-07-03,2026,Regular Season,17,3,top,660271,Shohei Ohtani,630105,Jake Cronenworth,R,L,4,cf2592d2-83cb-31bb-89ae-5eee96befb3d,Sweeper,ST,Called Strike,Called Strike,2,2,1,85.7,2796.0,-0.4568030664381429,1.9447051224885425,3.172,1.601,,,,,,,,,San Diego Padres,Los Angeles Dodgers
823933,2026-07-03,2026,Regular Season,17,3,top,660271,Shohei Ohtani,630105,Jake Cronenworth,R,L,5,cee0fea4-947d-36c6-8c20-ba0511422a18,Four-Seam Fastball,FF,Foul Tip,Foul Tip,2,3,1,99.3,2604.0,-0.9286604421515708,2.4984432945029402,3.172,1.601,,,,Strikeout,0,1,0,true,San Diego Padres,Los Angeles Dodgers
823933,2026-07-03,2026,Regular Season,18,3,top,660271,Shohei Ohtani,592518,Manny Machado,R,R,1,260618ff-65a5-34cc-afc8-cec38a6c28f7,Sinker,SI,Ball,Ball,1,0,2,96.3,2346.0,1.0317524902817015,2.485900710834791,3.314,1.672,,,,,,,,,San Diego Padres,Los Angeles Dodgers
823933,2026-07-03,2026,Regular Season,18,3,top,660271,Shohei Ohtani,592518,Manny Machado,R,R,2,d911b9af-0f9e-3461-ae03-ab5a1d657238,Sinker,SI,"In play, out(s)","In play, out(s)",1,0,2,97.6,2329.0,-1.3229390472477178,2.2336295823979486,3.314,1.672,,,,Groundout,0,1,0,true,San Diego Padres,Los Angeles Dodgers
823933,2026-07-03,2026,Regular Season,22,4,top,660271,Shohei Ohtani,657757,Gavin Sheets,R,L,1,ad9150cf-b000-300c-9b39-54533c5d7284,Curveball,CU,Ball,Ball,1,0,0,74.5,2699.0,0.9682495948147751,2.6815759622803363,3.351,1.691,,,,,,,,,San Diego Padres,Los Angeles Dodgers
823933,2026-07-03,2026,Regular Season,22,4,top,660271,Shohei Ohtani,657757,Gavin Sheets,R,L,2,4388e7be-a57f-332f-880e-a2fae257df9b,Four-Seam Fastball,FF,Ball,Ball,2,0,0,98.7,2529.0,1.6733151799360126,1.9425473034170568,3.351,1.691,,,,,,,,,San Diego Padres,Los Angeles Dodgers
823933,2026-07-03,2026,Regular Season,22,4,top,660271,Shohei Ohtani,657757,Gavin Sheets,R,L,3,6c7e14ef-ea6a-3250-b211-8a271ab61208,Curveball,CU,Called Strike,Called Strike,2,1,0,74.7,2769.0,0.06492292934039384,1.8997771947958888,3.351,1.691,,,,,,,,,San Diego Padres,Los Angeles Dodgers
823933,2026-07-03,2026,Regular Season,22,4,top,660271,Shohei Ohtani,657757,Gavin Sheets,R,L,4,ebebbe36-7e17-34c4-ab02-35fabb75dbb7,Four-Seam Fastball,FF,Called Strike,Called Strike,2,2,0,98.7,2582.0,0.15212250294162843,1.9276537591461964,3.351,1.691,,,,,,,,,San Diego Padres,Los Angeles Dodgers
823933,2026-07-03,2026,Regular Season,22,4,top,660271,Shohei Ohtani,657757,Gavin Sheets,R,L,5,fa68b7d6-8e9f-3df8-a0b9-26d17ebbac62,Four-Seam Fastball,FF,Ball,Ball,3,2,0,98.9,2662.0,0.5607836862335611,1.5539097747818662,3.351,1.691,,,,,,,,,San Diego Padres,Los Angeles Dodgers
823933,2026-07-03,2026,Regular Season,22,4,top,660271,Shohei Ohtani,657757,Gavin Sheets,R,L,6,50612436-5863-355c-9b81-a3d12fbbfd4e,Four-Seam Fastball,FF,"In play, out(s)","In play, out(s)",3,2,0,99.4,2541.0,-0.19901834613935998,1.8172062968218121,3.351,1.691,,,,Groundout,0,1,0,true,San Diego Padres,Los Angeles Dodgers
823933,2026-07-03,2026,Regular Season,23,4,top,660271,Shohei Ohtani,664034,Ty France,R,R,1,405b429a-0632-366c-9694-3c03ed6077db,Sweeper,ST,"In play, out(s)","In play, out(s)",0,0,1,85.9,2841.0,-0.45755487188431687,2.2556977666893947,3.103,1.566,,,,Pop Out,0,1,0,true,San Diego Padres,Los Angeles Dodgers
823933,2026-07-03,2026,Regular Season,24,4,top,660271,Shohei Ohtani,701538,Jackson Merrill,R,L,1,4d2e3201-3462-3624-b48e-d3e73e87cc7e,Curveball,CU,Ball,Ball,1,0,2,73.9,2568.0,-1.6979912625539721,2.5359505760980565,3.32,1.676,,,,,,,,,San Diego Padres,Los Angeles Dodgers
823933,2026-07-03,2026,Regular Season,24,4,top,660271,Shohei Ohtani,701538,Jackson Merrill,R,L,2,05feef31-0fd4-3b44-9bc2-9954816a9dbd,Four-Seam Fastball,FF,Ball,Ball,2,0,2,98.3,2327.0,-0.6060375138260051,1.6238004589170771,3.32,1.676,,,,,,,,,San Diego Padres,Los Angeles Dodgers
823933,2026-07-03,2026,Regular Season,24,4,top,660271,Shohei Ohtani,701538,Jackson Merrill,R,L,3,3a635520-8f29-30fa-91a0-b1a6c0809f16,Four-Seam Fastball,FF,"In play, run(s)","In play, run(s)",2,0,2,99.5,2540.0,-0.22658360382507514,3.0048532557645604,3.32,1.676,,,,Home Run,1,2,0,false,San Diego Padres,Los Angeles Dodgers
823933,2026-07-03,2026,Regular Season,25,4,top,660271,Shohei Ohtani,593428,Xander Bogaerts,R,R,1,0f125378-941f-3554-9b8f-a0f5ecd1aa68,Sweeper,ST,Ball,Ball,1,0,2,86.6,2785.0,0.32302803470470687,1.6149139322966428,3.285,1.658,,,,,,,,,San Diego Padres,Los Angeles Dodgers
823933,2026-07-03,2026,Regular Season,25,4,top,660271,Shohei Ohtani,593428,Xander Bogaerts,R,R,2,9eb4cbf0-bd67-331e-9817-2d9bd6ffd483,Sinker,SI,Called Strike,Called Strike,1,1,2,95.4,2137.0,0.6088421450230627,2.6166693182794787,3.285,1.658,,,,,,,,,San Diego Padres,Los Angeles Dodgers
823933,2026-07-03,2026,Regular Season,25,4,top,660271,Shohei Ohtani,593428,Xander Bogaerts,R,R,3,3ff054f7-25b8-31fc-9c8c-5ccfc2837135,Sinker,SI,Foul,Foul,1,2,2,97.1,2133.0,-0.39829490214408303,2.0082313901002418,3.285,1.658,,,,,,,,,San Diego Padres,Los Angeles Dodgers
823933,2026-07-03,2026,Regular Season,25,4,top,660271,Shohei Ohtani,593428,Xander Bogaerts,R,R,4,d7687126-449f-31c6-9d35-d3ccd3988f0e,Sinker,SI,Foul,Foul,1,2,2,97.9,2178.0,-0.8629338412591351,2.4673884962207024,3.285,1.658,,,,,,,,,San Diego Padres,Los Angeles Dodgers
823933,2026-07-03,2026,Regular Season,25,4,top,660271,Shohei Ohtani,593428,Xander Bogaerts,R,R,5,94b65246-daad-3bd1-8d85-baa1a7d476c7,Sweeper,ST,"In play, out(s)","In play, out(s)",1,2,2,86.6,2937.0,-0.05808103082053892,2.6277423093141734,3.285,1.658,,,,Flyout,0,2,0,true,San Diego Padres,Los Angeles Dodgers
823933,2026-07-03,2026,Regular Season,30,5,top,660271,Shohei Ohtani,823550,Sung-Mun Song,R,L,1,d276b46d-4e71-3762-ab63-eb63510a66be,Four-Seam Fastball,FF,Foul Tip,Foul Tip,0,1,0,97.6,2559.0,0.6148287205933999,3.3969580204380234,3.189,1.61,,,,,,,,,San Diego Padres,Los Angeles Dodgers
823933,2026-07-03,2026,Regular Season,30,5,top,660271,Shohei Ohtani,823550,Sung-Mun Song,R,L,2,81c08481-dbf9-3ec3-9ff4-27233bef1d70,Sweeper,ST,Foul,Foul,0,2,0,85.7,2732.0,0.3327417353776015,2.3361707570877788,3.189,1.61,,,,,,,,,San Diego Padres,Los Angeles Dodgers
823933,2026-07-03,2026,Regular Season,30,5,top,660271,Shohei Ohtani,823550,Sung-Mun Song,R,L,3,8078412c-5367-31d1-898d-654f57d69526,Four-Seam Fastball,FF,"In play, out(s)","In play, out(s)",0,2,0,99.2,2559.0,0.15975380788004528,2.782289092316094,3.189,1.61,,,,Groundout,0,2,0,true,San Diego Padres,Los Angeles Dodgers
823933,2026-07-03,2026,Regular Season,31,5,top,660271,Shohei Ohtani,660710,Rodolfo Durán,R,R,1,2ede5592-49f6-3395-bf89-44a1ed6b8b6e,Sweeper,ST,Ball,Ball,1,0,1,85.4,2753.0,1.4756508741532843,1.56361267849326,3.031,1.53,,,,,,,,,San Diego Padres,Los Angeles Dodgers
823933,2026-07-03,2026,Regular Season,31,5,top,660271,Shohei Ohtani,660710,Rodolfo Durán,R,R,2,dd359287-5614-3bb4-a16d-ff3ba1792ece,Four-Seam Fastball,FF,Foul,Foul,1,1,1,95.9,2250.0,-0.15666026182592532,2.5237009482201413,3.031,1.53,,,,,,,,,San Diego Padres,Los Angeles Dodgers
823933,2026-07-03,2026,Regular Season,31,5,top,660271,Shohei Ohtani,660710,Rodolfo Durán,R,R,3,1ab7c674-f085-3208-8114-de6ffe05748e,Four-Seam Fastball,FF,Called Strike,Called Strike,1,2,1,97.6,2447.0,0.45051541831556746,1.7753751957760546,3.031,1.53,,,,,,,,,San Diego Padres,Los Angeles Dodgers
823933,2026-07-03,2026,Regular Season,31,5,top,660271,Shohei Ohtani,660710,Rodolfo Durán,R,R,4,543b9f41-2a07-385d-8299-f88af92e74b1,Sweeper,ST,"In play, no out","In play, no out",1,2,1,86.0,2873.0,0.8684267130183303,2.152423062284079,3.031,1.53,,,,Single,0,2,0,false,San Diego Padres,Los Angeles Dodgers
823933,2026-07-03,2026,Regular Season,32,5,top,660271,Shohei Ohtani,665487,Fernando Tatis Jr.,R,R,1,1bf47089-b6de-39ea-9933-cecca6a59729,Sinker,SI,Foul,Foul,0,1,1,96.7,2141.0,0.6835889863700945,2.682312574577413,3.346,1.689,660710,,,,,,,,San Diego Padres,Los Angeles Dodgers
823933,2026-07-03,2026,Regular Season,32,5,top,660271,Shohei Ohtani,665487,Fernando Tatis Jr.,R,R,2,f2811121-acdd-392b-850f-c0b33f2430a6,Sweeper,ST,Foul,Foul,0,2,1,84.8,2826.0,-0.25496206310272346,2.628640451586524,3.346,1.689,660710,,,,,,,,San Diego Padres,Los Angeles Dodgers
823933,2026-07-03,2026,Regular Season,32,5,top,660271,Shohei Ohtani,665487,Fernando Tatis Jr.,R,R,3,33401ff3-9b9b-3142-bf00-226c90d8f2b6,Four-Seam Fastball,FF,Swinging Strike,Swinging Strike,0,3,1,98.8,2447.0,0.22295681433887973,4.039312033793173,3.346,1.689,660710,,,Strikeout,0,2,0,true,San Diego Padres,Los Angeles Dodgers
823933,2026-07-03,2026,Regular Season,33,5,top,660271,Shohei Ohtani,630105,Jake Cronenworth,R,L,1,9e64316d-af6e-3bb2-90cf-cd2fb0f5bbdc,Four-Seam Fastball,FF,Swinging Strike,Swinging Strike,0,1,2,99.1,2416.0,1.1442482781027072,1.3287259563837628,3.172,1.601,660710,,,,,,,,San Diego Padres,Los Angeles Dodgers
823933,2026-07-03,2026,Regular Season,33,5,top,660271,Shohei Ohtani,630105,Jake Cronenworth,R,L,2,d796555e-a30b-3351-9781-eafe46bb25b4,Splitter,FS,Ball In Dirt,Ball In Dirt,1,1,2,90.2,1533.0,-0.5818252313779027,0.2257447242282228,3.172,1.601,660710,,,,,,,,San Diego Padres,Los Angeles Dodgers
823933,2026-07-03,2026,Regular Season,33,5,top,660271,Shohei Ohtani,630105,Jake Cronenworth,R,L,3,35ed491e-3865-344a-9572-12143b205919,Four-Seam Fastball,FF,Foul,Foul,1,2,2,99.3,2337.0,-0.6680371594083979,2.5040778880281707,3.172,1.601,660710,,,,,,,,San Diego Padres,Los Angeles Dodgers
823933,2026-07-03,2026,Regular Season,33,5,top,660271,Shohei Ohtani,630105,Jake Cronenworth,R,L,4,0c299f1c-3306-385e-a2c4-48f4b63799b8,Splitter,FS,"In play, no out","In play, no out",1,2,2,90.5,1430.0,-0.7122420740330595,2.198967710458428,3.172,1.601,660710,,,Single,0,2,0,false,San Diego Padres,Los Angeles Dodgers
823933,2026-07-03,2026,Regular Season,34,5,top,660271,Shohei Ohtani,592518,Manny Machado,R,R,1,66d5eb68-617d-3a21-b846-9f880f71156a,Sweeper,ST,"In play, out(s)","In play, out(s)",0,0,2,85.8,2793.0,0.5078822987641254,3.7329560954876184,3.314,1.672,630105,,660710,Groundout,0,2,0,true,San Diego Padres,Los Angeles Dodgers
823933,2026-07-03,2026,Regular Season,38,6,top,660271,Shohei Ohtani,657757,Gavin Sheets,R,L,1,68c66a60-9e7b-3595-90fd-c0b5f96793dc,Four-Seam Fastball,FF,Foul,Foul,0,1,0,97.0,2542.0,-0.6897280184624556,3.3289101252697133,3.351,1.691,,,,,,,,,San Diego Padres,Los Angeles Dodgers
823933,2026-07-03,2026,Regular Season,38,6,top,660271,Shohei Ohtani,657757,Gavin Sheets,R,L,2,dfe30303-bb3e-3648-ad3e-e84956d3419b,Four-Seam Fastball,FF,Foul,Foul,0,2,0,97.4,2648.0,1.1001774772910282,3.082190021356013,3.351,1.691,,,,,,,,,San Diego Padres,Los Angeles Dodgers
823933,2026-07-03,2026,Regular Season,38,6,top,660271,Shohei Ohtani,657757,Gavin Sheets,R,L,3,29421783-262d-3cf6-af1e-9c76613ce0a0,Splitter,FS,"In play, out(s)","In play, out(s)",0,2,0,89.6,1584.0,0.1718078019991082,1.5022763790585973,3.351,1.691,,,,Groundout,0,2,0,true,San Diego Padres,Los Angeles Dodgers
823933,2026-07-03,2026,Regular Season,39,6,top,660271,Shohei Ohtani,664034,Ty France,R,R,1,14b5c24a-22f2-39cf-8171-5d662dc6d7dc,Sweeper,ST,Foul,Foul,0,1,1,85.3,2838.0,0.30171371019821214,2.157066839794661,3.103,1.566,,,,,,,,,San Diego Padres,Los Angeles Dodgers
823933,2026-07-03,2026,Regular Season,39,6,top,660271,Shohei Ohtani,664034,Ty France,R,R,2,09417743-cf20-30d3-b805-0be2a67edd64,Four-Seam Fastball,FF,Ball,Ball,1,1,1,98.9,2466.0,1.334846474629435,2.4479968286370988,3.103,1.566,,,,,,,,,San Diego Padres,Los Angeles Dodgers
823933,2026-07-03,2026,Regular Season,39,6,top,660271,Shohei Ohtani,664034,Ty France,R,R,3,727053aa-bdb7-3107-bafc-07f6bcc49a84,Sinker,SI,Ball,Ball,2,1,1,97.7,2266.0,1.382855886409547,1.958714877833556,3.103,1.566,,,,,,,,,San Diego Padres,Los Angeles Dodgers
823933,2026-07-03,2026,Regular Season,39,6,top,660271,Shohei Ohtani,664034,Ty France,R,R,4,e85d1977-1548-30fc-bd08-9d8d7865aa72,Sinker,SI,Foul,Foul,2,2,1,95.9,2261.0,0.39226891826602706,2.838723330016891,3.103,1.566,,,,,,,,,San Diego Padres,Los Angeles Dodgers
823933,2026-07-03,2026,Regular Season,39,6,top,660271,Shohei Ohtani,664034,Ty France,R,R,5,4b7aaa59-19c5-3da0-94c6-85fa9bbd45d7,Four-Seam Fastball,FF,Swinging Strike,Swinging Strike,2,3,1,98.0,2568.0,-0.4888359641878685,3.0664962100801794,3.103,1.566,,,,Strikeout,0,2,0,true,San Diego Padres,Los Angeles Dodgers
823933,2026-07-03,2026,Regular Season,40,6,top,660271,Shohei Ohtani,701538,Jackson Merrill,R,L,1,269a5d95-69ea-3a0a-bdb3-1d618b098082,Splitter,FS,Foul,Foul,0,1,2,90.1,1526.0,0.061437975465746836,1.6963909356150906,3.32,1.676,,,,,,,,,San Diego Padres,Los Angeles Dodgers
823933,2026-07-03,2026,Regular Season,40,6,top,660271,Shohei Ohtani,701538,Jackson Merrill,R,L,2,b45eddab-52fb-3d17-a98b-aa8373a65fa5,Curveball,CU,Ball,Ball,1,1,2,74.6,2592.0,-0.8632982764632902,2.647271599902386,3.32,1.676,,,,,,,,,San Diego Padres,Los Angeles Dodgers
823933,2026-07-03,2026,Regular Season,40,6,top,660271,Shohei Ohtani,701538,Jackson Merrill,R,L,3,4f870644-5de3-33f5-9641-37eb3a854e31,Four-Seam Fastball,FF,"In play, no out","In play, no out",1,1,2,99.2,2451.0,0.6756956444845309,2.2420898653390897,3.32,1.676,,,,Single,0,2,0,false,San Diego Padres,Los Angeles Dodgers
823933,2026-07-03,2026,Regular Season,41,6,top,660271,Shohei Ohtani,593428,Xander Bogaerts,R,R,1,38ee2272-8487-3059-9fa9-b099914b75d4,Sweeper,ST,Foul,Foul,0,1,2,85.1,2653.0,0.36592177831735745,2.967202857593077,3.285,1.658,701538,,,,,,,,San Diego Padres,Los Angeles Dodgers
823933,2026-07-03,2026,Regular Season,41,6,top,660271,Shohei Ohtani,593428,Xander Bogaerts,R,R,2,5e2f561a-cf1e-3d63-b91b-d18177f70f76,Sinker,SI,Ball,Ball,1,1,2,96.8,2210.0,1.6727014125744815,2.298491491347893,3.285,1.658,701538,,,,,,,,San Diego Padres,Los Angeles Dodgers
823933,2026-07-03,2026,Regular Season,41,6,top,660271,Shohei Ohtani,593428,Xander Bogaerts,R,R,3,17c30819-fafa-34b5-9613-cc1e4efba75c,Sinker,SI,"In play, run(s)","In play, run(s)",1,1,2,96.5,2279.0,0.5836344108913061,3.043925884494011,3.285,1.658,701538,,,Double,1,3,0,false,San Diego Padres,Los Angeles Dodgers
823933,2026-07-03,2026,Regular Season,42,6,top,660271,Shohei Ohtani,823550,Sung-Mun Song,R,L,1,3cc0ad94-ae92-39ef-8556-7db8ffc4673f,Four-Seam Fastball,FF,Ball,Ball,1,0,2,99.2,2401.0,-1.057692953768568,2.5949633478172625,3.189,1.61,,593428,,,,,,,San Diego Padres,Los Angeles Dodgers
823933,2026-07-03,2026,Regular Season,42,6,top,660271,Shohei Ohtani,823550,Sung-Mun Song,R,L,2,5cd78237-1336-3688-88d1-9131a670e014,Four-Seam Fastball,FF,Called Strike,Called Strike,1,1,2,99.5,2424.0,0.1261766652520196,2.230892714452781,3.189,1.61,,593428,,,,,,,San Diego Padres,Los Angeles Dodgers
823933,2026-07-03,2026,Regular Season,42,6,top,660271,Shohei Ohtani,823550,Sung-Mun Song,R,L,3,64caa83c-fca4-32f1-96da-835e3180181a,Four-Seam Fastball,FF,"In play, no out","In play, no out",1,1,2,99.0,2466.0,0.08398808079706566,1.8543311126989812,3.189,1.61,,593428,,Single,0,3,0,false,San Diego Padres,Los Angeles Dodgers
823933,2026-07-03,2026,Regular Season,43,6,top,660271,Shohei Ohtani,660710,Rodolfo Durán,R,R,1,79c05993-a086-3e7b-bd1f-478e2b7b6862,Sweeper,ST,Swinging Strike,Swinging Strike,0,1,2,86.5,2799.0,1.1923474941431327,2.132885103376718,3.031,1.53,823550,,593428,,,,,,San Diego Padres,Los Angeles Dodgers
823933,2026-07-03,2026,Regular Season,43,6,top,660271,Shohei Ohtani,660710,Rodolfo Durán,R,R,2,dea99fa9-12c7-305f-96b8-57b0e9e8a821,Sweeper,ST,Swinging Strike,Swinging Strike,0,2,2,85.3,2855.0,1.006574413570412,1.6026682003221313,3.031,1.53,823550,,593428,,,,,,San Diego Padres,Los Angeles Dodgers
823933,2026-07-03,2026,Regular Season,43,6,top,660271,Shohei Ohtani,660710,Rodolfo Durán,R,R,3,13923c59-ff7b-3064-a0ba-5dbd44868a2d,Sweeper,ST,Ball,Ball,1,2,2,86.1,2898.0,1.9206589202571753,2.2123646169373274,3.031,1.53,823550,,593428,,,,,,San Diego Padres,Los Angeles Dodgers
823933,2026-07-03,2026,Regular Season,43,6,top,660271,Shohei Ohtani,660710,Rodolfo Durán,R,R,4,f5eeb72a-cf9b-366f-91a1-9c004e84a9a7,Four-Seam Fastball,FF,Ball,Ball,2,2,2,99.6,2566.0,1.597651734171074,2.0815735934933466,3.031,1.53,,823550,593428,,,,,,San Diego Padres,Los Angeles Dodgers
823933,2026-07-03,2026,Regular Season,43,6,top,660271,Shohei Ohtani,660710,Rodolfo Durán,R,R,5,4822b06e-0b7a-301b-a1b3-4fa6fcaad8cb,Sweeper,ST,Foul,Foul,2,2,2,86.5,2860.0,1.1669603563170607,2.834596766025007,3.031,1.53,,823550,593428,,,,,,San Diego Padres,Los Angeles Dodgers
823933,2026-07-03,2026,Regular Season,43,6,top,660271,Shohei Ohtani,660710,Rodolfo Durán,R,R,6,006c1ed7-a22f-35b7-b559-a65a5df14c70,Sweeper,ST,Foul,Foul,2,2,2,85.2,2798.0,0.4299037896937628,1.1035055459833063,3.031,1.53,,823550,593428,,,,,,San Diego Padres,Los Angeles Dodgers
823933,2026-07-03,2026,Regular Season,43,6,top,660271,Shohei Ohtani,660710,Rodolfo Durán,R,R,7,d02aea9f-c4be-3701-818b-0f238dd92d6a,Four-Seam Fastball,FF,Foul,Foul,2,2,2,99.5,2377.0,0.9148393668472768,2.823971053473918,3.031,1.53,,823550,593428,,,,,,San Diego Padres,Los Angeles Dodgers
823933,2026-07-03,2026,Regular Season,43,6,top,660271,Shohei Ohtani,660710,Rodolfo Durán,R,R,8,b1907d08-e2df-3dcb-9aab-b35ba8b74a94,Four-Seam Fastball,FF,"In play, out(s)","In play, out(s)",2,2,2,99.5,2484.0,0.7330928757895664,2.6109777858304146,3.031,1.53,,823550,593428,Pop Out,0,3,0,true,San Diego Padres,Los Angeles Dodgers
